Wahl,Ebene,Schlüssel,Bezeichnung,Ebene 1,Ortnummer,Ortname,WB_OSVM,WB_MSVM,WB_A3,Wahlberechtigte,Wähler,Wähler_MWS,Briefwähler,ungültige Stimmzettel,gültige Stimmzettel,gültige Stimmen,CDU,DIE LINKE,SPD,AfD,FDP,NPD,GRÜNE,DSU,PIRATEN,Aufbruch deutscher Patrioten,III. Weg,Blaue #TeamPetry,FREIE WÄHLER,Die Partei,Tierschutzpartei,Wählervereinigungen,Einzelvorschläge,,Wahlbeteiligung,ungültige Stimmzettel in %,gültige Stimmzettel in %,CDU in %,DIE LINKE in %,SPD in %,AfD in %,FDP in %,NPD in %,GRÜNE in %,DSU in %,PIRATEN in %,Aufbruch deutscher Patrioten in %,III. Weg in %,Blaue #TeamPetry in %,FREIE WÄHLER in %,Die Partei in %,Tierschutzpartei in %,Wählervereinigungen in %,Einzelvorschläge in %
GR19,SN,14,Sachsen,KS,14511000,"Chemnitz, Stadt","166,028","30,487",0,"196,515","120,385","28,063","27,893","1,837","118,548","346,690","69,195","58,009","40,357","62,053","25,623",x,"39,908",x,"6,817",x,x,x,x,"10,260",x,"34,468",x,x,61.3,1.5,98.5,20.0,16.7,11.6,17.9,7.4,x,11.5,x,2.0,x,x,x,x,3.0,x,9.9,x
GR19,LK,14521,Erzgebirgskreis,GE,14521010,Amtsberg,"2,630",376,0,"3,006","2,190",351,351,36,"2,154","6,220","2,836",459,859,"1,126",x,x,290,x,x,x,x,x,x,x,x,650,x,x,72.9,1.6,98.4,45.6,7.4,13.8,18.1,x,x,4.7,x,x,x,x,x,x,x,x,10.5,x
GR19,LK,14521,Erzgebirgskreis,GE,14521020,"Annaberg-Buchholz, Stadt","14,506","2,167",0,"16,673","9,762","1,933","1,931",194,"9,568","27,691","5,982","2,708","1,459","5,144",x,x,994,x,x,x,x,x,x,x,x,"11,404",x,x,58.5,2.0,98.0,21.6,9.8,5.3,18.6,x,x,3.6,x,x,x,x,x,x,x,x,41.2,x
GR19,LK,14521,Erzgebirgskreis,GE,14521035,"Aue-Bad Schlema, Stadt","14,749","2,332",0,"17,081","10,287","2,076","2,072",218,"10,069","29,126","6,859","3,178","1,187","3,168",x,"2,493",786,x,x,x,x,x,x,x,x,"11,455",x,x,60.2,2.1,97.9,23.5,10.9,4.1,10.9,x,8.6,2.7,x,x,x,x,x,x,x,x,39.3,x
GR19,LK,14521,Erzgebirgskreis,GE,14521040,Auerbach,"1,840",252,0,"2,092","1,390",233,233,88,"1,302","3,793",578,x,x,x,x,x,x,x,x,x,x,x,x,x,x,"3,215",x,x,66.4,6.3,93.7,15.2,x,x,x,x,x,x,x,x,x,x,x,x,x,x,84.8,x
GR19,LK,14521,Erzgebirgskreis,GE,14521060,Bärenstein,"1,490",439,0,"1,929","1,399",408,408,29,"1,370","4,017",989,x,x,750,x,x,x,x,x,x,x,x,x,x,x,"2,278",x,x,72.5,2.1,97.9,24.6,x,x,18.7,x,x,x,x,x,x,x,x,x,x,x,56.7,x
GR19,LK,14521,Erzgebirgskreis,GE,14521080,Bockau,"1,678",199,0,"1,877","1,283",178,178,44,"1,239","3,580","3,027",x,553,x,x,x,x,x,x,x,x,x,x,x,x,x,x,x,68.4,3.4,96.6,84.6,x,15.4,x,x,x,x,x,x,x,x,x,x,x,x,x,x
GR19,LK,14521,Erzgebirgskreis,GE,14521090,Börnichen/Erzgeb.,719,94,0,813,529,90,90,23,506,"1,490",x,84,x,x,x,x,x,x,x,x,x,x,x,x,x,"1,406",x,x,65.1,4.3,95.7,x,5.6,x,x,x,x,x,x,x,x,x,x,x,x,x,94.4,x
GR19,LK,14521,Erzgebirgskreis,GE,14521110,Breitenbrunn/Erzgeb.,"3,872",556,0,"4,428","2,667",486,482,99,"2,568","7,429","3,922",490,672,x,x,x,175,x,x,x,x,x,x,x,x,"2,170",x,x,60.2,3.7,96.3,52.8,6.6,9.0,x,x,x,2.4,x,x,x,x,x,x,x,x,29.2,x
GR19,LK,14521,Erzgebirgskreis,GE,14521120,Burkhardtsdorf,"4,499",562,0,"5,061","3,295",523,520,85,"3,210","9,303","2,891",568,x,"1,446",x,x,364,x,x,x,x,x,x,x,x,"4,034",x,x,65.1,2.6,97.4,31.1,6.1,x,15.5,x,x,3.9,x,x,x,x,x,x,x,x,43.4,x
GR19,LK,14521,Erzgebirgskreis,GE,14521130,Crottendorf,"3,036",312,0,"3,348","2,381",286,286,91,"2,290","6,564","1,740",x,x,x,x,x,x,x,x,x,x,x,x,x,x,"4,824",x,x,71.1,3.8,96.2,26.5,x,x,x,x,x,x,x,x,x,x,x,x,x,x,73.5,x
GR19,LK,14521,Erzgebirgskreis,GE,14521140,Deutschneudorf,745,93,0,838,565,82,81,19,546,"1,606",x,x,49,x,649,x,x,x,x,x,x,x,x,x,x,908,x,x,67.4,3.4,96.6,x,x,3.1,x,40.4,x,x,x,x,x,x,x,x,x,x,56.5,x
GR19,LK,14521,Erzgebirgskreis,GE,14521150,Drebach,"3,705",511,0,"4,216","2,948",463,463,145,"2,803","8,100","3,895",x,x,x,x,x,474,x,x,x,x,x,x,x,x,"3,731",x,x,69.9,4.9,95.1,48.1,x,x,x,x,x,5.9,x,x,x,x,x,x,x,x,46.1,x
GR19,LK,14521,Erzgebirgskreis,GE,14521160,"Ehrenfriedersdorf, Stadt","3,409",525,0,"3,934","2,548",472,472,69,"2,479","7,085","3,130",685,x,x,x,x,x,x,x,x,x,x,x,x,x,"3,270",x,x,64.8,2.7,97.3,44.2,9.7,x,x,x,x,x,x,x,x,x,x,x,x,x,46.2,x
GR19,LK,14521,Erzgebirgskreis,GE,14521170,"Eibenstock, Stadt","5,594",634,0,"6,228","3,865",620,620,65,"3,800","10,990","4,875",600,"1,358","1,750",x,x,x,x,x,x,x,x,x,x,x,"2,407",x,x,62.1,1.7,98.3,44.4,5.5,12.4,15.9,x,x,x,x,x,x,x,x,x,x,x,21.9,x
GR19,LK,14521,Erzgebirgskreis,GE,14521180,"Elterlein, Stadt","2,132",289,0,"2,421","1,722",191,191,47,"1,675","4,942","1,942",x,x,923,x,x,x,x,x,x,x,x,x,x,x,"2,077",x,x,71.1,2.7,97.3,39.3,x,x,18.7,x,x,x,x,x,x,x,x,x,x,x,42.0,x
GR19,LK,14521,Erzgebirgskreis,GE,14521200,Gelenau/Erzgeb.,"3,158",305,0,"3,463","2,533",288,286,62,"2,471","7,302","3,117",714,x,x,x,x,x,x,x,x,x,x,x,x,x,"3,471",x,x,73.1,2.4,97.6,42.7,9.8,x,x,x,x,x,x,x,x,x,x,x,x,x,47.5,x
GR19,LK,14521,Erzgebirgskreis,GE,14521210,"Geyer, Stadt","2,672",267,0,"2,939","1,941",247,247,48,"1,893","5,421","1,514","1,081",x,x,x,x,x,x,x,x,x,x,x,x,x,"2,826",x,x,66.0,2.5,97.5,27.9,19.9,x,x,x,x,x,x,x,x,x,x,x,x,x,52.1,x
GR19,LK,14521,Erzgebirgskreis,GE,14521220,Gornau/Erzgeb.,"2,836",314,0,"3,150","2,193",294,294,65,"2,128","6,176","3,106",x,399,x,x,x,345,x,x,x,x,x,x,x,x,"2,326",x,x,69.6,3.0,97.0,50.3,x,6.5,x,x,x,5.6,x,x,x,x,x,x,x,x,37.7,x
GR19,LK,14521,Erzgebirgskreis,GE,14521230,Gornsdorf,"1,362",257,0,"1,619","1,052",224,224,42,"1,010","2,896","1,316",549,x,x,x,x,x,x,x,x,x,x,x,x,x,"1,031",x,x,65.0,4.0,96.0,45.4,19.0,x,x,x,x,x,x,x,x,x,x,x,x,x,35.6,x
GR19,LK,14521,Erzgebirgskreis,GE,14521240,Großolbersdorf,"2,054",294,0,"2,348","1,718",283,283,41,"1,677","4,934","1,906",x,498,x,x,x,x,x,x,x,x,x,x,x,x,"2,530",x,x,73.2,2.4,97.6,38.6,x,10.1,x,x,x,x,x,x,x,x,x,x,x,x,51.3,x
GR19,LK,14521,Erzgebirgskreis,GE,14521250,Großrückerswalde,"2,560",216,0,"2,776","2,050",198,197,38,"2,012","5,902","3,010",191,x,x,x,x,x,x,x,x,x,x,x,x,x,"2,701",x,x,73.8,1.9,98.1,51.0,3.2,x,x,x,x,x,x,x,x,x,x,x,x,x,45.8,x
GR19,LK,14521,Erzgebirgskreis,GE,14521260,"Grünhain-Beierfeld, Stadt","4,434",518,0,"4,952","2,992",467,451,93,"2,899","8,350","3,110",611,292,x,x,x,261,x,x,x,x,x,x,x,x,"4,076",x,x,60.4,3.1,96.9,37.2,7.3,3.5,x,x,x,3.1,x,x,x,x,x,x,x,x,48.8,x
GR19,LK,14521,Erzgebirgskreis,GE,14521270,Grünhainichen,"2,474",353,0,"2,827","1,873",330,330,45,"1,828","5,380","1,095",x,x,x,x,x,x,x,x,x,x,x,x,x,x,"4,285",x,x,66.3,2.4,97.6,20.4,x,x,x,x,x,x,x,x,x,x,x,x,x,x,79.6,x
GR19,LK,14521,Erzgebirgskreis,GE,14521280,Heidersdorf,603,60,0,663,441,58,58,15,426,"1,255",x,x,x,x,x,x,x,x,x,x,x,x,x,x,x,"1,255",x,x,66.5,3.4,96.6,x,x,x,x,x,x,x,x,x,x,x,x,x,x,x,100.0,x
GR19,LK,14521,Erzgebirgskreis,GE,14521290,Hohndorf,"2,682",359,0,"3,041","1,885",330,328,53,"1,832","5,319","3,097",x,"1,220","1,002",x,x,x,x,x,x,x,x,x,x,x,x,x,x,62.0,2.8,97.2,58.2,x,22.9,18.8,x,x,x,x,x,x,x,x,x,x,x,x,x
GR19,LK,14521,Erzgebirgskreis,GE,14521310,Jahnsdorf/Erzgeb.,"4,062",497,0,"4,559","3,207",448,447,21,"3,186","9,242","3,742",745,541,"1,266",x,x,x,x,x,x,x,x,x,x,x,"2,948",x,x,70.3,0.7,99.3,40.5,8.1,5.9,13.7,x,x,x,x,x,x,x,x,x,x,x,31.9,x
GR19,LK,14521,Erzgebirgskreis,GE,14521320,"Johanngeorgenstadt, Stadt","2,958",441,0,"3,399","1,933",385,385,64,"1,869","5,469","1,297",693,"1,803",x,x,x,171,x,x,x,x,x,x,x,x,"1,505",x,x,56.9,3.3,96.7,23.7,12.7,33.0,x,x,x,3.1,x,x,x,x,x,x,x,x,27.5,x
GR19,LK,14521,Erzgebirgskreis,GE,14521330,"Jöhstadt, Stadt","2,030",199,0,"2,229","1,595",191,191,37,"1,558","4,476","3,271",x,x,812,x,x,393,x,x,x,x,x,x,x,x,x,x,x,71.6,2.3,97.7,73.1,x,x,18.1,x,x,8.8,x,x,x,x,x,x,x,x,x,x
GR19,LK,14521,Erzgebirgskreis,GE,14521340,Königswalde,"1,535",240,0,"1,775","1,343",225,225,43,"1,300","3,831","1,363",x,x,x,x,x,x,x,x,x,x,x,x,x,x,"2,468",x,x,75.7,3.2,96.8,35.6,x,x,x,x,x,x,x,x,x,x,x,x,x,x,64.4,x
GR19,LK,14521,Erzgebirgskreis,GE,14521355,"Lauter-Bernsbach, Stadt","6,234","1,028",0,"7,262","4,556",906,906,108,"4,448","12,899","3,299","2,186",x,"2,867",x,x,x,x,x,x,x,x,x,x,x,"4,547",x,x,62.7,2.4,97.6,25.6,16.9,x,22.2,x,x,x,x,x,x,x,x,x,x,x,35.3,x
GR19,LK,14521,Erzgebirgskreis,GE,14521370,"Lößnitz, Stadt","6,100",860,0,"6,960","4,290",829,828,97,"4,193","12,072","3,770","1,676","1,081","2,156",x,x,x,x,x,x,x,x,x,x,x,"3,389",x,x,61.6,2.3,97.7,31.2,13.9,9.0,17.9,x,x,x,x,x,x,x,x,x,x,x,28.1,x
GR19,LK,14521,Erzgebirgskreis,GE,14521380,"Lugau/Erzgeb., Stadt","5,961",796,0,"6,757","4,175",727,727,115,"4,060","11,630","2,530","1,828",x,"1,835",x,x,387,x,x,x,x,x,x,x,x,"5,050",x,x,61.8,2.8,97.2,21.8,15.7,x,15.8,x,x,3.3,x,x,x,x,x,x,x,x,43.4,x
GR19,LK,14521,Erzgebirgskreis,GE,14521390,"Marienberg, Stadt","12,508","1,670",0,"14,178","8,862","1,507","1,507",246,"8,616","24,408","4,531","2,236","1,287","2,193",x,x,"1,305",x,x,x,x,x,x,x,x,"12,856",x,x,62.5,2.8,97.2,18.6,9.2,5.3,9.0,x,x,5.3,x,x,x,x,x,x,x,x,52.7,x
GR19,LK,14521,Erzgebirgskreis,GE,14521400,Mildenau,"2,582",230,0,"2,812","2,078",215,214,92,"1,986","5,790","2,648",x,x,x,x,x,x,x,x,x,x,x,x,x,x,"3,142",x,x,73.9,4.4,95.6,45.7,x,x,x,x,x,x,x,x,x,x,x,x,x,x,54.3,x
GR19,LK,14521,Erzgebirgskreis,GE,14521410,Neukirchen/Erzgeb.,"4,753",937,0,"5,690","3,850",843,842,53,"3,797","10,882","2,383","1,068",645,"2,062",x,x,x,x,x,x,x,x,x,x,x,"4,724",x,x,67.7,1.4,98.6,21.9,9.8,5.9,18.9,x,x,x,x,x,x,x,x,x,x,x,43.4,x
GR19,LK,14521,Erzgebirgskreis,GE,14521420,Niederdorf,908,112,0,"1,020",753,106,106,17,736,"2,166",979,x,x,x,x,x,156,x,x,x,x,x,x,x,x,"1,031",x,x,73.8,2.3,97.7,45.2,x,x,x,x,x,7.2,x,x,x,x,x,x,x,x,47.6,x
GR19,LK,14521,Erzgebirgskreis,GE,14521430,Niederwürschnitz,"1,954",255,0,"2,209","1,490",246,246,21,"1,469","4,267","1,513",533,128,615,x,x,x,x,x,x,x,x,x,x,x,"1,478",x,x,67.5,1.4,98.6,35.5,12.5,3.0,14.4,x,x,x,x,x,x,x,x,x,x,x,34.6,x
GR19,LK,14521,Erzgebirgskreis,GE,14521440,"Oberwiesenthal, Kurort, Stadt","1,530",299,0,"1,829","1,307",279,246,40,"1,267","3,712","1,317",x,x,x,884,x,x,x,x,x,x,x,x,x,x,"1,511",x,x,71.5,3.1,96.9,35.5,x,x,x,23.8,x,x,x,x,x,x,x,x,x,x,40.7,x
GR19,LK,14521,Erzgebirgskreis,GE,14521450,"Oelsnitz/Erzgeb., Stadt","8,480",831,0,"9,311","5,387",776,776,109,"5,278","15,134","4,066","1,885","1,499","3,127",x,x,x,x,x,x,x,x,x,x,x,"4,557",x,x,57.9,2.0,98.0,26.9,12.5,9.9,20.7,x,x,x,x,x,x,x,x,x,x,x,30.1,x
GR19,LK,14521,Erzgebirgskreis,GE,14521460,"Olbernhau, Stadt","8,607",865,0,"9,472","6,176",830,668,130,"6,046","17,653","5,298","1,182","2,895","2,642","2,337",x,300,x,x,x,x,x,x,x,x,"2,999",x,x,65.2,2.1,97.9,30.0,6.7,16.4,15.0,13.2,x,1.7,x,x,x,x,x,x,x,x,17.0,x
GR19,LK,14521,Erzgebirgskreis,GE,14521495,"Pockau-Lengefeld, Stadt","5,623",643,0,"6,266","3,883",594,594,124,"3,759","10,779","4,122",947,496,"1,924",472,x,x,x,x,x,x,x,x,x,x,"2,818",x,x,62.0,3.2,96.8,38.2,8.8,4.6,17.8,4.4,x,x,x,x,x,x,x,x,x,x,26.1,x
GR19,LK,14521,Erzgebirgskreis,GE,14521500,Raschau-Markersbach,"3,787",515,0,"4,302","2,744",431,431,74,"2,670","7,776","2,732",811,x,x,x,x,x,x,x,x,x,x,x,x,x,"4,233",x,x,63.8,2.7,97.3,35.1,10.4,x,x,x,x,x,x,x,x,x,x,x,x,x,54.4,x
GR19,LK,14521,Erzgebirgskreis,GE,14521510,"Scheibenberg, Stadt","1,556",197,0,"1,753","1,273",178,178,44,"1,229","3,579",714,x,x,x,x,x,x,x,x,x,x,x,x,x,x,"2,865",x,x,72.6,3.5,96.5,19.9,x,x,x,x,x,x,x,x,x,x,x,x,x,x,80.1,x
GR19,LK,14521,Erzgebirgskreis,GE,14521520,"Schlettau, Stadt","1,813",148,0,"1,961","1,343",136,136,72,"1,271","3,697","1,305",x,x,x,x,x,x,x,x,x,x,x,x,x,x,"2,392",x,x,68.5,5.4,94.6,35.3,x,x,x,x,x,x,x,x,x,x,x,x,x,x,64.7,x
GR19,LK,14521,Erzgebirgskreis,GE,14521530,"Schneeberg, Stadt","10,094","1,633",1,"11,728","7,147","1,529","1,529",170,"6,977","20,318","6,843","1,905",467,"2,471",385,x,492,x,x,x,x,x,x,x,x,"7,755",x,x,60.9,2.4,97.6,33.7,9.4,2.3,12.2,1.9,x,2.4,x,x,x,x,x,x,x,x,38.2,x
GR19,LK,14521,Erzgebirgskreis,GE,14521540,Schönheide,"3,106",659,0,"3,765","2,465",595,595,66,"2,399","7,014","2,579",x,728,"1,047",651,x,x,x,x,x,x,x,x,x,x,"2,009",x,x,65.5,2.7,97.3,36.8,x,10.4,14.9,9.3,x,x,x,x,x,x,x,x,x,x,28.6,x
GR19,LK,14521,Erzgebirgskreis,GE,14521550,"Schwarzenberg/Erzgeb., Stadt","12,621","1,600",0,"14,221","8,603","1,470","1,466",195,"8,408","23,957","7,961","3,102",649,"4,211","1,152",x,"1,574",x,x,x,x,x,x,x,x,"5,308",x,x,60.5,2.3,97.7,33.2,12.9,2.7,17.6,4.8,x,6.6,x,x,x,x,x,x,x,x,22.2,x
GR19,LK,14521,Erzgebirgskreis,GE,14521560,Sehmatal,"4,765",533,0,"5,298","3,554",495,495,69,"3,485","10,133","2,789",472,x,"1,639",x,x,300,x,x,x,x,x,x,x,x,"4,933",x,x,67.1,1.9,98.1,27.5,4.7,x,16.2,x,x,3.0,x,x,x,x,x,x,x,x,48.7,x
GR19,LK,14521,Erzgebirgskreis,GE,14521570,"Seiffen/Erzgeb., Kurort","1,511",324,0,"1,835","1,230",314,314,30,"1,200","3,543","2,239",x,x,x,635,x,x,x,x,x,x,x,x,x,x,669,x,x,67.0,2.4,97.6,63.2,x,x,x,17.9,x,x,x,x,x,x,x,x,x,x,18.9,x
GR19,LK,14521,Erzgebirgskreis,GE,14521590,"Stollberg/Erzgeb., Stadt","8,445",984,0,"9,429","5,576",910,790,131,"5,445","15,552","3,750","1,957",x,"2,563",x,x,x,x,x,x,x,x,x,x,x,"7,282",x,x,59.1,2.3,97.7,24.1,12.6,x,16.5,x,x,x,x,x,x,x,x,x,x,x,46.8,x
GR19,LK,14521,Erzgebirgskreis,GE,14521600,Stützengrün,"2,407",246,0,"2,653","1,895",240,240,51,"1,844","5,342","2,519",x,x,x,"1,405",x,x,x,x,x,x,x,x,x,x,"1,418",x,x,71.4,2.7,97.3,47.2,x,x,x,26.3,x,x,x,x,x,x,x,x,x,x,26.5,x
GR19,LK,14521,Erzgebirgskreis,GE,14521610,Tannenberg,838,82,0,920,713,81,81,27,686,"2,037",550,x,x,x,x,x,x,x,x,x,x,x,x,x,x,"1,487",x,x,77.5,3.8,96.2,27.0,x,x,x,x,x,x,x,x,x,x,x,x,x,x,73.0,x
GR19,LK,14521,Erzgebirgskreis,GE,14521620,"Thalheim/Erzgeb., Stadt","4,702",526,0,"5,228","3,276",454,454,81,"3,195","9,339","2,743","1,178",x,"1,558",x,x,x,x,x,x,x,x,x,x,x,"3,860",x,x,62.7,2.5,97.5,29.4,12.6,x,16.7,x,x,x,x,x,x,x,x,x,x,x,41.3,x
GR19,LK,14521,Erzgebirgskreis,GE,14521630,Thermalbad Wiesenbad,"2,431",245,0,"2,676","1,883",226,223,54,"1,829","5,371","2,026",x,x,x,x,x,x,x,x,x,x,x,x,x,x,"3,345",x,x,70.4,2.9,97.1,37.7,x,x,x,x,x,x,x,x,x,x,x,x,x,x,62.3,x
GR19,LK,14521,Erzgebirgskreis,GE,14521640,"Thum, Stadt","3,777",491,0,"4,268","2,941",471,471,63,"2,878","8,466","2,533",534,x,"1,152",x,x,x,x,x,x,x,x,x,x,x,"4,247",x,x,68.9,2.1,97.9,29.9,6.3,x,13.6,x,x,x,x,x,x,x,x,x,x,x,50.2,x
GR19,LK,14521,Erzgebirgskreis,GE,14521670,"Wolkenstein, Stadt","2,918",318,0,"3,236","2,143",281,281,79,"2,064","5,990","1,686",x,695,x,x,x,282,x,x,x,x,x,x,x,x,"3,327",x,x,66.2,3.7,96.3,28.1,x,11.6,x,x,x,4.7,x,x,x,x,x,x,x,x,55.5,x
GR19,LK,14521,Erzgebirgskreis,GE,14521690,"Zschopau, Stadt","6,660","1,078",0,"7,738","4,676","1,003","1,000",141,"4,535","12,989","1,810","1,910",378,x,836,x,"1,554",x,x,x,x,x,x,x,x,"6,501",x,x,60.4,3.0,97.0,13.9,14.7,2.9,x,6.4,x,12.0,x,x,x,x,x,x,x,x,50.1,x
GR19,LK,14521,Erzgebirgskreis,GE,14521700,Zschorlau,"3,797",660,0,"4,457","3,006",585,585,86,"2,920","8,498","5,624",x,954,x,x,x,x,x,x,x,x,x,x,x,x,"1,920",x,x,67.4,2.9,97.1,66.2,x,11.2,x,x,x,x,x,x,x,x,x,x,x,x,22.6,x
GR19,LK,14521,Erzgebirgskreis,GE,14521710,"Zwönitz, Stadt","8,923","1,152",0,"10,075","6,680","1,076","1,076",128,"6,552","18,925","9,431","2,136","1,141","3,064",x,x,x,x,x,x,x,x,x,x,x,"3,153",x,x,66.3,1.9,98.1,49.8,11.3,6.0,16.2,x,x,x,x,x,x,x,x,x,x,x,16.7,x
GR19,LK,14522,Mittelsachsen,GE,14522010,Altmittweida,"1,439",146,0,"1,585","1,078",143,143,19,"1,059","3,058","1,388",319,240,651,229,x,x,x,x,x,x,x,x,x,x,231,x,x,68.0,1.8,98.2,45.4,10.4,7.8,21.3,7.5,x,x,x,x,x,x,x,x,x,x,7.6,x
GR19,LK,14522,Mittelsachsen,GE,14522020,"Augustusburg, Stadt","3,333",493,0,"3,826","2,609",465,465,82,"2,527","7,429","1,058",602,x,x,x,x,x,x,x,x,x,x,x,x,x,"5,769",x,x,68.2,3.1,96.9,14.2,8.1,x,x,x,x,x,x,x,x,x,x,x,x,x,77.7,x
GR19,LK,14522,Mittelsachsen,GE,14522035,Bobritzsch-Hilbersdorf,"4,099",552,0,"4,651","3,239",528,528,51,"3,188","9,323","3,008",583,x,"2,024",x,x,x,x,x,x,x,x,x,x,x,"3,708",x,x,69.6,1.6,98.4,32.3,6.3,x,21.7,x,x,x,x,x,x,x,x,x,x,x,39.8,x
GR19,LK,14522,Mittelsachsen,GE,14522050,"Brand-Erbisdorf, Stadt","6,746","1,187",0,"7,933","4,416","1,044","1,041",158,"4,258","12,174","5,252","1,839",321,x,x,x,x,x,x,x,x,x,x,x,x,"4,762",x,x,55.7,3.6,96.4,43.1,15.1,2.6,x,x,x,x,x,x,x,x,x,x,x,x,39.1,x
GR19,LK,14522,Mittelsachsen,GE,14522060,"Burgstädt, Stadt","7,894","1,057",0,"8,951","5,556",956,954,118,"5,438","15,993",x,"1,144",x,"2,294",x,x,x,x,x,x,x,x,x,x,x,"12,555",x,x,62.1,2.1,97.9,x,7.2,x,14.3,x,x,x,x,x,x,x,x,x,x,x,78.5,x
GR19,LK,14522,Mittelsachsen,GE,14522070,Claußnitz,"2,283",202,0,"2,485","1,752",189,189,36,"1,716","4,952","1,033",x,597,x,x,x,x,x,x,x,x,x,x,x,x,"3,322",x,x,70.5,2.1,97.9,20.9,x,12.1,x,x,x,x,x,x,x,x,x,x,x,x,67.1,x
GR19,LK,14522,Mittelsachsen,GE,14522080,"Döbeln, Stadt","17,151","2,595",0,"19,746","11,672","2,287","2,283",264,"11,408","33,245","10,318","2,701","3,869","6,683","2,538",673,"1,198",x,x,x,x,x,x,x,x,"5,265",x,x,59.1,2.3,97.7,31.0,8.1,11.6,20.1,7.6,2.0,3.6,x,x,x,x,x,x,x,x,15.8,x
GR19,LK,14522,Mittelsachsen,GE,14522090,Dorfchemnitz,"1,156",109,0,"1,265",871,97,97,17,854,"2,505",994,x,x,x,x,x,x,x,x,x,x,x,x,x,x,"1,511",x,x,68.9,2.0,98.0,39.7,x,x,x,x,x,x,x,x,x,x,x,x,x,x,60.3,x
GR19,LK,14522,Mittelsachsen,GE,14522110,Eppendorf,"2,886",527,0,"3,413","2,273",491,491,66,"2,207","6,384","1,659",258,"1,075","1,029",x,x,113,x,x,x,x,x,x,x,x,"2,250",x,x,66.6,2.9,97.1,26.0,4.0,16.8,16.1,x,x,1.8,x,x,x,x,x,x,x,x,35.2,x
GR19,LK,14522,Mittelsachsen,GE,14522120,Erlau,"2,430",253,0,"2,683","1,888",238,238,40,"1,848","5,432","1,299",x,x,478,x,x,147,x,x,x,x,x,x,x,x,"3,508",x,x,70.4,2.1,97.9,23.9,x,x,8.8,x,x,2.7,x,x,x,x,x,x,x,x,64.6,x
GR19,LK,14522,Mittelsachsen,GE,14522140,"Flöha, Stadt","7,812","1,206",0,"9,018","5,647","1,144","1,137",97,"5,550","15,911","6,016","2,634","1,298","4,438","1,525",x,x,x,x,x,x,x,x,x,x,x,x,x,62.6,1.7,98.3,37.8,16.6,8.2,27.9,9.6,x,x,x,x,x,x,x,x,x,x,x,x
GR19,LK,14522,Mittelsachsen,GE,14522150,"Frankenberg/Sa., Stadt","10,442","1,455",0,"11,897","7,100","1,305","1,300",146,"6,954","20,065","9,266","2,165","1,544","4,227",x,x,x,x,x,x,x,x,x,x,x,"2,863",x,x,59.7,2.1,97.9,46.2,10.8,7.7,21.1,x,x,x,x,x,x,x,x,x,x,x,14.3,x
GR19,LK,14522,Mittelsachsen,GE,14522170,"Frauenstein, Stadt","2,040",267,0,"2,307","1,631",241,241,47,"1,584","4,515","1,787",473,x,x,x,x,x,x,x,x,x,x,x,x,x,"2,255",x,x,70.7,2.9,97.1,39.6,10.5,x,x,x,x,x,x,x,x,x,x,x,x,x,49.9,x
GR19,LK,14522,Mittelsachsen,GE,14522180,"Freiberg, Stadt, Universitätsstadt","27,106","5,248",0,"32,354","19,930","4,949","4,937",284,"19,646","57,275","11,860","8,397","6,039","12,417","3,389",x,"4,749",x,x,x,x,x,x,x,x,"10,424",x,x,61.6,1.4,98.6,20.7,14.7,10.5,21.7,5.9,x,8.3,x,x,x,x,x,x,x,x,18.2,x
GR19,LK,14522,Mittelsachsen,GE,14522190,"Geringswalde, Stadt","3,064",499,0,"3,563","2,259",447,447,45,"2,214","6,492","1,363","1,077",311,x,901,x,405,x,x,x,x,x,x,x,x,"2,435",x,x,63.4,2.0,98.0,21.0,16.6,4.8,x,13.9,x,6.2,x,x,x,x,x,x,x,x,37.5,x
GR19,LK,14522,Mittelsachsen,GE,14522200,Großhartmannsdorf,"1,830",234,0,"2,064","1,564",225,225,42,"1,522","4,468","2,189",x,375,x,x,x,x,x,x,x,x,x,x,x,x,"1,904",x,x,75.8,2.7,97.3,49.0,x,8.4,x,x,x,x,x,x,x,x,x,x,x,x,42.6,x
GR19,LK,14522,Mittelsachsen,GE,14522210,"Großschirma, Stadt","4,020",579,0,"4,599","3,150",522,522,53,"3,097","9,092",831,218,x,"2,955",x,x,x,x,x,x,x,x,x,x,x,"5,088",x,x,68.5,1.7,98.3,9.1,2.4,x,32.5,x,x,x,x,x,x,x,x,x,x,x,56.0,x
GR19,LK,14522,Mittelsachsen,GE,14522220,Großweitzschen,"1,987",256,0,"2,243","1,484",229,229,40,"1,444","4,234","1,332",274,x,x,x,x,x,x,x,x,x,x,x,x,x,"2,628",x,x,66.2,2.7,97.3,31.5,6.5,x,x,x,x,x,x,x,x,x,x,x,x,x,62.1,x
GR19,LK,14522,Mittelsachsen,GE,14522230,"Hainichen, Stadt","6,273",775,0,"7,048","4,291",709,709,88,"4,203","12,217","3,425","1,028","2,908","2,055",x,x,310,x,x,x,x,x,x,x,x,"2,491",x,x,60.9,2.1,97.9,28.0,8.4,23.8,16.8,x,x,2.5,x,x,x,x,x,x,x,x,20.4,x
GR19,LK,14522,Mittelsachsen,GE,14522240,Halsbrücke,"3,737",432,0,"4,169","2,936",392,392,53,"2,883","8,404","2,581",791,x,"2,081",x,x,x,x,x,x,x,x,x,x,x,"2,951",x,x,70.4,1.8,98.2,30.7,9.4,x,24.8,x,x,x,x,x,x,x,x,x,x,x,35.1,x
GR19,LK,14522,Mittelsachsen,GE,14522250,"Hartha, Stadt","5,199",761,0,"5,960","3,477",662,662,134,"3,343","9,608","4,246","1,197",x,x,x,x,x,x,x,x,x,x,x,x,x,"4,165",x,x,58.3,3.9,96.1,44.2,12.5,x,x,x,x,x,x,x,x,x,x,x,x,x,43.3,x
GR19,LK,14522,Mittelsachsen,GE,14522260,Hartmannsdorf,"3,384",399,0,"3,783","2,530",366,364,46,"2,484","7,255","3,599",577,x,894,x,x,x,x,x,x,x,x,x,x,x,"2,185",x,x,66.9,1.8,98.2,49.6,8.0,x,12.3,x,x,x,x,x,x,x,x,x,x,x,30.1,x
GR19,LK,14522,Mittelsachsen,GE,14522280,Königsfeld,"1,108",92,0,"1,200",818,82,82,12,806,"2,339",270,x,x,241,x,x,x,x,x,x,x,x,x,x,x,"1,828",x,x,68.2,1.5,98.5,11.5,x,x,10.3,x,x,x,x,x,x,x,x,x,x,x,78.2,x
GR19,LK,14522,Mittelsachsen,GE,14522290,Königshain-Wiederau,"1,908",211,0,"2,119","1,468",195,195,39,"1,429","4,149","2,540",472,x,849,x,x,288,x,x,x,x,x,x,x,x,x,x,x,69.3,2.7,97.3,61.2,11.4,x,20.5,x,x,6.9,x,x,x,x,x,x,x,x,x,x
GR19,LK,14522,Mittelsachsen,GE,14522300,Kriebstein,"1,573",197,0,"1,770","1,202",173,173,49,"1,153","3,328","1,107",242,x,x,x,x,x,x,x,x,x,x,x,x,x,"1,979",x,x,67.9,4.1,95.9,33.3,7.3,x,x,x,x,x,x,x,x,x,x,x,x,x,59.5,x
GR19,LK,14522,Mittelsachsen,GE,14522310,"Leisnig, Stadt","6,010",905,0,"6,915","4,335",831,831,134,"4,201","12,028","4,269","2,029","1,881",x,x,x,718,x,x,x,x,x,x,x,x,"3,131",x,x,62.7,3.1,96.9,35.5,16.9,15.6,x,x,x,6.0,x,x,x,x,x,x,x,x,26.0,x
GR19,LK,14522,Mittelsachsen,GE,14522320,Leubsdorf,"2,507",245,0,"2,752","1,828",220,220,72,"1,756","4,985","4,015",x,x,x,x,x,x,x,x,x,x,x,x,x,x,970,x,x,66.4,3.9,96.1,80.5,x,x,x,x,x,x,x,x,x,x,x,x,x,x,19.5,x
GR19,LK,14522,Mittelsachsen,GE,14522330,Lichtenau,"5,131",784,0,"5,915","4,219",722,720,77,"4,142","12,042","3,590","1,435",x,"2,433",x,x,621,x,x,x,x,x,x,x,x,"3,963",x,x,71.3,1.8,98.2,29.8,11.9,x,20.2,x,x,5.2,x,x,x,x,x,x,x,x,32.9,x
GR19,LK,14522,Mittelsachsen,GE,14522340,Lichtenberg/Erzgeb.,"1,823",355,0,"2,178","1,429",337,337,33,"1,396","4,110","1,610",x,x,x,x,x,x,x,x,x,x,x,x,x,x,"2,500",x,x,65.6,2.3,97.7,39.2,x,x,x,x,x,x,x,x,x,x,x,x,x,x,60.8,x
GR19,LK,14522,Mittelsachsen,GE,14522350,"Lunzenau, Stadt","3,114",391,0,"3,505","2,228",374,374,81,"2,147","6,165","2,512",553,x,x,x,x,x,x,x,x,x,x,x,x,x,"3,100",x,x,63.6,3.6,96.4,40.7,9.0,x,x,x,x,x,x,x,x,x,x,x,x,x,50.3,x
GR19,LK,14522,Mittelsachsen,GE,14522360,"Mittweida, Stadt, Hochschulstadt","10,671","1,444",0,"12,115","7,362","1,354","1,314",208,"7,154","20,708","8,397","3,627","1,279","4,711","1,348",x,"1,346",x,x,x,x,x,x,x,x,x,x,x,60.8,2.8,97.2,40.5,17.5,6.2,22.7,6.5,x,6.5,x,x,x,x,x,x,x,x,x,x
GR19,LK,14522,Mittelsachsen,GE,14522380,Mühlau,"1,460",287,0,"1,747","1,259",270,270,44,"1,215","3,587",x,x,x,x,x,x,x,x,x,x,x,x,x,x,x,"3,587",x,x,72.1,3.5,96.5,x,x,x,x,x,x,x,x,x,x,x,x,x,x,x,100.0,x
GR19,LK,14522,Mittelsachsen,GE,14522390,Mulda/Sa.,"1,830",201,0,"2,031","1,385",183,183,30,"1,355","3,932","1,627",x,x,x,278,x,x,x,x,x,x,x,x,x,x,"2,027",x,x,68.2,2.2,97.8,41.4,x,x,x,7.1,x,x,x,x,x,x,x,x,x,x,51.6,x
GR19,LK,14522,Mittelsachsen,GE,14522400,Neuhausen/Erzgeb.,"1,864",353,0,"2,217","1,411",316,315,38,"1,373","4,051","1,153",x,x,391,x,x,x,x,x,x,x,x,x,x,x,"2,507",x,x,63.6,2.7,97.3,28.5,x,x,9.7,x,x,x,x,x,x,x,x,x,x,x,61.9,x
GR19,LK,14522,Mittelsachsen,GE,14522420,Niederwiesa,"3,503",666,0,"4,169","2,847",611,611,67,"2,780","8,041",539,x,174,918,x,x,526,x,x,x,x,x,x,x,x,"5,884",x,x,68.3,2.4,97.6,6.7,x,2.2,11.4,x,x,6.5,x,x,x,x,x,x,x,x,73.2,x
GR19,LK,14522,Mittelsachsen,GE,14522430,Oberschöna,"2,355",333,0,"2,688","2,011",315,315,25,"1,986","5,758","2,382",374,x,"1,072",x,x,435,x,x,x,x,x,x,x,x,"1,495",x,x,74.8,1.2,98.8,41.4,6.5,x,18.6,x,x,7.6,x,x,x,x,x,x,x,x,26.0,x
GR19,LK,14522,Mittelsachsen,GE,14522440,"Oederan, Stadt","5,991",691,0,"6,682","4,600",662,662,99,"4,501","13,140","3,021","1,186",x,"3,059",x,x,x,x,x,x,x,x,x,x,x,"5,874",x,x,68.8,2.2,97.8,23.0,9.0,x,23.3,x,x,x,x,x,x,x,x,x,x,x,44.7,x
GR19,LK,14522,Mittelsachsen,GE,14522450,Ostrau,"2,622",326,0,"2,948","1,745",298,298,71,"1,674","4,789",993,929,126,x,x,x,142,x,x,x,x,x,x,x,x,"2,599",x,x,59.2,4.1,95.9,20.7,19.4,2.6,x,x,x,3.0,x,x,x,x,x,x,x,x,54.3,x
GR19,LK,14522,Mittelsachsen,GE,14522460,"Penig, Stadt","6,525",945,0,"7,470","4,733",887,883,112,"4,621","13,252","4,934","2,122",x,x,x,x,x,x,x,x,x,x,x,x,x,"6,196",x,x,63.4,2.4,97.6,37.2,16.0,x,x,x,x,x,x,x,x,x,x,x,x,x,46.8,x
GR19,LK,14522,Mittelsachsen,GE,14522470,Rechenberg-Bienenmühle,"1,332",256,0,"1,588","1,155",229,229,18,"1,137","3,330",301,x,x,574,536,x,x,x,x,x,x,x,x,x,x,"1,919",x,x,72.7,1.6,98.4,9.0,x,x,17.2,16.1,x,x,x,x,x,x,x,x,x,x,57.6,x
GR19,LK,14522,Mittelsachsen,GE,14522480,Reinsberg,"2,011",282,0,"2,293","1,576",255,255,63,"1,513","4,351","1,672",553,x,x,x,x,x,x,x,x,x,x,x,x,x,"2,126",x,x,68.7,4.0,96.0,38.4,12.7,x,x,x,x,x,x,x,x,x,x,x,x,x,48.9,x
GR19,LK,14522,Mittelsachsen,GE,14522490,"Rochlitz, Stadt","4,032",860,0,"4,892","3,114",800,799,82,"3,032","8,775","2,771","1,373",664,x,"1,459",x,x,x,x,x,x,x,x,x,x,"2,508",x,x,63.7,2.6,97.4,31.6,15.6,7.6,x,16.6,x,x,x,x,x,x,x,x,x,x,28.6,x
GR19,LK,14522,Mittelsachsen,GE,14522500,Rossau,"2,640",242,0,"2,882","1,924",224,224,53,"1,871","5,410","1,507",394,126,x,x,x,x,x,x,x,x,x,x,x,x,"3,383",x,x,66.8,2.8,97.2,27.9,7.3,2.3,x,x,x,x,x,x,x,x,x,x,x,x,62.5,x
GR19,LK,14522,Mittelsachsen,GE,14522510,"Roßwein, Stadt","5,575",751,0,"6,326","3,743",691,691,75,"3,668","10,686","3,965","1,673","1,258","1,937",x,x,331,x,x,x,x,x,x,x,x,"1,522",x,x,59.2,2.0,98.0,37.1,15.7,11.8,18.1,x,x,3.1,x,x,x,x,x,x,x,x,14.2,x
GR19,LK,14522,Mittelsachsen,GE,14522520,"Sayda, Stadt","1,289",209,0,"1,498",960,189,189,51,909,"2,675",x,x,x,x,x,x,x,x,x,x,x,x,x,x,x,"2,675",x,x,64.1,5.3,94.7,x,x,x,x,x,x,x,x,x,x,x,x,x,x,x,100.0,x
GR19,LK,14522,Mittelsachsen,GE,14522530,Seelitz,"1,255",197,0,"1,452",994,174,173,19,975,"2,819",257,323,x,400,x,x,x,x,x,x,x,x,x,x,x,"1,839",x,x,68.5,1.9,98.1,9.1,11.5,x,14.2,x,x,x,x,x,x,x,x,x,x,x,65.2,x
GR19,LK,14522,Mittelsachsen,GE,14522540,Striegistal,"3,514",295,0,"3,809","2,541",257,257,102,"2,439","7,073","1,544",x,x,x,x,x,256,x,x,x,x,x,x,x,x,"5,273",x,x,66.7,4.0,96.0,21.8,x,x,x,x,x,3.6,x,x,x,x,x,x,x,x,74.6,x
GR19,LK,14522,Mittelsachsen,GE,14522550,Taura,"1,728",241,0,"1,969","1,228",212,212,51,"1,177","3,413",953,x,x,x,x,x,x,x,x,x,x,x,x,x,x,"2,460",x,x,62.4,4.2,95.8,27.9,x,x,x,x,x,x,x,x,x,x,x,x,x,x,72.1,x
GR19,LK,14522,Mittelsachsen,GE,14522570,"Waldheim, Stadt","6,432",885,0,"7,317","4,342",792,791,83,"4,259","12,507","3,713","2,366","1,066","2,178","3,044",140,x,x,x,x,x,x,x,x,x,x,x,x,59.3,1.9,98.1,29.7,18.9,8.5,17.4,24.3,1.1,x,x,x,x,x,x,x,x,x,x,x
GR19,LK,14522,Mittelsachsen,GE,14522580,Wechselburg,"1,380",146,0,"1,526","1,124",136,136,41,"1,083","3,156","1,136",x,x,364,x,x,x,x,x,x,x,x,x,x,x,"1,656",x,x,73.7,3.6,96.4,36.0,x,x,11.5,x,x,x,x,x,x,x,x,x,x,x,52.5,x
GR19,LK,14522,Mittelsachsen,GE,14522590,Weißenborn/Erzgeb.,"1,840",181,0,"2,021","1,393",165,165,43,"1,350","3,946",418,x,x,x,x,x,x,x,x,x,x,x,x,x,x,"3,528",x,x,68.9,3.1,96.9,10.6,x,x,x,x,x,x,x,x,x,x,x,x,x,x,89.4,x
GR19,LK,14522,Mittelsachsen,GE,14522600,Zettlitz,528,81,0,609,382,79,78,7,375,"1,090",x,162,x,x,x,x,x,x,x,x,x,x,x,x,x,928,x,x,62.7,1.8,98.2,x,14.9,x,x,x,x,x,x,x,x,x,x,x,x,x,85.1,x
GR19,LK,14522,Mittelsachsen,GE,14522620,Zschaitz-Ottewig,"1,000",103,0,"1,103",717,90,90,23,694,"1,663",x,x,x,x,x,x,x,x,x,x,x,x,x,x,x,"1,658",5,x,65.0,3.2,96.8,x,x,x,x,x,x,x,x,x,x,x,x,x,x,x,99.7,0.3
GR19,LK,14523,Vogtlandkreis,GE,14523010,"Adorf/Vogtl., Stadt","3,786",367,0,"4,153","2,385",321,320,60,"2,325","6,758","2,241","1,023","1,043",x,x,x,x,x,x,x,x,x,x,x,x,"2,451",x,x,57.4,2.5,97.5,33.2,15.1,15.4,x,x,x,x,x,x,x,x,x,x,x,x,36.3,x
GR19,LK,14523,Vogtlandkreis,GE,14523020,"Auerbach/Vogtl., Stadt","13,850","1,653",0,"15,503","8,820","1,470","1,470",199,"8,621","24,738","8,747","3,331","2,817","4,752","1,114",x,x,x,x,x,x,x,x,x,x,"3,977",x,x,56.9,2.3,97.7,35.4,13.5,11.4,19.2,4.5,x,x,x,x,x,x,x,x,x,x,16.1,x
GR19,LK,14523,Vogtlandkreis,GE,14523030,Bad Brambach,"1,336",221,0,"1,557","1,098",215,215,27,"1,071","3,164",886,x,x,x,286,x,x,x,x,x,x,x,x,x,x,"1,992",x,x,70.5,2.5,97.5,28.0,x,x,x,9.0,x,x,x,x,x,x,x,x,x,x,63.0,x
GR19,LK,14523,Vogtlandkreis,GE,14523040,"Bad Elster, Stadt","2,658",415,0,"3,073","1,947",384,382,46,"1,901","5,532","1,312",452,539,x,x,x,x,x,x,x,x,x,x,x,x,"3,229",x,x,63.4,2.4,97.6,23.7,8.2,9.7,x,x,x,x,x,x,x,x,x,x,x,x,58.4,x
GR19,LK,14523,Vogtlandkreis,GE,14523050,Bergen,736,92,0,828,574,84,84,28,546,"1,609",x,x,x,69,x,x,x,x,x,x,x,x,x,x,x,"1,540",x,x,69.3,4.9,95.1,x,x,x,4.3,x,x,x,x,x,x,x,x,x,x,x,95.7,x
GR19,LK,14523,Vogtlandkreis,GE,14523060,Bösenbrunn,859,97,0,956,627,89,89,18,609,"1,783",x,257,x,x,x,x,x,x,x,x,x,x,x,x,x,"1,526",x,x,65.6,2.9,97.1,x,14.4,x,x,x,x,x,x,x,x,x,x,x,x,x,85.6,x
GR19,LK,14523,Vogtlandkreis,GE,14523080,Eichigt,911,107,0,"1,018",651,91,91,25,626,"1,824",x,x,160,x,x,x,x,x,x,x,x,x,x,x,x,"1,664",x,x,63.9,3.8,96.2,x,x,8.8,x,x,x,x,x,x,x,x,x,x,x,x,91.2,x
GR19,LK,14523,Vogtlandkreis,GE,14523090,Ellefeld,"1,830",297,0,"2,127","1,378",283,283,33,"1,345","3,907",581,286,x,x,x,x,165,x,x,x,x,x,x,x,x,"2,875",x,x,64.8,2.4,97.6,14.9,7.3,x,x,x,x,4.2,x,x,x,x,x,x,x,x,73.6,x
GR19,LK,14523,Vogtlandkreis,GE,14523100,"Elsterberg, Stadt","2,799",623,0,"3,422","2,478",604,604,56,"2,422","7,107",x,x,883,x,x,x,x,x,x,x,x,x,x,x,x,"6,224",x,x,72.4,2.3,97.7,x,x,12.4,x,x,x,x,x,x,x,x,x,x,x,x,87.6,x
GR19,LK,14523,Vogtlandkreis,GE,14523120,"Falkenstein/Vogtl., Stadt","6,131",698,0,"6,829","3,810",642,641,119,"3,691","10,694","4,902","1,474",x,x,"1,000",x,x,x,x,x,x,x,x,x,x,"3,318",x,x,55.8,3.1,96.9,45.8,13.8,x,x,9.4,x,x,x,x,x,x,x,x,x,x,31.0,x
GR19,LK,14523,Vogtlandkreis,GE,14523130,Grünbach,"1,224",214,0,"1,438",904,201,201,30,874,"2,570",968,x,x,x,x,x,x,x,x,x,x,x,x,x,x,"1,602",x,x,62.9,3.3,96.7,37.7,x,x,x,x,x,x,x,x,x,x,x,x,x,x,62.3,x
GR19,LK,14523,Vogtlandkreis,GE,14523150,Heinsdorfergrund,"1,512",166,0,"1,678","1,107",152,152,35,"1,072","3,063",x,x,x,399,x,x,x,x,x,x,x,x,x,x,x,"2,664",x,x,66.0,3.2,96.8,x,x,x,13.0,x,x,x,x,x,x,x,x,x,x,x,87.0,x
GR19,LK,14523,Vogtlandkreis,GE,14523160,"Klingenthal, Stadt","6,474",779,0,"7,253","4,175",731,728,144,"4,031","11,684","4,598",x,x,x,x,x,x,x,x,x,x,x,x,x,x,"7,086",x,x,57.6,3.4,96.6,39.4,x,x,x,x,x,x,x,x,x,x,x,x,x,x,60.6,x
GR19,LK,14523,Vogtlandkreis,GE,14523170,"Lengenfeld, Stadt","5,331",617,0,"5,948","3,510",560,560,94,"3,416","9,860","1,905",668,588,x,x,x,x,x,x,x,x,x,x,x,x,"6,699",x,x,59.0,2.7,97.3,19.3,6.8,6.0,x,x,x,x,x,x,x,x,x,x,x,x,67.9,x
GR19,LK,14523,Vogtlandkreis,GE,14523190,Limbach,"1,013",198,0,"1,211",853,187,187,13,840,"2,462",328,x,199,x,x,x,x,x,x,x,x,x,x,x,x,"1,935",x,x,70.4,1.5,98.5,13.3,x,8.1,x,x,x,x,x,x,x,x,x,x,x,x,78.6,x
GR19,LK,14523,Vogtlandkreis,GE,14523200,"Markneukirchen, Stadt","5,556",867,0,"6,423","4,036",783,783,85,"3,951","11,569","3,252",x,662,"2,189","1,374",x,x,x,x,x,x,x,x,x,x,"4,092",x,x,62.8,2.1,97.9,28.1,x,5.7,18.9,11.9,x,x,x,x,x,x,x,x,x,x,35.4,x
GR19,LK,14523,Vogtlandkreis,GE,14523230,Mühlental,967,138,0,"1,105",750,129,129,17,733,"2,180",x,x,x,109,x,x,x,x,x,x,x,x,x,x,x,"2,071",x,x,67.9,2.3,97.7,x,x,x,5.0,x,x,x,x,x,x,x,x,x,x,x,95.0,x
GR19,LK,14523,Vogtlandkreis,GE,14523245,Muldenhammer,"2,386",229,0,"2,615","1,686",208,205,24,"1,662","4,849",563,662,x,456,209,x,x,x,x,x,x,x,x,x,x,"2,959",x,x,64.5,1.4,98.6,11.6,13.7,x,9.4,4.3,x,x,x,x,x,x,x,x,x,x,61.0,x
GR19,LK,14523,Vogtlandkreis,GE,14523260,"Netzschkau, Stadt","2,943",413,0,"3,356","2,032",386,386,63,"1,969","5,739","1,941",x,681,x,x,x,x,x,x,x,x,x,x,x,x,"3,117",x,x,60.5,3.1,96.9,33.8,x,11.9,x,x,x,x,x,x,x,x,x,x,x,x,54.3,x
GR19,LK,14523,Vogtlandkreis,GE,14523270,Neuensalz,"1,608",172,0,"1,780","1,244",165,163,37,"1,207","3,373",x,326,155,x,x,x,x,x,x,x,x,x,x,x,x,"2,892",x,x,69.9,3.0,97.0,x,9.7,4.6,x,x,x,x,x,x,x,x,x,x,x,x,85.7,x
GR19,LK,14523,Vogtlandkreis,GE,14523280,Neumark,"1,988",496,0,"2,484","1,849",456,455,46,"1,803","5,261","1,301",230,586,x,"1,437",x,x,x,x,x,x,x,x,x,x,"1,707",x,x,74.4,2.5,97.5,24.7,4.4,11.1,x,27.3,x,x,x,x,x,x,x,x,x,x,32.4,x
GR19,LK,14523,Vogtlandkreis,GE,14523290,Neustadt/Vogtl.,757,89,0,846,550,77,77,12,538,"1,296",x,x,x,x,x,x,x,x,x,x,x,x,x,x,x,"1,284",12,x,65.0,2.2,97.8,x,x,x,x,x,x,x,x,x,x,x,x,x,x,x,99.1,0.9
GR19,LK,14523,Vogtlandkreis,GE,14523300,"Oelsnitz/Vogtl., Stadt","7,982",771,0,"8,753","4,787",727,724,85,"4,702","13,611","4,057","2,172",893,"2,979",x,x,x,201,x,x,x,x,x,x,x,"3,309",x,x,54.7,1.8,98.2,29.8,16.0,6.6,21.9,x,x,x,1.5,x,x,x,x,x,x,x,24.3,x
GR19,LK,14523,Vogtlandkreis,GE,14523310,"Pausa-Mühltroff, Stadt","3,689",529,0,"4,218","2,944",465,465,85,"2,859","8,330","3,374",380,421,x,527,x,352,x,x,x,x,x,x,x,x,"3,276",x,x,69.8,2.9,97.1,40.5,4.6,5.1,x,6.3,x,4.2,x,x,x,x,x,x,x,x,39.3,x
GR19,LK,14523,Vogtlandkreis,GE,14523320,"Plauen, Stadt","46,441","6,521",0,"52,962","30,803","5,991","5,960",556,"30,247","87,488","20,717","12,728","12,245","17,464","8,687",x,"7,529",x,x,x,"3,366",x,x,x,x,"4,752",x,x,58.2,1.8,98.2,23.7,14.5,14.0,20.0,9.9,x,8.6,x,x,x,3.8,x,x,x,x,5.4,x
GR19,LK,14523,Vogtlandkreis,GE,14523330,Pöhl,"1,819",304,0,"2,123","1,460",268,268,22,"1,438","4,214",764,x,319,x,x,x,x,x,x,x,x,x,x,x,x,"3,131",x,x,68.8,1.5,98.5,18.1,x,7.6,x,x,x,x,x,x,x,x,x,x,x,x,74.3,x
GR19,LK,14523,Vogtlandkreis,GE,14523340,"Reichenbach im Vogtland, Stadt","15,273","2,342",0,"17,615","9,681","2,091","2,086",183,"9,498","27,655","5,348","4,095","1,633","4,381","2,677",x,"1,714",x,x,x,x,x,x,x,x,"7,807",x,x,55.0,1.9,98.1,19.3,14.8,5.9,15.8,9.7,x,6.2,x,x,x,x,x,x,x,x,28.2,x
GR19,LK,14523,Vogtlandkreis,GE,14523360,"Rodewisch, Stadt","4,764",630,0,"5,394","3,409",555,555,59,"3,350","9,577","5,255","1,268","1,320","1,236",x,x,x,498,x,x,x,x,x,x,x,x,x,x,63.2,1.7,98.3,54.9,13.2,13.8,12.9,x,x,x,5.2,x,x,x,x,x,x,x,x,x
GR19,LK,14523,Vogtlandkreis,GE,14523365,Rosenbach/Vogtl.,"3,086",450,0,"3,536","2,379",411,410,39,"2,340","6,779",x,x,208,x,x,x,x,x,x,x,x,x,x,x,x,"6,571",x,x,67.3,1.6,98.4,x,x,3.1,x,x,x,x,x,x,x,x,x,x,x,x,96.9,x
GR19,LK,14523,Vogtlandkreis,GE,14523370,"Schöneck/Vogtl., Stadt","2,339",347,0,"2,686","1,838",336,320,33,"1,805","5,236","1,788",x,252,697,x,x,x,x,x,x,x,x,x,x,x,"2,499",x,x,68.4,1.8,98.2,34.1,x,4.8,13.3,x,x,x,x,x,x,x,x,x,x,x,47.7,x
GR19,LK,14523,Vogtlandkreis,GE,14523380,Steinberg,"1,947",385,0,"2,332","1,530",367,367,37,"1,493","4,335","2,362",x,x,x,x,x,228,x,x,x,x,x,x,x,x,"1,745",x,x,65.6,2.4,97.6,54.5,x,x,x,x,x,5.3,x,x,x,x,x,x,x,x,40.3,x
GR19,LK,14523,Vogtlandkreis,GE,14523410,Theuma,766,78,0,844,642,75,73,22,620,"1,844",x,x,x,x,x,x,24,x,x,x,x,x,x,x,x,"1,820",x,x,76.1,3.4,96.6,x,x,x,x,x,x,1.3,x,x,x,x,x,x,x,x,98.7,x
GR19,LK,14523,Vogtlandkreis,GE,14523420,Tirpersdorf,"1,056",96,0,"1,152",751,84,84,11,740,"2,165",x,188,x,x,x,x,80,x,x,x,x,x,x,x,x,"1,897",x,x,65.2,1.5,98.5,x,8.7,x,x,x,x,3.7,x,x,x,x,x,x,x,x,87.6,x
GR19,LK,14523,Vogtlandkreis,GE,14523430,"Treuen, Stadt","5,918",659,0,"6,577","3,962",603,602,98,"3,864","11,237","3,178","1,350",728,x,"1,023",x,x,"1,490",x,x,x,x,x,x,x,"3,468",x,x,60.2,2.5,97.5,28.3,12.0,6.5,x,9.1,x,x,13.3,x,x,x,x,x,x,x,30.9,x
GR19,LK,14523,Vogtlandkreis,GE,14523440,Triebel/Vogtl.,929,106,0,"1,035",663,95,95,24,639,"1,851",x,195,161,x,x,x,x,x,x,x,x,x,x,x,x,"1,495",x,x,64.1,3.6,96.4,x,10.5,8.7,x,x,x,x,x,x,x,x,x,x,x,x,80.8,x
GR19,LK,14523,Vogtlandkreis,GE,14523450,Weischlitz,"4,257",638,0,"4,895","3,503",584,584,83,"3,420","10,022",x,288,106,x,x,x,x,x,x,x,x,x,x,x,x,"9,628",x,x,71.6,2.4,97.6,x,2.9,1.1,x,x,x,x,x,x,x,x,x,x,x,x,96.1,x
GR19,LK,14523,Vogtlandkreis,GE,14523460,Werda,"1,175",98,0,"1,273",913,0,0,28,885,"2,614",x,x,x,x,x,x,x,x,x,x,x,x,x,x,x,"2,614",x,x,71.7,3.1,96.9,x,x,x,x,x,x,x,x,x,x,x,x,x,x,x,100.0,x
GR19,LK,14524,Zwickau,GE,14524010,Bernsdorf,"1,695",165,0,"1,860","1,304",149,149,32,"1,272","3,683","1,754",x,x,626,779,x,x,x,x,x,x,x,x,x,x,524,x,x,70.1,2.5,97.5,47.6,x,x,17.0,21.2,x,x,x,x,x,x,x,x,x,x,14.2,x
GR19,LK,14524,Zwickau,GE,14524020,Callenberg,"3,686",396,0,"4,082","2,790",349,280,92,"2,698","7,859","1,957",952,x,x,x,x,x,x,x,x,x,x,x,x,x,"4,950",x,x,68.3,3.3,96.7,24.9,12.1,x,x,x,x,x,x,x,x,x,x,x,x,x,63.0,x
GR19,LK,14524,Zwickau,GE,14524030,"Crimmitschau, Stadt","13,874","1,854",0,"15,728","8,995","1,673","1,669",216,"8,779","25,408","4,032","3,493","1,306","4,206","1,983",x,x,x,x,x,x,x,x,x,x,"10,388",x,x,57.2,2.4,97.6,15.9,13.7,5.1,16.6,7.8,x,x,x,x,x,x,x,x,x,x,40.9,x
GR19,LK,14524,Zwickau,GE,14524040,Crinitzberg,"1,453",164,0,"1,617","1,030",143,143,30,"1,000","2,895",337,x,x,x,x,x,x,x,x,x,x,x,x,x,x,"2,558",x,x,63.7,2.9,97.1,11.6,x,x,x,x,x,x,x,x,x,x,x,x,x,x,88.4,x
GR19,LK,14524,Zwickau,GE,14524050,Dennheritz,996,106,0,"1,102",813,99,97,14,799,"2,074",x,x,x,x,x,x,x,x,x,x,x,x,x,x,x,"2,071",3,x,73.8,1.7,98.3,x,x,x,x,x,x,x,x,x,x,x,x,x,x,x,99.9,0.1
GR19,LK,14524,Zwickau,GE,14524060,Fraureuth,"3,692",648,0,"4,340","2,716",580,580,58,"2,658","7,744","3,358",809,226,x,x,x,x,x,x,x,x,x,x,x,x,"3,351",x,x,62.6,2.1,97.9,43.4,10.4,2.9,x,x,x,x,x,x,x,x,x,x,x,x,43.3,x
GR19,LK,14524,Zwickau,GE,14524070,Gersdorf,"3,022",378,0,"3,400","2,208",355,352,39,"2,169","6,251",x,576,x,948,x,x,575,x,x,x,x,x,x,x,x,"4,152",x,x,64.9,1.8,98.2,x,9.2,x,15.2,x,x,9.2,x,x,x,x,x,x,x,x,66.4,x
GR19,LK,14524,Zwickau,GE,14524080,"Glauchau, Stadt","16,421","2,341",0,"18,762","10,901","2,139","2,137",217,"10,684","30,570","7,940","3,684","3,767","4,332","3,134",x,"1,343",x,x,x,x,x,x,x,x,"6,370",x,x,58.1,2.0,98.0,26.0,12.1,12.3,14.2,10.3,x,4.4,x,x,x,x,x,x,x,x,20.8,x
GR19,LK,14524,Zwickau,GE,14524090,"Hartenstein, Stadt","3,312",463,0,"3,775","2,635",440,440,100,"2,535","7,401","2,550",x,x,x,x,x,x,x,x,x,x,x,x,x,x,"4,851",x,x,69.8,3.8,96.2,34.5,x,x,x,x,x,x,x,x,x,x,x,x,x,x,65.5,x
GR19,LK,14524,Zwickau,GE,14524100,Hartmannsdorf b. Kirchberg,908,188,0,"1,096",757,175,175,12,745,"2,173","1,915",258,x,x,x,x,x,x,x,x,x,x,x,x,x,x,x,x,69.1,1.6,98.4,88.1,11.9,x,x,x,x,x,x,x,x,x,x,x,x,x,x,x
GR19,LK,14524,Zwickau,GE,14524110,Hirschfeld,894,100,0,994,717,91,91,17,700,"2,068",915,65,x,x,x,x,x,x,x,x,x,x,x,x,x,"1,088",x,x,72.1,2.4,97.6,44.2,3.1,x,x,x,x,x,x,x,x,x,x,x,x,x,52.6,x
GR19,LK,14524,Zwickau,GE,14524120,"Hohenstein-Ernstthal, Stadt","10,905","1,508",0,"12,413","7,265","1,373","1,369",144,"7,121","20,689","6,269","3,185","1,588","4,237",x,x,"1,731",x,x,x,x,x,x,x,x,"3,679",x,x,58.5,2.0,98.0,30.3,15.4,7.7,20.5,x,x,8.4,x,x,x,x,x,x,x,x,17.8,x
GR19,LK,14524,Zwickau,GE,14524130,"Kirchberg, Stadt","6,100",771,0,"6,871","3,985",526,526,161,"3,824","10,917","5,742","1,683",x,x,x,x,460,x,x,x,x,x,x,x,x,"3,032",x,x,58.0,4.0,96.0,52.6,15.4,x,x,x,x,4.2,x,x,x,x,x,x,x,x,27.8,x
GR19,LK,14524,Zwickau,GE,14524140,Langenbernsdorf,"2,531",474,0,"3,005","2,125",447,447,38,"2,087","6,076","2,611",x,x,783,x,x,x,x,x,x,x,x,x,x,x,"2,682",x,x,70.7,1.8,98.2,43.0,x,x,12.9,x,x,x,x,x,x,x,x,x,x,x,44.1,x
GR19,LK,14524,Zwickau,GE,14524150,Langenweißbach,"1,863",189,0,"2,052","1,445",181,181,61,"1,384","4,005","1,528",x,x,x,x,x,x,x,x,x,x,x,x,x,x,"2,477",x,x,70.4,4.2,95.8,38.2,x,x,x,x,x,x,x,x,x,x,x,x,x,x,61.8,x
GR19,LK,14524,Zwickau,GE,14524160,"Lichtenstein/Sa., Stadt","8,642","1,010",0,"9,652","5,945",909,905,211,"5,734","16,535","4,124","2,328","3,171",x,"1,746",x,x,x,x,x,x,x,x,x,x,"5,166",x,x,61.6,3.5,96.5,24.9,14.1,19.2,x,10.6,x,x,x,x,x,x,x,x,x,x,31.2,x
GR19,LK,14524,Zwickau,GE,14524170,Lichtentanne,"4,556",840,0,"5,396","3,712",780,780,79,"3,633","9,875","5,022","2,282",x,"1,666",x,x,905,x,x,x,x,x,x,x,x,x,x,x,68.8,2.1,97.9,50.9,23.1,x,16.9,x,x,9.2,x,x,x,x,x,x,x,x,x,x
GR19,LK,14524,Zwickau,GE,14524180,"Limbach-Oberfrohna, Stadt","17,309","2,479",0,"19,788","12,281","2,243","2,223",224,"12,057","34,997","8,576","3,430","1,308","5,882","1,424",x,"1,592",x,x,x,x,x,x,x,x,"12,785",x,x,62.1,1.8,98.2,24.5,9.8,3.7,16.8,4.1,x,4.5,x,x,x,x,x,x,x,x,36.5,x
GR19,LK,14524,Zwickau,GE,14524190,"Meerane, Stadt","10,614","1,613",0,"12,227","7,343","1,499","1,499",181,"7,162","20,764","3,656","1,770",786,"2,887","1,407","1,096",x,x,x,x,x,x,x,x,x,"9,162",x,x,60.1,2.5,97.5,17.6,8.5,3.8,13.9,6.8,5.3,x,x,x,x,x,x,x,x,x,44.1,x
GR19,LK,14524,Zwickau,GE,14524200,Mülsen,"8,163","1,246",0,"9,409","6,219","1,162","1,158",107,"6,112","17,906","2,513","1,260",645,"2,131",x,x,362,x,x,x,x,x,x,x,x,"10,995",x,x,66.1,1.7,98.3,14.0,7.0,3.6,11.9,x,x,2.0,x,x,x,x,x,x,x,x,61.4,x
GR19,LK,14524,Zwickau,GE,14524210,Neukirchen/Pleiße,"2,826",432,0,"3,258","2,130",393,391,59,"2,071","5,956","3,894",870,x,x,x,x,x,x,x,x,x,x,x,x,x,"1,192",x,x,65.4,2.8,97.2,65.4,14.6,x,x,x,x,x,x,x,x,x,x,x,x,x,20.0,x
GR19,LK,14524,Zwickau,GE,14524220,Niederfrohna,"1,590",287,0,"1,877","1,402",250,250,33,"1,369","4,025",817,x,x,444,x,x,x,x,x,x,x,x,x,x,x,"2,764",x,x,74.7,2.4,97.6,20.3,x,x,11.0,x,x,x,x,x,x,x,x,x,x,x,68.7,x
GR19,LK,14524,Zwickau,GE,14524230,"Oberlungwitz, Stadt","4,292",635,0,"4,927","3,117",559,559,85,"3,032","8,679","2,752","1,291",537,"1,601","2,498",x,x,x,x,x,x,x,x,x,x,x,x,x,63.3,2.7,97.3,31.7,14.9,6.2,18.4,28.8,x,x,x,x,x,x,x,x,x,x,x,x
GR19,LK,14524,Zwickau,GE,14524240,Oberwiera,732,103,0,835,606,93,92,9,597,"1,747",663,x,x,x,x,x,x,x,x,x,x,x,x,x,x,"1,084",x,x,72.6,1.5,98.5,38.0,x,x,x,x,x,x,x,x,x,x,x,x,x,x,62.0,x
GR19,LK,14524,Zwickau,GE,14524250,Reinsdorf,"5,465",791,0,"6,256","3,957",733,732,69,"3,888","11,187","2,721","1,318",656,"1,445",x,x,x,x,x,x,x,x,x,x,x,"5,047",x,x,63.3,1.7,98.3,24.3,11.8,5.9,12.9,x,x,x,x,x,x,x,x,x,x,x,45.1,x
GR19,LK,14524,Zwickau,GE,14524260,Remse,"1,294",118,0,"1,412",953,103,103,19,934,"2,720",989,x,x,576,x,x,x,x,x,x,x,x,x,x,x,"1,155",x,x,67.5,2.0,98.0,36.4,x,x,21.2,x,x,x,x,x,x,x,x,x,x,x,42.5,x
GR19,LK,14524,Zwickau,GE,14524270,Schönberg,690,37,0,727,577,31,0,10,567,"1,672",806,x,x,x,x,x,x,x,x,x,x,x,x,x,x,866,x,x,79.4,1.7,98.3,48.2,x,x,x,x,x,x,x,x,x,x,x,x,x,x,51.8,x
GR19,LK,14524,Zwickau,GE,14524280,St. Egidien,"2,402",229,0,"2,631","1,729",205,203,83,"1,646","4,761","2,510",947,x,x,x,x,"1,304",x,x,x,x,x,x,x,x,x,x,x,65.7,4.8,95.2,52.7,19.9,x,x,x,x,27.4,x,x,x,x,x,x,x,x,x,x
GR19,LK,14524,Zwickau,GE,14524290,"Waldenburg, Stadt","2,912",445,0,"3,357","2,232",422,422,44,"2,188","6,405","1,334",x,x,727,x,x,x,x,x,x,x,x,x,x,x,"4,344",x,x,66.5,2.0,98.0,20.8,x,x,11.4,x,x,x,x,x,x,x,x,x,x,x,67.8,x
GR19,LK,14524,Zwickau,GE,14524300,"Werdau, Stadt","15,057","2,354",0,"17,411","10,139","2,149","2,149",263,"9,876","28,358","6,872","3,935","1,885","4,543","2,678",560,"1,578",x,x,x,x,x,x,x,x,"6,307",x,x,58.2,2.6,97.4,24.2,13.9,6.6,16.0,9.4,2.0,5.6,x,x,x,x,x,x,x,x,22.2,x
GR19,LK,14524,Zwickau,GE,14524310,"Wildenfels, Stadt","2,577",386,0,"2,963","2,008",366,366,73,"1,935","5,680","2,152",715,x,x,615,x,x,x,x,x,x,x,x,x,x,"2,198",x,x,67.8,3.6,96.4,37.9,12.6,x,x,10.8,x,x,x,x,x,x,x,x,x,x,38.7,x
GR19,LK,14524,Zwickau,GE,14524320,"Wilkau-Haßlau, Stadt","7,424",858,0,"8,282","4,680",834,834,163,"4,517","13,023","4,367","1,598",461,"2,736","1,074",x,664,x,x,x,x,x,x,x,x,"2,123",x,x,56.5,3.5,96.5,33.5,12.3,3.5,21.0,8.2,x,5.1,x,x,x,x,x,x,x,x,16.3,x
GR19,LK,14524,Zwickau,GE,14524330,"Zwickau, Stadt","65,191","8,306",0,"73,497","40,390","7,205","7,192",876,"39,514","114,929","25,267","16,853","11,726","25,112","6,368",x,"7,503",x,x,x,x,897,"1,397",x,"4,181","15,625",x,x,55.0,2.2,97.8,22.0,14.7,10.2,21.9,5.5,x,6.5,x,x,x,x,0.8,1.2,x,3.6,13.6,x
GR19,SN,14,Sachsen,KS,14612000,"Dresden, Stadt","346,068","90,111",0,"436,179","291,997","83,413","82,869","3,937","288,060","837,617","153,022","135,613","73,627","143,207","62,613","4,744","171,630",x,"20,516",x,x,x,x,"15,268",x,"57,377",x,x,66.9,1.3,98.7,18.3,16.2,8.8,17.1,7.5,0.6,20.5,x,2.4,x,x,x,x,1.8,x,6.9,x
GR19,LK,14625,Bautzen,GE,14625010,Arnsdorf,"3,358",504,0,"3,862","2,629",447,446,55,"2,574","7,550","2,254",x,x,"2,243",x,x,x,x,x,x,x,x,x,x,x,"3,053",x,x,68.1,2.1,97.9,29.9,x,x,29.7,x,x,x,x,x,x,x,x,x,x,x,40.4,x
GR19,LK,14625,Bautzen,GE,14625020,"Bautzen, Stadt","28,188","3,846",0,"32,034","19,612","3,498","3,256",368,"19,244","55,526","13,537","6,146","3,456","12,858","4,791",x,"3,641",x,x,x,x,x,x,x,x,"11,097",x,x,61.2,1.9,98.1,24.4,11.1,6.2,23.2,8.6,x,6.6,x,x,x,x,x,x,x,x,20.0,x
GR19,LK,14625,Bautzen,GE,14625030,"Bernsdorf, Stadt","4,858",557,0,"5,415","3,374",507,506,81,"3,293","9,623","2,942","1,429",319,"1,846","1,384",x,x,x,x,x,x,x,x,x,x,"1,703",x,x,62.3,2.4,97.6,30.6,14.8,3.3,19.2,14.4,x,x,x,x,x,x,x,x,x,x,17.7,x
GR19,LK,14625,Bautzen,GE,14625040,"Bischofswerda, Stadt","8,228","1,021",0,"9,249","5,512",974,974,147,"5,365","15,560","3,460","2,724",607,"3,618","1,857",x,518,x,x,x,x,x,x,x,x,"2,776",x,x,59.6,2.7,97.3,22.2,17.5,3.9,23.3,11.9,x,3.3,x,x,x,x,x,x,x,x,17.8,x
GR19,LK,14625,Bautzen,GE,14625060,Burkau,"1,958",179,0,"2,137","1,577",166,166,33,"1,544","4,504","1,791",x,308,x,404,x,x,x,x,x,x,x,x,x,x,"2,001",x,x,73.8,2.1,97.9,39.8,x,6.8,x,9.0,x,x,x,x,x,x,x,x,x,x,44.4,x
GR19,LK,14625,Bautzen,GE,14625080,Crostwitz,763,57,0,820,588,53,53,21,567,"1,679",728,x,x,x,x,x,x,x,x,x,x,x,x,x,x,951,x,x,71.7,3.6,96.4,43.4,x,x,x,x,x,x,x,x,x,x,x,x,x,x,56.6,x
GR19,LK,14625,Bautzen,GE,14625090,Cunewalde,"3,373",568,0,"3,941","2,780",537,537,31,"2,749","8,081","3,290",606,365,"2,054",x,x,x,x,x,x,x,x,x,x,x,"1,766",x,x,70.5,1.1,98.9,40.7,7.5,4.5,25.4,x,x,x,x,x,x,x,x,x,x,x,21.9,x
GR19,LK,14625,Bautzen,GE,14625100,Demitz-Thumitz,"2,002",195,0,"2,197","1,406",166,166,51,"1,355","3,842","1,219",586,x,x,x,x,x,x,x,x,x,x,x,x,x,"2,037",x,x,64.0,3.6,96.4,31.7,15.3,x,x,x,x,x,x,x,x,x,x,x,x,x,53.0,x
GR19,LK,14625,Bautzen,GE,14625110,Doberschau-Gaußig,"2,997",361,0,"3,358","2,316",325,325,37,"2,279","6,513","2,072",x,x,"1,402",479,x,427,x,x,x,x,x,x,x,x,"2,133",x,x,69.0,1.6,98.4,31.8,x,x,21.5,7.4,x,6.6,x,x,x,x,x,x,x,x,32.7,x
GR19,LK,14625,Bautzen,GE,14625120,Elsterheide,"2,705",220,0,"2,925","2,184",204,204,61,"2,123","6,195","3,068",x,x,x,x,x,x,x,x,x,x,x,x,x,x,"3,127",x,x,74.7,2.8,97.2,49.5,x,x,x,x,x,x,x,x,x,x,x,x,x,x,50.5,x
GR19,LK,14625,Bautzen,GE,14625130,"Elstra, Stadt","2,069",206,0,"2,275","1,609",199,199,58,"1,551","4,511",793,306,103,x,653,x,x,x,x,x,x,x,x,x,x,"2,656",x,x,70.7,3.6,96.4,17.6,6.8,2.3,x,14.5,x,x,x,x,x,x,x,x,x,x,58.9,x
GR19,LK,14625,Bautzen,GE,14625140,Frankenthal,724,35,0,759,492,31,31,10,482,"1,405","1,096",x,309,x,x,x,x,x,x,x,x,x,x,x,x,x,x,x,64.8,2.0,98.0,78.0,x,22.0,x,x,x,x,x,x,x,x,x,x,x,x,x,x
GR19,LK,14625,Bautzen,GE,14625150,Göda,"2,241",288,0,"2,529","1,779",284,284,34,"1,745","5,033",973,355,x,"1,299",x,x,x,x,x,x,x,x,x,x,x,"2,406",x,x,70.3,1.9,98.1,19.3,7.1,x,25.8,x,x,x,x,x,x,x,x,x,x,x,47.8,x
GR19,LK,14625,Bautzen,GE,14625160,Großdubrau,"3,172",358,0,"3,530","2,403",326,323,63,"2,340","6,706","1,418",x,x,x,x,x,x,x,x,x,x,x,x,x,x,"5,288",x,x,68.1,2.6,97.4,21.1,x,x,x,x,x,x,x,x,x,x,x,x,x,x,78.9,x
GR19,LK,14625,Bautzen,GE,14625170,Großharthau,"2,149",186,0,"2,335","1,653",183,183,37,"1,616","4,705",899,x,"2,598",x,468,x,x,x,x,x,x,x,x,x,x,740,x,x,70.8,2.2,97.8,19.1,x,55.2,x,9.9,x,x,x,x,x,x,x,x,x,x,15.7,x
GR19,LK,14625,Bautzen,GE,14625180,Großnaundorf,730,73,0,803,611,61,61,48,563,"1,653",x,x,x,x,x,x,x,x,x,x,x,x,x,x,x,"1,653",x,x,76.1,7.9,92.1,x,x,x,x,x,x,x,x,x,x,x,x,x,x,x,100.0,x
GR19,LK,14625,Bautzen,GE,14625190,Großpostwitz/O.L.,"1,890",377,0,"2,267","1,707",363,363,45,"1,662","4,829","1,084",276,x,x,x,x,x,x,x,x,x,x,x,x,x,"3,469",x,x,75.3,2.6,97.4,22.4,5.7,x,x,x,x,x,x,x,x,x,x,x,x,x,71.8,x
GR19,LK,14625,Bautzen,GE,14625200,"Großröhrsdorf, Stadt","6,984",821,0,"7,805","4,898",734,733,108,"4,790","13,949","4,243",840,878,"2,256","2,261",x,x,x,x,x,x,x,x,x,x,"3,471",x,x,62.8,2.2,97.8,30.4,6.0,6.3,16.2,16.2,x,x,x,x,x,x,x,x,x,x,24.9,x
GR19,LK,14625,Bautzen,GE,14625220,Haselbachtal,"3,122",290,0,"3,412","2,341",268,268,40,"2,301","6,793","1,001",x,248,674,x,x,x,x,x,x,x,x,x,x,x,"4,870",x,x,68.6,1.7,98.3,14.7,x,3.7,9.9,x,x,x,x,x,x,x,x,x,x,x,71.7,x
GR19,LK,14625,Bautzen,GE,14625230,Hochkirch,"1,649",185,0,"1,834","1,350",177,177,32,"1,318","3,842","1,102",161,x,"1,135",x,x,171,x,x,x,x,x,x,x,x,"1,273",x,x,73.6,2.4,97.6,28.7,4.2,x,29.5,x,x,4.5,x,x,x,x,x,x,x,x,33.1,x
GR19,LK,14625,Bautzen,GE,14625240,"Hoyerswerda, Stadt","25,228","2,924",0,"28,152","15,434","2,627","2,623",391,"15,043","43,130","8,878","7,426","5,720","11,390",x,x,"1,623",x,x,x,x,x,x,x,x,"8,093",x,x,54.8,2.5,97.5,20.6,17.2,13.3,26.4,x,x,3.8,x,x,x,x,x,x,x,x,18.8,x
GR19,LK,14625,Bautzen,GE,14625250,"Kamenz, Stadt","12,442","1,565",0,"14,007","8,288","1,473","1,471",203,"8,085","23,514","4,225","3,651",713,"4,900","1,484",x,775,x,x,x,x,x,x,x,x,"7,766",x,x,59.2,2.4,97.6,18.0,15.5,3.0,20.8,6.3,x,3.3,x,x,x,x,x,x,x,x,33.0,x
GR19,LK,14625,Bautzen,GE,14625270,"Königsbrück, Stadt","3,162",532,0,"3,694","2,467",495,495,56,"2,411","7,046","1,797",x,x,"2,039",x,x,x,x,x,x,x,x,x,x,x,"3,210",x,x,66.8,2.3,97.7,25.5,x,x,28.9,x,x,x,x,x,x,x,x,x,x,x,45.6,x
GR19,LK,14625,Bautzen,GE,14625280,Königswartha,"2,403",458,0,"2,861","1,882",416,416,42,"1,840","5,402","1,414",145,x,735,x,x,141,x,x,x,x,x,x,x,x,"2,967",x,x,65.8,2.2,97.8,26.2,2.7,x,13.6,x,x,2.6,x,x,x,x,x,x,x,x,54.9,x
GR19,LK,14625,Bautzen,GE,14625290,Kubschütz,"1,936",166,0,"2,102","1,553",157,157,39,"1,514","4,364","1,378",308,x,x,x,x,x,x,x,x,x,x,x,x,x,"2,678",x,x,73.9,2.5,97.5,31.6,7.1,x,x,x,x,x,x,x,x,x,x,x,x,x,61.4,x
GR19,LK,14625,Bautzen,GE,14625300,Laußnitz,"1,342",174,0,"1,516","1,114",155,155,29,"1,085","3,158",538,x,x,522,x,x,x,x,x,x,x,x,x,x,x,"2,098",x,x,73.5,2.6,97.4,17.0,x,x,16.5,x,x,x,x,x,x,x,x,x,x,x,66.4,x
GR19,LK,14625,Bautzen,GE,14625310,"Lauta, Stadt","6,654",553,0,"7,207","3,962",505,505,110,"3,852","11,114","1,798",971,436,"2,513",x,x,466,x,x,x,x,x,x,x,x,"4,930",x,x,55.0,2.8,97.2,16.2,8.7,3.9,22.6,x,x,4.2,x,x,x,x,x,x,x,x,44.4,x
GR19,LK,14625,Bautzen,GE,14625320,Lichtenberg,"1,149",156,0,"1,305",980,141,141,19,961,"2,827","1,046",357,x,590,x,x,x,x,x,x,x,x,x,x,x,834,x,x,75.1,1.9,98.1,37.0,12.6,x,20.9,x,x,x,x,x,x,x,x,x,x,x,29.5,x
GR19,LK,14625,Bautzen,GE,14625330,Lohsa,"4,149",385,0,"4,534","3,142",355,355,60,"3,082","8,912","3,024",995,x,"1,782",264,x,x,x,x,x,x,x,x,x,x,"2,847",x,x,69.3,1.9,98.1,33.9,11.2,x,20.0,3.0,x,x,x,x,x,x,x,x,x,x,31.9,x
GR19,LK,14625,Bautzen,GE,14625340,Malschwitz,"3,427",418,0,"3,845","2,800",375,375,67,"2,733","7,868","2,680",577,x,"1,611",899,x,x,x,x,x,x,x,x,x,x,"2,101",x,x,72.8,2.4,97.6,34.1,7.3,x,20.5,11.4,x,x,x,x,x,x,x,x,x,x,26.7,x
GR19,LK,14625,Bautzen,GE,14625350,Nebelschütz,844,64,0,908,721,62,62,17,704,"2,077","1,284",175,x,x,x,x,x,x,x,x,x,x,x,x,x,618,x,x,79.4,2.4,97.6,61.8,8.4,x,x,x,x,x,x,x,x,x,x,x,x,x,29.8,x
GR19,LK,14625,Bautzen,GE,14625360,Neschwitz,"1,789",176,0,"1,965","1,357",161,161,33,"1,324","3,892",590,214,x,x,x,x,x,x,x,x,x,x,x,x,x,"3,088",x,x,69.1,2.4,97.6,15.2,5.5,x,x,x,x,x,x,x,x,x,x,x,x,x,79.3,x
GR19,LK,14625,Bautzen,GE,14625370,Neukirch,"1,249",110,0,"1,359",889,96,96,51,838,"2,410",839,x,x,x,256,x,x,x,x,x,x,x,x,x,x,"1,315",x,x,65.4,5.7,94.3,34.8,x,x,x,10.6,x,x,x,x,x,x,x,x,x,x,54.6,x
GR19,LK,14625,Bautzen,GE,14625380,Neukirch/Lausitz,"3,509",589,0,"4,098","2,690",545,540,73,"2,617","7,604","2,823",x,683,"1,722",x,x,x,x,x,x,x,x,x,x,x,"2,376",x,x,65.6,2.7,97.3,37.1,x,9.0,22.6,x,x,x,x,x,x,x,x,x,x,x,31.2,x
GR19,LK,14625,Bautzen,GE,14625390,Obergurig,"1,498",210,0,"1,708","1,255",197,197,18,"1,237","3,620",783,197,x,x,x,x,x,x,x,x,x,x,x,x,x,"2,640",x,x,73.5,1.4,98.6,21.6,5.4,x,x,x,x,x,x,x,x,x,x,x,x,x,72.9,x
GR19,LK,14625,Bautzen,GE,14625410,Ohorn,"1,755",224,0,"1,979","1,316",185,182,26,"1,290","3,773","1,102",368,101,833,448,x,x,x,x,x,x,x,x,x,x,921,x,x,66.5,2.0,98.0,29.2,9.8,2.7,22.1,11.9,x,x,x,x,x,x,x,x,x,x,24.4,x
GR19,LK,14625,Bautzen,GE,14625420,Oßling,"1,651",209,0,"1,860","1,380",201,201,47,"1,333","3,748",578,x,328,x,x,x,x,x,x,x,x,x,x,x,x,"2,842",x,x,74.2,3.4,96.6,15.4,x,8.8,x,x,x,x,x,x,x,x,x,x,x,x,75.8,x
GR19,LK,14625,Bautzen,GE,14625430,Ottendorf-Okrilla,"6,884","1,161",0,"8,045","5,563","1,089","1,083",85,"5,478","15,834","4,783","3,287",504,"2,903","1,554",x,x,x,x,x,x,x,x,x,x,"2,803",x,x,69.1,1.5,98.5,30.2,20.8,3.2,18.3,9.8,x,x,x,x,x,x,x,x,x,x,17.7,x
GR19,LK,14625,Bautzen,GE,14625440,Panschwitz-Kuckau,"1,476",157,0,"1,633","1,197",84,84,51,"1,146","3,339","1,834",x,x,x,x,x,x,x,x,x,x,x,x,x,x,"1,505",x,x,73.3,4.3,95.7,54.9,x,x,x,x,x,x,x,x,x,x,x,x,x,x,45.1,x
GR19,LK,14625,Bautzen,GE,14625450,"Pulsnitz, Stadt","5,450",730,0,"6,180","4,048",716,715,154,"3,894","11,303","2,825",994,361,"2,553","2,639",x,568,x,x,x,x,x,x,x,x,"1,363",x,x,65.5,3.8,96.2,25.0,8.8,3.2,22.6,23.3,x,5.0,x,x,x,x,x,x,x,x,12.1,x
GR19,LK,14625,Bautzen,GE,14625460,Puschwitz,620,36,0,656,437,32,32,28,409,"1,213",x,x,x,x,x,x,x,x,x,x,x,x,x,x,x,"1,213",x,x,66.6,6.4,93.6,x,x,x,x,x,x,x,x,x,x,x,x,x,x,x,100.0,x
GR19,LK,14625,Bautzen,GE,14625470,Räckelwitz,782,99,0,881,615,94,94,20,595,"1,754","1,068",x,x,x,x,x,x,x,x,x,x,x,x,x,x,686,x,x,69.8,3.3,96.7,60.9,x,x,x,x,x,x,x,x,x,x,x,x,x,x,39.1,x
GR19,LK,14625,Bautzen,GE,14625480,"Radeberg, Stadt","13,236","2,096",0,"15,332","9,588","1,919","1,916",191,"9,397","27,249","7,054","2,357","4,377","5,745",x,x,"2,278",x,x,x,x,x,x,x,x,"5,438",x,x,62.5,2.0,98.0,25.9,8.6,16.1,21.1,x,x,8.4,x,x,x,x,x,x,x,x,20.0,x
GR19,LK,14625,Bautzen,GE,14625490,Radibor,"2,288",231,0,"2,519","1,822",219,218,49,"1,773","5,161","1,438",163,x,x,x,x,x,x,x,x,x,x,x,x,x,"3,560",x,x,72.3,2.7,97.3,27.9,3.2,x,x,x,x,x,x,x,x,x,x,x,x,x,69.0,x
GR19,LK,14625,Bautzen,GE,14625500,Ralbitz-Rosenthal,"1,199",104,0,"1,303",955,97,97,39,916,"2,672","1,149",x,x,x,x,x,x,x,x,x,x,x,x,x,x,"1,523",x,x,73.3,4.1,95.9,43.0,x,x,x,x,x,x,x,x,x,x,x,x,x,x,57.0,x
GR19,LK,14625,Bautzen,GE,14625510,Rammenau,"1,003",102,0,"1,105",829,99,99,15,814,"2,403",37,x,x,x,x,x,x,x,x,x,x,x,x,x,x,"2,366",x,x,75.0,1.8,98.2,1.5,x,x,x,x,x,x,x,x,x,x,x,x,x,x,98.5,x
GR19,LK,14625,Bautzen,GE,14625525,"Schirgiswalde-Kirschau, Stadt","4,504",658,0,"5,162","3,600",639,639,156,"3,444","10,026","3,829",406,203,"1,900",194,x,x,x,x,x,x,x,x,x,x,"3,494",x,x,69.7,4.3,95.7,38.2,4.0,2.0,19.0,1.9,x,x,x,x,x,x,x,x,x,x,34.8,x
GR19,LK,14625,Bautzen,GE,14625530,Schmölln-Putzkau,"2,289",241,0,"2,530","1,754",223,223,57,"1,697","4,930",308,x,x,x,x,x,x,x,x,x,x,x,x,x,x,"4,622",x,x,69.3,3.2,96.8,6.2,x,x,x,x,x,x,x,x,x,x,x,x,x,x,93.8,x
GR19,LK,14625,Bautzen,GE,14625550,Schwepnitz,"1,887",165,0,"2,052","1,458",155,155,34,"1,424","4,167",x,x,x,476,x,x,x,x,x,x,x,x,x,x,x,"3,691",x,x,71.1,2.3,97.7,x,x,x,11.4,x,x,x,x,x,x,x,x,x,x,x,88.6,x
GR19,LK,14625,Bautzen,GE,14625560,Sohland a. d. Spree,"4,972",580,0,"5,552","3,869",536,536,86,"3,783","11,043","4,553",885,x,"2,474",x,x,x,x,x,x,x,x,x,x,x,"3,131",x,x,69.7,2.2,97.8,41.2,8.0,x,22.4,x,x,x,x,x,x,x,x,x,x,x,28.4,x
GR19,LK,14625,Bautzen,GE,14625570,Spreetal,"1,496",124,0,"1,620","1,152",123,0,30,"1,122","3,277",x,119,x,x,x,x,141,x,x,x,x,x,x,x,x,"3,017",x,x,71.1,2.6,97.4,x,3.6,x,x,x,x,4.3,x,x,x,x,x,x,x,x,92.1,x
GR19,LK,14625,Bautzen,GE,14625580,Steina,"1,194",155,0,"1,349",993,135,135,47,946,"2,725",923,x,x,x,"1,469",x,x,x,x,x,x,x,x,x,x,333,x,x,73.6,4.7,95.3,33.9,x,x,x,53.9,x,x,x,x,x,x,x,x,x,x,12.2,x
GR19,LK,14625,Bautzen,GE,14625590,Steinigtwolmsdorf,"2,155",227,0,"2,382","1,700",208,208,61,"1,639","4,665","1,241",232,x,x,x,x,x,x,x,x,x,x,x,x,x,"3,192",x,x,71.4,3.6,96.4,26.6,5.0,x,x,x,x,x,x,x,x,x,x,x,x,x,68.4,x
GR19,LK,14625,Bautzen,GE,14625600,Wachau,"2,967",472,0,"3,439","2,600",439,438,112,"2,488","7,198","3,045",x,x,x,x,x,x,x,x,x,x,x,x,x,x,"4,153",x,x,75.6,4.3,95.7,42.3,x,x,x,x,x,x,x,x,x,x,x,x,x,x,57.7,x
GR19,LK,14625,Bautzen,GE,14625610,"Weißenberg, Stadt","2,261",277,0,"2,538","1,762",253,251,85,"1,677","4,746","1,582",x,x,x,x,x,x,x,x,x,x,x,x,x,x,"3,164",x,x,69.4,4.8,95.2,33.3,x,x,x,x,x,x,x,x,x,x,x,x,x,x,66.7,x
GR19,LK,14625,Bautzen,GE,14625630,"Wilthen, Stadt","3,807",408,0,"4,215","2,639",368,368,93,"2,546","7,312","2,691",554,320,"1,655","1,015",x,x,x,x,x,x,x,x,x,x,"1,077",x,x,62.6,3.5,96.5,36.8,7.6,4.4,22.6,13.9,x,x,x,x,x,x,x,x,x,x,14.7,x
GR19,LK,14625,Bautzen,GE,14625640,"Wittichenau, Stadt","4,155",514,0,"4,669","3,369",473,473,111,"3,258","9,537","3,993",x,590,"1,000",x,x,x,x,x,x,x,x,x,x,x,"3,954",x,x,72.2,3.3,96.7,41.9,x,6.2,10.5,x,x,x,x,x,x,x,x,x,x,x,41.5,x
GR19,LK,14626,Görlitz,GE,14626010,"Bad Muskau, Stadt","2,810",280,0,"3,090","1,649",255,255,48,"1,601","4,535","2,104",958,917,x,x,x,x,x,x,x,x,x,x,x,x,556,x,x,53.4,2.9,97.1,46.4,21.1,20.2,x,x,x,x,x,x,x,x,x,x,x,x,12.3,x
GR19,LK,14626,Görlitz,GE,14626020,Beiersdorf,854,114,0,968,699,98,98,14,685,"1,935",x,x,x,x,x,x,x,x,x,x,x,x,x,x,x,"1,931",4,x,72.2,2.0,98.0,x,x,x,x,x,x,x,x,x,x,x,x,x,x,x,99.8,0.2
GR19,LK,14626,Görlitz,GE,14626030,"Bernstadt a. d. Eigen, Stadt","2,457",365,0,"2,822","1,895",326,326,84,"1,811","5,195",561,x,x,630,x,x,x,x,x,x,x,x,x,x,x,"4,004",x,x,67.2,4.4,95.6,10.8,x,x,12.1,x,x,x,x,x,x,x,x,x,x,x,77.1,x
GR19,LK,14626,Görlitz,GE,14626050,Bertsdorf-Hörnitz,"1,598",192,0,"1,790","1,240",167,166,41,"1,199","3,420",830,x,x,x,x,x,x,x,x,x,x,x,x,x,x,"2,590",x,x,69.3,3.3,96.7,24.3,x,x,x,x,x,x,x,x,x,x,x,x,x,x,75.7,x
GR19,LK,14626,Görlitz,GE,14626060,Boxberg/O.L.,"3,356",422,0,"3,778","2,632",305,305,69,"2,563","7,426","1,565",786,x,x,x,x,x,x,x,x,x,x,x,x,x,"5,075",x,x,69.7,2.6,97.4,21.1,10.6,x,x,x,x,x,x,x,x,x,x,x,x,x,68.3,x
GR19,LK,14626,Görlitz,GE,14626070,Dürrhennersdorf,701,132,0,833,556,115,115,22,534,"1,565",562,x,x,x,x,x,x,x,x,x,x,x,x,x,x,"1,003",x,x,66.7,4.0,96.0,35.9,x,x,x,x,x,x,x,x,x,x,x,x,x,x,64.1,x
GR19,LK,14626,Görlitz,GE,14626085,"Ebersbach-Neugersdorf, Stadt","9,220",999,0,"10,219","5,829",815,814,98,"5,731","16,199","2,821","1,686",x,"3,958","2,051",x,"1,032",x,x,x,x,x,x,x,x,"4,651",x,x,57.0,1.7,98.3,17.4,10.4,x,24.4,12.7,x,6.4,x,x,x,x,x,x,x,x,28.7,x
GR19,LK,14626,Görlitz,GE,14626100,Gablenz,"1,216",155,0,"1,371",955,142,142,35,920,"2,661","1,169",212,157,x,x,x,x,x,x,x,x,x,x,x,x,"1,123",x,x,69.7,3.7,96.3,43.9,8.0,5.9,x,x,x,x,x,x,x,x,x,x,x,x,42.2,x
GR19,LK,14626,Görlitz,GE,14626110,"Görlitz, Stadt","38,776","7,343",0,"46,119","27,074","6,611","6,581",544,"26,530","76,760","16,896","6,516","1,782","23,603","1,663",376,"5,847",x,x,x,x,x,x,x,x,"20,077",x,x,58.7,2.0,98.0,22.0,8.5,2.3,30.7,2.2,0.5,7.6,x,x,x,x,x,x,x,x,26.2,x
GR19,LK,14626,Görlitz,GE,14626120,Groß Düben,780,104,0,884,694,96,96,29,665,"1,905",x,x,x,x,x,x,x,x,x,x,x,x,x,x,x,"1,905",x,x,78.5,4.2,95.8,x,x,x,x,x,x,x,x,x,x,x,x,x,x,x,100.0,x
GR19,LK,14626,Görlitz,GE,14626140,Großschönau,"4,111",515,0,"4,626","2,934",424,424,77,"2,857","8,178","2,527",446,"2,481","1,622",x,x,x,x,x,x,x,x,x,x,x,"1,102",x,x,63.4,2.6,97.4,30.9,5.5,30.3,19.8,x,x,x,x,x,x,x,x,x,x,x,13.5,x
GR19,LK,14626,Görlitz,GE,14626150,Großschweidnitz,941,139,0,"1,080",650,131,131,18,632,"1,575",x,x,x,x,x,x,x,x,x,x,x,x,x,x,x,"1,555",20,x,60.2,2.8,97.2,x,x,x,x,x,x,x,x,x,x,x,x,x,x,x,98.7,1.3
GR19,LK,14626,Görlitz,GE,14626160,Hähnichen,937,67,0,"1,004",698,61,60,19,679,"1,975",505,x,140,362,x,x,x,x,x,x,x,x,x,x,x,968,x,x,69.5,2.7,97.3,25.6,x,7.1,18.3,x,x,x,x,x,x,x,x,x,x,x,49.0,x
GR19,LK,14626,Görlitz,GE,14626170,Hainewalde,"1,114",139,0,"1,253",874,121,120,21,853,"2,516",x,x,x,236,x,x,x,x,x,x,x,x,x,x,x,"2,280",x,x,69.8,2.4,97.6,x,x,x,9.4,x,x,x,x,x,x,x,x,x,x,x,90.6,x
GR19,LK,14626,Görlitz,GE,14626180,"Herrnhut, Stadt","4,219",552,0,"4,771","3,076",463,462,53,"3,023","8,783","1,864",485,186,"1,402",x,x,x,x,x,x,x,x,x,x,x,"4,846",x,x,64.5,1.7,98.3,21.2,5.5,2.1,16.0,x,x,x,x,x,x,x,x,x,x,x,55.2,x
GR19,LK,14626,Görlitz,GE,14626190,Hohendubrau,"1,366",155,0,"1,521","1,082",148,148,42,"1,040","3,069","1,384",x,x,x,x,x,x,x,x,x,x,x,x,x,x,"1,685",x,x,71.1,3.9,96.1,45.1,x,x,x,x,x,x,x,x,x,x,x,x,x,x,54.9,x
GR19,LK,14626,Görlitz,GE,14626200,Horka,"1,274",140,0,"1,414",949,118,118,29,920,"2,643",799,167,x,x,x,x,x,x,x,x,x,x,x,x,x,"1,677",x,x,67.1,3.1,96.9,30.2,6.3,x,x,x,x,x,x,x,x,x,x,x,x,x,63.5,x
GR19,LK,14626,Görlitz,GE,14626210,"Jonsdorf, Kurort","1,099",233,0,"1,332",998,214,214,15,983,"2,439",x,x,x,x,x,x,x,x,x,x,x,x,x,x,x,"2,435",4,x,74.9,1.5,98.5,x,x,x,x,x,x,x,x,x,x,x,x,x,x,x,99.8,0.2
GR19,LK,14626,Görlitz,GE,14626230,Kodersdorf,"1,790",205,0,"1,995","1,432",179,179,28,"1,404","4,107","2,204",249,150,x,x,x,x,x,x,x,x,x,x,x,x,"1,504",x,x,71.8,2.0,98.0,53.7,6.1,3.7,x,x,x,x,x,x,x,x,x,x,x,x,36.6,x
GR19,LK,14626,Görlitz,GE,14626240,Königshain,848,108,0,956,715,97,97,12,703,"2,076",433,x,x,341,x,x,x,x,x,x,x,x,x,x,x,"1,302",x,x,74.8,1.7,98.3,20.9,x,x,16.4,x,x,x,x,x,x,x,x,x,x,x,62.7,x
GR19,LK,14626,Görlitz,GE,14626245,Kottmar,"5,545",698,0,"6,243","4,257",622,622,135,"4,122","12,042","1,312",595,x,"1,890",x,x,x,x,x,x,x,x,x,x,x,"8,245",x,x,68.2,3.2,96.8,10.9,4.9,x,15.7,x,x,x,x,x,x,x,x,x,x,x,68.5,x
GR19,LK,14626,Görlitz,GE,14626250,Krauschwitz i.d. O.L.,"2,628",263,0,"2,891","1,917",236,236,49,"1,868","5,424","2,232",477,x,"1,136",x,x,x,x,x,x,x,x,x,x,x,"1,579",x,x,66.3,2.6,97.4,41.2,8.8,x,20.9,x,x,x,x,x,x,x,x,x,x,x,29.1,x
GR19,LK,14626,Görlitz,GE,14626260,Kreba-Neudorf,684,58,0,742,532,51,51,9,523,"1,557",558,x,x,x,x,x,x,x,x,x,x,x,x,x,x,999,x,x,71.7,1.7,98.3,35.8,x,x,x,x,x,x,x,x,x,x,x,x,x,x,64.2,x
GR19,LK,14626,Görlitz,GE,14626270,Lawalde,"1,315",219,0,"1,534","1,125",202,202,16,"1,109","3,248","1,244",274,x,"1,215",179,x,x,x,x,x,x,x,x,x,x,336,x,x,73.3,1.4,98.6,38.3,8.4,x,37.4,5.5,x,x,x,x,x,x,x,x,x,x,10.3,x
GR19,LK,14626,Görlitz,GE,14626280,Leutersdorf,"2,653",302,0,"2,955","1,940",284,284,57,"1,883","5,408","2,613",x,x,x,x,x,x,x,x,x,x,x,x,x,x,"2,795",x,x,65.7,2.9,97.1,48.3,x,x,x,x,x,x,x,x,x,x,x,x,x,x,51.7,x
GR19,LK,14626,Görlitz,GE,14626290,"Löbau, Stadt","10,828","1,376",0,"12,204","7,103","1,191","1,191",178,"6,925","19,876","3,249","2,480",x,"5,975",594,x,620,x,x,x,x,x,x,x,x,"6,958",x,x,58.2,2.5,97.5,16.3,12.5,x,30.1,3.0,x,3.1,x,x,x,x,x,x,x,x,35.0,x
GR19,LK,14626,Görlitz,GE,14626300,Markersdorf,"2,765",401,0,"3,166","2,418",355,355,52,"2,366","6,727",782,478,x,x,x,x,x,x,x,x,x,x,x,x,x,"5,467",x,x,76.4,2.2,97.8,11.6,7.1,x,x,x,x,x,x,x,x,x,x,x,x,x,81.3,x
GR19,LK,14626,Görlitz,GE,14626310,Mittelherwigsdorf,"2,659",389,0,"3,048","2,137",367,367,64,"2,073","6,112","1,507",275,x,x,x,x,x,x,x,x,x,x,x,x,x,"4,330",x,x,70.1,3.0,97.0,24.7,4.5,x,x,x,x,x,x,x,x,x,x,x,x,x,70.8,x
GR19,LK,14626,Görlitz,GE,14626320,Mücka,774,53,0,827,567,45,45,12,555,"1,631",232,160,x,x,539,x,x,x,x,x,x,x,x,x,x,700,x,x,68.6,2.1,97.9,14.2,9.8,x,x,33.0,x,x,x,x,x,x,x,x,x,x,42.9,x
GR19,LK,14626,Görlitz,GE,14626330,Neißeaue,"1,294",113,0,"1,407",986,104,104,43,943,"2,671",x,x,x,x,x,x,x,x,x,x,x,x,x,x,x,"2,671",x,x,70.1,4.4,95.6,x,x,x,x,x,x,x,x,x,x,x,x,x,x,x,100.0,x
GR19,LK,14626,Görlitz,GE,14626350,"Neusalza-Spremberg, Stadt","2,484",293,0,"2,777","1,839",276,276,44,"1,795","5,188","2,128",x,x,"1,179",x,x,x,x,x,x,x,x,x,x,x,"1,881",x,x,66.2,2.4,97.6,41.0,x,x,22.7,x,x,x,x,x,x,x,x,x,x,x,36.3,x
GR19,LK,14626,Görlitz,GE,14626370,"Niesky, Stadt","7,006","1,060",0,"8,066","4,897",926,926,119,"4,778","13,727","2,822","1,762","1,208","3,779",634,x,x,x,x,x,x,x,x,x,x,"3,522",x,x,60.7,2.4,97.6,20.6,12.8,8.8,27.5,4.6,x,x,x,x,x,x,x,x,x,x,25.7,x
GR19,LK,14626,Görlitz,GE,14626390,Oderwitz,"3,758",562,0,"4,320","2,687",486,486,70,"2,617","7,584","2,134",573,x,"1,128",x,x,x,x,x,x,x,x,x,x,x,"3,749",x,x,62.2,2.6,97.4,28.1,7.6,x,14.9,x,x,x,x,x,x,x,x,x,x,x,49.4,x
GR19,LK,14626,Görlitz,GE,14626400,Olbersdorf,"3,442",608,0,"4,050","2,491",553,553,74,"2,417","6,957",x,921,x,x,x,x,x,x,x,x,x,x,x,x,x,"6,036",x,x,61.5,3.0,97.0,x,13.2,x,x,x,x,x,x,x,x,x,x,x,x,x,86.8,x
GR19,LK,14626,Görlitz,GE,14626410,Oppach,"1,767",201,0,"1,968","1,265",176,175,32,"1,233","3,513",832,x,112,955,x,x,x,x,x,x,x,x,x,x,x,"1,614",x,x,64.3,2.5,97.5,23.7,x,3.2,27.2,x,x,x,x,x,x,x,x,x,x,x,45.9,x
GR19,LK,14626,Görlitz,GE,14626420,"Ostritz, Stadt","1,704",216,0,"1,920","1,301",197,197,43,"1,258","3,602","1,011",x,x,501,274,x,x,x,x,x,x,x,x,x,x,"1,816",x,x,67.8,3.3,96.7,28.1,x,x,13.9,7.6,x,x,x,x,x,x,x,x,x,x,50.4,x
GR19,LK,14626,Görlitz,GE,14626430,Oybin,980,210,0,"1,190",864,164,162,54,810,"2,349",164,226,x,x,x,x,x,x,x,x,x,x,x,x,x,"1,959",x,x,72.6,6.3,93.8,7.0,9.6,x,x,x,x,x,x,x,x,x,x,x,x,x,83.4,x
GR19,LK,14626,Görlitz,GE,14626440,Quitzdorf am See,943,109,0,"1,052",733,98,98,15,718,"2,058",772,223,x,x,x,x,x,x,x,x,x,x,x,x,x,"1,063",x,x,69.7,2.0,98.0,37.5,10.8,x,x,x,x,x,x,x,x,x,x,x,x,x,51.7,x
GR19,LK,14626,Görlitz,GE,14626450,"Reichenbach/O.L., Stadt","3,610",501,0,"4,111","2,710",455,454,60,"2,650","7,720","1,334",x,267,"1,722",x,x,x,x,x,x,x,x,x,x,x,"4,397",x,x,65.9,2.2,97.8,17.3,x,3.5,22.3,x,x,x,x,x,x,x,x,x,x,x,57.0,x
GR19,LK,14626,Görlitz,GE,14626460,Rietschen,"1,754",413,0,"2,167","1,494",385,385,77,"1,417","4,075","1,370",x,x,x,x,x,x,x,x,x,x,x,x,x,x,"2,705",x,x,68.9,5.2,94.8,33.6,x,x,x,x,x,x,x,x,x,x,x,x,x,x,66.4,x
GR19,LK,14626,Görlitz,GE,14626470,Rosenbach,"1,124",137,0,"1,261",893,123,123,32,861,"2,547","1,740",x,x,x,x,x,x,x,x,x,x,x,x,x,x,807,x,x,70.8,3.6,96.4,68.3,x,x,x,x,x,x,x,x,x,x,x,x,x,x,31.7,x
GR19,LK,14626,Görlitz,GE,14626480,"Rothenburg/O.L., Stadt","3,439",365,0,"3,804","2,294",345,344,52,"2,242","6,502","2,917",900,x,"1,076",x,x,x,x,x,x,x,x,x,x,x,"1,609",x,x,60.3,2.3,97.7,44.9,13.8,x,16.5,x,x,x,x,x,x,x,x,x,x,x,24.7,x
GR19,LK,14626,Görlitz,GE,14626490,Schleife,"1,846",244,0,"2,090","1,434",229,229,32,"1,402","3,993","1,352",313,x,749,x,x,77,x,x,x,x,x,x,x,x,"1,502",x,x,68.6,2.2,97.8,33.9,7.8,x,18.8,x,x,1.9,x,x,x,x,x,x,x,x,37.6,x
GR19,LK,14626,Görlitz,GE,14626500,Schönau-Berzdorf a. d. Eigen,"1,153",98,0,"1,251",841,89,89,30,811,"2,354",784,210,73,x,x,x,x,x,x,x,x,x,x,x,x,"1,287",x,x,67.2,3.6,96.4,33.3,8.9,3.1,x,x,x,x,x,x,x,x,x,x,x,x,54.7,x
GR19,LK,14626,Görlitz,GE,14626510,Schönbach,834,80,0,914,643,68,68,14,629,"1,845",434,x,x,x,x,x,83,x,x,x,x,x,x,x,x,"1,328",x,x,70.4,2.2,97.8,23.5,x,x,x,x,x,4.5,x,x,x,x,x,x,x,x,72.0,x
GR19,LK,14626,Görlitz,GE,14626520,Schöpstal,"1,697",289,0,"1,986","1,543",257,257,47,"1,496","4,388",332,291,x,x,115,x,x,x,x,x,x,x,x,x,x,"3,650",x,x,77.7,3.0,97.0,7.6,6.6,x,x,2.6,x,x,x,x,x,x,x,x,x,x,83.2,x
GR19,LK,14626,Görlitz,GE,14626530,"Seifhennersdorf, Stadt","2,775",341,0,"3,116","1,891",320,320,69,"1,822","5,293","1,838",383,x,x,x,x,x,x,x,x,x,x,x,x,x,"3,072",x,x,60.7,3.6,96.4,34.7,7.2,x,x,x,x,x,x,x,x,x,x,x,x,x,58.0,x
GR19,LK,14626,Görlitz,GE,14626560,Trebendorf,657,88,0,745,556,83,83,23,533,"1,552",290,x,x,x,x,x,x,x,x,x,x,x,x,x,x,"1,262",x,x,74.6,4.1,95.9,18.7,x,x,x,x,x,x,x,x,x,x,x,x,x,x,81.3,x
GR19,LK,14626,Görlitz,GE,14626570,Vierkirchen,"1,233",160,0,"1,393",960,137,137,26,934,"2,669",x,x,30,x,x,x,x,x,x,x,x,x,x,x,x,"2,639",x,x,68.9,2.7,97.3,x,x,1.1,x,x,x,x,x,x,x,x,x,x,x,x,98.9,x
GR19,LK,14626,Görlitz,GE,14626580,Waldhufen,"1,762",181,0,"1,943","1,425",169,169,36,"1,389","4,064","1,206",x,x,x,x,x,x,x,x,x,x,x,x,x,x,"2,858",x,x,73.3,2.5,97.5,29.7,x,x,x,x,x,x,x,x,x,x,x,x,x,x,70.3,x
GR19,LK,14626,Görlitz,GE,14626590,Weißkeißel,"1,041",73,0,"1,114",713,60,0,20,693,"1,974",x,170,181,175,x,x,x,x,x,x,x,x,x,x,x,"1,448",x,x,64.0,2.8,97.2,x,8.6,9.2,8.9,x,x,x,x,x,x,x,x,x,x,x,73.4,x
GR19,LK,14626,Görlitz,GE,14626600,"Weißwasser/O.L., Stadt","12,431","1,433",0,"13,864","7,233","1,211","1,207",186,"7,047","20,202","2,615","2,135","1,642","4,460",x,x,511,x,x,x,x,x,x,x,x,"8,839",x,x,52.2,2.6,97.4,12.9,10.6,8.1,22.1,x,x,2.5,x,x,x,x,x,x,x,x,43.8,x
GR19,LK,14626,Görlitz,GE,14626610,"Zittau, Stadt","18,923","2,631",0,"21,554","12,316","2,323","2,320",367,"11,949","34,003","4,852","3,663",957,"8,063","2,017",x,"1,829",x,x,x,x,x,x,x,x,"12,622",x,x,57.1,3.0,97.0,14.3,10.8,2.8,23.7,5.9,x,5.4,x,x,x,x,x,x,x,x,37.1,x
GR19,LK,14627,Meißen,GE,14627010,"Coswig, Stadt","14,313","3,131",0,"17,444","10,847","2,792","2,789",205,"10,642","30,732","8,371","3,110","1,546","7,796","1,545",x,"2,780","1,146",x,x,x,x,x,x,x,"4,438",x,x,62.2,1.9,98.1,27.2,10.1,5.0,25.4,5.0,x,9.0,3.7,x,x,x,x,x,x,x,14.4,x
GR19,LK,14627,Meißen,GE,14627020,Diera-Zehren,"2,293",453,0,"2,746","1,875",414,414,30,"1,845","5,417","1,346",335,x,x,x,x,x,x,x,x,x,x,x,x,x,"3,736",x,x,68.3,1.6,98.4,24.8,6.2,x,x,x,x,x,x,x,x,x,x,x,x,x,69.0,x
GR19,LK,14627,Meißen,GE,14627030,Ebersbach,"3,195",422,0,"3,617","2,694",402,274,75,"2,619","7,672","3,084",x,x,"1,405",233,x,x,x,x,x,x,x,x,x,x,"2,950",x,x,74.5,2.8,97.2,40.2,x,x,18.3,3.0,x,x,x,x,x,x,x,x,x,x,38.5,x
GR19,LK,14627,Meißen,GE,14627040,Glaubitz,"1,461",278,0,"1,739","1,154",255,255,15,"1,139","3,310","1,214",278,x,696,x,x,x,x,x,x,x,x,x,x,x,"1,122",x,x,66.4,1.3,98.7,36.7,8.4,x,21.0,x,x,x,x,x,x,x,x,x,x,x,33.9,x
GR19,LK,14627,Meißen,GE,14627050,"Gröditz, Stadt","5,191",686,0,"5,877","3,369",624,624,91,"3,278","9,477","1,906","1,125",905,"2,804",x,x,x,x,x,x,x,x,x,x,x,"2,737",x,x,57.3,2.7,97.3,20.1,11.9,9.5,29.6,x,x,x,x,x,x,x,x,x,x,x,28.9,x
GR19,LK,14627,Meißen,GE,14627060,"Großenhain, Stadt","13,835","1,636",0,"15,471","9,271","1,487","1,487",189,"9,082","26,324","6,163","2,920","1,163","6,668","1,176",x,x,x,x,x,x,x,x,x,x,"8,234",x,x,59.9,2.0,98.0,23.4,11.1,4.4,25.3,4.5,x,x,x,x,x,x,x,x,x,x,31.3,x
GR19,LK,14627,Meißen,GE,14627070,Hirschstein,"1,369",260,0,"1,629","1,166",247,247,29,"1,137","3,329",640,x,x,629,x,x,x,x,x,x,x,x,x,x,x,"2,060",x,x,71.6,2.5,97.5,19.2,x,x,18.9,x,x,x,x,x,x,x,x,x,x,x,61.9,x
GR19,LK,14627,Meißen,GE,14627080,Käbschütztal,"1,858",348,0,"2,206","1,457",301,301,25,"1,432","4,177","1,014",313,x,847,x,x,x,x,x,x,x,x,x,x,x,"2,003",x,x,66.0,1.7,98.3,24.3,7.5,x,20.3,x,x,x,x,x,x,x,x,x,x,x,48.0,x
GR19,LK,14627,Meißen,GE,14627100,Klipphausen,"7,067","1,239",0,"8,306","5,823","1,173","1,172",100,"5,723","16,740","3,057",646,325,"2,877",331,x,"1,020",x,x,x,x,x,x,x,x,"8,484",x,x,70.1,1.7,98.3,18.3,3.9,1.9,17.2,2.0,x,6.1,x,x,x,x,x,x,x,x,50.7,x
GR19,LK,14627,Meißen,GE,14627110,Lampertswalde,"1,899",225,0,"2,124","1,605",214,94,49,"1,556","4,560",497,x,x,x,x,x,x,x,x,x,x,x,x,x,x,"4,063",x,x,75.6,3.1,96.9,10.9,x,x,x,x,x,x,x,x,x,x,x,x,x,x,89.1,x
GR19,LK,14627,Meißen,GE,14627130,"Lommatzsch, Stadt","3,727",407,0,"4,134","2,569",360,359,82,"2,487","7,260","2,195",x,x,x,"2,211",x,x,x,x,x,x,x,x,x,x,"2,854",x,x,62.1,3.2,96.8,30.2,x,x,x,30.5,x,x,x,x,x,x,x,x,x,x,39.3,x
GR19,LK,14627,Meißen,GE,14627140,"Meißen, Stadt","19,979","3,017",0,"22,996","12,415","2,732","2,719",210,"12,205","35,845","5,611","3,640","1,437","6,769","3,434",x,x,x,x,410,x,x,x,847,x,"13,697",x,x,54.0,1.7,98.3,15.7,10.2,4.0,18.9,9.6,x,x,x,x,1.1,x,x,x,2.4,x,38.2,x
GR19,LK,14627,Meißen,GE,14627150,Moritzburg,"5,598","1,107",0,"6,705","4,872","1,013","1,013",74,"4,798","13,677","3,841","1,028","3,097","3,458",x,x,x,x,x,x,x,x,x,x,x,"2,253",x,x,72.7,1.5,98.5,28.1,7.5,22.6,25.3,x,x,x,x,x,x,x,x,x,x,x,16.5,x
GR19,LK,14627,Meißen,GE,14627170,Niederau,"2,874",364,0,"3,238","2,306",330,330,51,"2,255","6,556","1,598",x,x,"1,300",379,x,x,x,x,x,x,x,x,x,x,"3,279",x,x,71.2,2.2,97.8,24.4,x,x,19.8,5.8,x,x,x,x,x,x,x,x,x,x,50.0,x
GR19,LK,14627,Meißen,GE,14627180,"Nossen, Stadt","7,694","1,115",0,"8,809","5,428","1,051","1,051",107,"5,321","15,386","3,498",879,928,"2,662",x,x,x,x,x,x,x,x,x,x,x,"7,419",x,x,61.6,2.0,98.0,22.7,5.7,6.0,17.3,x,x,x,x,x,x,x,x,x,x,x,48.2,x
GR19,LK,14627,Meißen,GE,14627190,Nünchritz,"4,082",656,0,"4,738","3,180",607,607,121,"3,059","8,818","3,302","1,276","1,942",x,x,x,x,x,x,x,x,x,x,x,x,"2,298",x,x,67.1,3.8,96.2,37.4,14.5,22.0,x,x,x,x,x,x,x,x,x,x,x,x,26.1,x
GR19,LK,14627,Meißen,GE,14627200,Priestewitz,"2,268",284,0,"2,552","1,886",278,277,45,"1,841","5,400",898,x,x,413,x,x,x,x,x,x,x,x,x,x,x,"4,089",x,x,73.9,2.4,97.6,16.6,x,x,7.6,x,x,x,x,x,x,x,x,x,x,x,75.7,x
GR19,LK,14627,Meißen,GE,14627210,"Radebeul, Stadt","22,241","5,176",0,"27,417","19,407","4,798","4,775",321,"19,086","55,335","14,160","5,061","3,553","10,572","3,673",x,x,x,x,x,x,x,x,x,x,"18,316",x,x,70.8,1.7,98.3,25.6,9.1,6.4,19.1,6.6,x,19.4,x,x,x,x,x,x,x,x,33.1,x
GR19,LK,14627,Meißen,GE,14627220,"Radeburg, Stadt","5,406",664,0,"6,070","4,103",597,595,73,"4,030","11,692","3,873","1,209","1,050","2,249",x,x,x,x,x,x,x,x,x,x,x,"3,311",x,x,67.6,1.8,98.2,33.1,10.3,9.0,19.2,x,x,x,x,x,x,x,x,x,x,x,28.3,x
GR19,LK,14627,Meißen,GE,14627230,"Riesa, Stadt","22,558","3,098",0,"25,656","14,018","2,631","2,631",313,"13,705","39,772","10,231","5,937","3,309","9,149","2,602","1,258",x,x,x,x,x,x,x,x,x,"7,286",x,x,54.6,2.2,97.8,25.7,14.9,8.3,23.0,6.5,3.2,x,x,x,x,x,x,x,x,x,18.3,x
GR19,LK,14627,Meißen,GE,14627240,Röderaue,"1,897",356,0,"2,253","1,516",327,327,43,"1,473","4,305","1,567",684,x,"1,233",x,x,x,x,x,x,x,x,x,x,x,821,x,x,67.3,2.8,97.2,36.4,15.9,x,28.6,x,x,x,x,x,x,x,x,x,x,x,19.1,x
GR19,LK,14627,Meißen,GE,14627250,Schönfeld,"1,358",147,0,"1,505","1,095",114,97,30,"1,065","3,109",909,x,x,904,x,x,x,x,x,x,x,x,x,x,x,"1,296",x,x,72.8,2.7,97.3,29.2,x,x,29.1,x,x,x,x,x,x,x,x,x,x,x,41.7,x
GR19,LK,14627,Meißen,GE,14627260,Stauchitz,"2,282",312,0,"2,594","1,738",274,274,33,"1,705","5,026",945,550,x,634,431,x,x,x,x,x,x,x,x,x,x,"2,466",x,x,67.0,1.9,98.1,18.8,10.9,x,12.6,8.6,x,x,x,x,x,x,x,x,x,x,49.1,x
GR19,LK,14627,Meißen,GE,14627270,"Strehla, Stadt","2,678",423,0,"3,101","1,952",390,390,39,"1,913","5,600","1,516",473,271,730,x,471,x,x,x,x,x,x,x,x,x,"2,139",x,x,62.9,2.0,98.0,27.1,8.4,4.8,13.0,x,8.4,x,x,x,x,x,x,x,x,x,38.2,x
GR19,LK,14627,Meißen,GE,14627290,Thiendorf,"2,723",303,0,"3,026","2,183",284,284,68,"2,115","6,184","1,453",x,x,x,x,x,x,x,x,x,x,x,x,x,x,"4,731",x,x,72.1,3.1,96.9,23.5,x,x,x,x,x,x,x,x,x,x,x,x,x,x,76.5,x
GR19,LK,14627,Meißen,GE,14627310,Weinböhla,"7,225","1,333",0,"8,558","5,997","1,215","1,211",121,"5,876","16,932","7,923","1,389",887,"3,971",x,x,x,x,x,x,x,x,x,x,x,"2,762",x,x,70.1,2.0,98.0,46.8,8.2,5.2,23.5,x,x,x,x,x,x,x,x,x,x,x,16.3,x
GR19,LK,14627,Meißen,GE,14627340,Wülknitz,"1,253",146,0,"1,399",909,129,129,47,862,"2,497",889,x,x,x,304,x,x,x,x,x,x,x,x,x,x,"1,304",x,x,65.0,5.2,94.8,35.6,x,x,x,12.2,x,x,x,x,x,x,x,x,x,x,52.2,x
GR19,LK,14627,Meißen,GE,14627360,Zeithain,"4,034",738,0,"4,772","2,997",623,620,100,"2,897","8,343","2,564",756,222,x,"1,094",x,x,x,x,x,x,x,x,x,x,"3,707",x,x,62.8,3.3,96.7,30.7,9.1,2.7,x,13.1,x,x,x,x,x,x,x,x,x,x,44.4,x
GR19,LK,14628,Sächsische Schweiz-Osterzgebirge,GE,14628010,"Altenberg, Stadt","5,525","1,038",0,"6,563","4,788",995,993,88,"4,700","13,625","2,612","1,424",x,"2,202",x,x,x,x,x,x,x,x,x,x,x,"7,387",x,x,73.0,1.8,98.2,19.2,10.5,x,16.2,x,x,x,x,x,x,x,x,x,x,x,54.2,x
GR19,LK,14628,Sächsische Schweiz-Osterzgebirge,GE,14628020,"Bad Gottleuba-Berggießhübel, Stadt","4,173",498,0,"4,671","2,948",474,474,49,"2,899","8,501","2,823","1,547",x,"1,759",x,x,284,x,x,x,x,x,x,x,x,"2,088",x,x,63.1,1.7,98.3,33.2,18.2,x,20.7,x,x,3.3,x,x,x,x,x,x,x,x,24.6,x
GR19,LK,14628,Sächsische Schweiz-Osterzgebirge,GE,14628030,"Bad Schandau, Stadt","2,660",440,0,"3,100","2,166",401,399,34,"2,132","6,161","1,620",497,x,"1,341",x,295,x,x,x,x,x,x,x,x,x,"2,408",x,x,69.9,1.6,98.4,26.3,8.1,x,21.8,x,4.8,x,x,x,x,x,x,x,x,x,39.1,x
GR19,LK,14628,Sächsische Schweiz-Osterzgebirge,GE,14628040,Bahretal,"1,600",166,0,"1,766","1,258",0,0,41,"1,217","3,568",x,x,x,x,x,x,x,x,x,x,x,x,x,x,x,"3,568",x,x,71.2,3.3,96.7,x,x,x,x,x,x,x,x,x,x,x,x,x,x,x,100.0,x
GR19,LK,14628,Sächsische Schweiz-Osterzgebirge,GE,14628050,Bannewitz,"7,245","1,666",0,"8,911","6,438","1,536","1,534",98,"6,340","18,396","3,858","1,322",x,"3,405",x,x,"1,946",x,x,x,x,x,x,x,x,"7,865",x,x,72.2,1.5,98.5,21.0,7.2,x,18.5,x,x,10.6,x,x,x,x,x,x,x,x,42.8,x
GR19,LK,14628,Sächsische Schweiz-Osterzgebirge,GE,14628060,"Dippoldiswalde, Stadt","10,006","1,815",0,"11,821","8,081","1,698","1,698",175,"7,906","22,801","5,507","1,809","1,709","5,240",x,323,"1,091",x,x,x,x,x,x,x,x,"7,122",x,x,68.4,2.2,97.8,24.2,7.9,7.5,23.0,x,1.4,4.8,x,x,x,x,x,x,x,x,31.2,x
GR19,LK,14628,Sächsische Schweiz-Osterzgebirge,GE,14628070,Dohma,"1,395",199,0,"1,594","1,128",182,182,26,"1,102","2,717",x,x,x,x,x,x,x,x,x,x,x,x,x,x,x,"2,715",2,x,70.8,2.3,97.7,x,x,x,x,x,x,x,x,x,x,x,x,x,x,x,99.9,0.1
GR19,LK,14628,Sächsische Schweiz-Osterzgebirge,GE,14628080,"Dohna, Stadt","4,232",848,0,"5,080","3,499",778,775,42,"3,457","9,836","2,607",x,425,"1,763",x,x,x,x,x,x,x,x,x,x,x,"5,041",x,x,68.9,1.2,98.8,26.5,x,4.3,17.9,x,x,x,x,x,x,x,x,x,x,x,51.3,x
GR19,LK,14628,Sächsische Schweiz-Osterzgebirge,GE,14628090,Dorfhain,787,90,0,877,648,82,82,13,635,"1,857",848,170,x,x,x,x,x,x,x,x,x,x,x,x,x,839,x,x,73.9,2.0,98.0,45.7,9.2,x,x,x,x,x,x,x,x,x,x,x,x,x,45.2,x
GR19,LK,14628,Sächsische Schweiz-Osterzgebirge,GE,14628100,Dürrröhrsdorf-Dittersbach,"2,918",523,0,"3,441","1,437",452,446,78,"1,359","4,003",270,x,x,x,x,x,x,x,x,x,x,x,x,x,x,"3,733",x,x,41.8,5.4,94.6,6.7,x,x,x,x,x,x,x,x,x,x,x,x,x,x,93.3,x
GR19,LK,14628,Sächsische Schweiz-Osterzgebirge,GE,14628110,"Freital, Stadt","27,917","4,590",0,"32,507","19,893","4,120","4,120",335,"19,558","56,676","13,216","4,719","4,271","14,689","3,188",396,"3,565",x,x,x,x,x,x,x,x,"12,632",x,x,61.2,1.7,98.3,23.3,8.3,7.5,25.9,5.6,0.7,6.3,x,x,x,x,x,x,x,x,22.3,x
GR19,LK,14628,Sächsische Schweiz-Osterzgebirge,GE,14628130,"Glashütte, Stadt","4,805",727,0,"5,532","4,043",659,658,101,"3,942","11,543","2,489",312,x,"2,287",x,x,"1,285",x,x,x,x,x,x,x,x,"5,170",x,x,73.1,2.5,97.5,21.6,2.7,x,19.8,x,x,11.1,x,x,x,x,x,x,x,x,44.8,x
GR19,LK,14628,Sächsische Schweiz-Osterzgebirge,GE,14628140,Gohrisch,"1,295",246,0,"1,541","1,170",220,219,45,"1,125","3,240",526,263,x,733,x,108,276,x,x,x,x,x,x,x,x,"1,334",x,x,75.9,3.8,96.2,16.2,8.1,x,22.6,x,3.3,8.5,x,x,x,x,x,x,x,x,41.2,x
GR19,LK,14628,Sächsische Schweiz-Osterzgebirge,GE,14628150,Hartmannsdorf-Reichenau,785,67,0,852,658,63,63,24,634,"1,886",x,x,x,x,x,x,x,x,x,x,x,x,x,x,x,"1,886",x,x,77.2,3.6,96.4,x,x,x,x,x,x,x,x,x,x,x,x,x,x,x,100.0,x
GR19,LK,14628,Sächsische Schweiz-Osterzgebirge,GE,14628160,"Heidenau, Stadt","12,006","1,550",0,"13,556","8,108","1,427","1,417",155,"7,953","22,978","5,920","3,184","1,072","6,789","2,187",x,"1,252",x,x,x,x,x,x,x,x,"2,574",x,x,59.8,1.9,98.1,25.8,13.9,4.7,29.5,9.5,x,5.4,x,x,x,x,x,x,x,x,11.2,x
GR19,LK,14628,Sächsische Schweiz-Osterzgebirge,GE,14628170,Hermsdorf/Erzgeb.,592,58,0,650,484,53,53,20,464,"1,362",139,x,x,x,x,x,x,x,x,x,x,x,x,x,x,"1,223",x,x,74.5,4.1,95.9,10.2,x,x,x,x,x,x,x,x,x,x,x,x,x,x,89.8,x
GR19,LK,14628,Sächsische Schweiz-Osterzgebirge,GE,14628190,"Hohnstein, Stadt","2,421",284,0,"2,705","1,834",261,99,34,"1,800","5,161","1,164",243,x,"1,196",x,x,500,x,x,x,x,x,x,x,x,"2,058",x,x,67.8,1.9,98.1,22.6,4.7,x,23.2,x,x,9.7,x,x,x,x,x,x,x,x,39.9,x
GR19,LK,14628,Sächsische Schweiz-Osterzgebirge,GE,14628205,Klingenberg,"4,851",631,0,"5,482","3,884",569,569,61,"3,823","11,168","2,710","1,061",x,"1,769",x,x,386,x,x,x,x,x,x,x,x,"5,242",x,x,70.9,1.6,98.4,24.3,9.5,x,15.8,x,x,3.5,x,x,x,x,x,x,x,x,46.9,x
GR19,LK,14628,Sächsische Schweiz-Osterzgebirge,GE,14628210,"Königstein/Sächs. Schw., Stadt","1,413",321,0,"1,734","1,193",271,267,23,"1,170","3,418",855,266,146,x,x,381,x,x,x,x,x,x,x,x,x,"1,770",x,x,68.8,1.9,98.1,25.0,7.8,4.3,x,x,11.1,x,x,x,x,x,x,x,x,x,51.8,x
GR19,LK,14628,Sächsische Schweiz-Osterzgebirge,GE,14628220,Kreischa,"2,842",800,0,"3,642","2,738",722,722,32,"2,706","7,900",815,569,x,"2,274",x,x,x,x,x,x,x,x,x,x,x,"4,242",x,x,75.2,1.2,98.8,10.3,7.2,x,28.8,x,x,x,x,x,x,x,x,x,x,x,53.7,x
GR19,LK,14628,Sächsische Schweiz-Osterzgebirge,GE,14628230,"Liebstadt, Stadt",971,76,0,"1,047",730,0,0,27,703,"2,058",922,x,x,x,x,x,x,x,x,x,x,x,x,x,x,"1,136",x,x,69.7,3.7,96.3,44.8,x,x,x,x,x,x,x,x,x,x,x,x,x,x,55.2,x
GR19,LK,14628,Sächsische Schweiz-Osterzgebirge,GE,14628240,Lohmen,"2,289",299,0,"2,588","1,839",271,269,102,"1,737","5,074","3,550",834,x,x,x,x,690,x,x,x,x,x,x,x,x,x,x,x,71.1,5.5,94.5,70.0,16.4,x,x,x,x,13.6,x,x,x,x,x,x,x,x,x,x
GR19,LK,14628,Sächsische Schweiz-Osterzgebirge,GE,14628250,Müglitztal,"1,392",193,0,"1,585","1,166",175,175,29,"1,137","3,307",435,x,x,543,x,x,x,x,x,x,x,x,x,x,x,"2,329",x,x,73.6,2.5,97.5,13.2,x,x,16.4,x,x,x,x,x,x,x,x,x,x,x,70.4,x
GR19,LK,14628,Sächsische Schweiz-Osterzgebirge,GE,14628260,"Neustadt in Sachsen, Stadt","9,223","1,193",0,"10,416","6,546","1,088","1,085",113,"6,433","18,830","3,964","1,177",x,"5,029","1,854",286,x,x,x,x,x,x,x,x,x,"6,520",x,x,62.8,1.7,98.3,21.1,6.3,x,26.7,9.8,1.5,x,x,x,x,x,x,x,x,x,34.6,x
GR19,LK,14628,Sächsische Schweiz-Osterzgebirge,GE,14628270,"Pirna, Stadt","27,585","4,196",0,"31,781","19,550","3,828","3,823",383,"19,167","55,721","9,547","6,264","2,885","10,894",x,"1,143","5,083",x,x,x,x,x,x,x,x,"19,905",x,x,61.5,2.0,98.0,17.1,11.2,5.2,19.6,x,2.1,9.1,x,x,x,x,x,x,x,x,35.7,x
GR19,LK,14628,Sächsische Schweiz-Osterzgebirge,GE,14628300,"Rabenau, Stadt","3,135",506,0,"3,641","2,579",473,473,94,"2,485","7,154","3,134",x,x,x,x,x,x,x,x,x,x,x,x,x,x,"4,020",x,x,70.8,3.6,96.4,43.8,x,x,x,x,x,x,x,x,x,x,x,x,x,x,56.2,x
GR19,LK,14628,Sächsische Schweiz-Osterzgebirge,GE,14628310,"Rathen, Kurort",229,68,0,297,235,63,63,4,231,687,364,x,123,x,x,x,x,x,x,x,x,x,x,x,x,200,x,x,79.1,1.7,98.3,53.0,x,17.9,x,x,x,x,x,x,x,x,x,x,x,x,29.1,x
GR19,LK,14628,Sächsische Schweiz-Osterzgebirge,GE,14628320,Rathmannsdorf,679,87,0,766,545,80,80,32,513,"1,495",x,x,x,x,x,x,x,x,x,x,x,x,x,x,x,"1,495",x,x,71.1,5.9,94.1,x,x,x,x,x,x,x,x,x,x,x,x,x,x,x,100.0,x
GR19,LK,14628,Sächsische Schweiz-Osterzgebirge,GE,14628330,Reinhardtsdorf-Schöna,"1,043",118,0,"1,161",869,113,113,13,856,"2,501",x,158,x,x,x,486,x,x,x,x,x,x,x,x,x,"1,857",x,x,74.8,1.5,98.5,x,6.3,x,x,x,19.4,x,x,x,x,x,x,x,x,x,74.3,x
GR19,LK,14628,Sächsische Schweiz-Osterzgebirge,GE,14628340,Rosenthal-Bielatal,"1,198",122,0,"1,320",947,96,96,27,920,"2,701",814,314,x,x,x,x,x,x,x,x,x,x,x,x,x,"1,573",x,x,71.7,2.9,97.1,30.1,11.6,x,x,x,x,x,x,x,x,x,x,x,x,x,58.2,x
GR19,LK,14628,Sächsische Schweiz-Osterzgebirge,GE,14628360,"Sebnitz, Stadt","7,021",983,0,"8,004","5,238",921,845,145,"5,093","14,906","4,519","1,008",x,"3,130",x,x,827,x,x,x,x,x,x,x,x,"5,422",x,x,65.4,2.8,97.2,30.3,6.8,x,21.0,x,x,5.5,x,x,x,x,x,x,x,x,36.4,x
GR19,LK,14628,Sächsische Schweiz-Osterzgebirge,GE,14628370,"Stadt Wehlen, Stadt","1,137",177,0,"1,314",971,164,163,27,944,"2,722",883,225,x,x,x,x,135,x,x,x,x,x,x,x,x,"1,479",x,x,73.9,2.8,97.2,32.4,8.3,x,x,x,x,5.0,x,x,x,x,x,x,x,x,54.3,x
GR19,LK,14628,Sächsische Schweiz-Osterzgebirge,GE,14628380,"Stolpen, Stadt","3,986",555,0,"4,541","3,122",499,497,61,"3,061","8,757","3,488",x,607,"1,681","1,483",x,516,x,x,x,x,x,x,x,x,982,x,x,68.8,2.0,98.0,39.8,x,6.9,19.2,16.9,x,5.9,x,x,x,x,x,x,x,x,11.2,x
GR19,LK,14628,Sächsische Schweiz-Osterzgebirge,GE,14628390,Struppen,"1,777",304,0,"2,081","1,565",262,262,32,"1,533","4,468","2,387",375,x,x,x,404,x,x,x,x,x,x,x,x,x,"1,302",x,x,75.2,2.0,98.0,53.4,8.4,x,x,x,9.0,x,x,x,x,x,x,x,x,x,29.1,x
GR19,LK,14628,Sächsische Schweiz-Osterzgebirge,GE,14628400,"Tharandt, Stadt","3,538",797,0,"4,335","3,268",737,633,58,"3,210","9,503","1,929",x,525,"1,875",167,x,x,x,x,x,x,x,x,x,x,"5,007",x,x,75.4,1.8,98.2,20.3,x,5.5,19.7,1.8,x,x,x,x,x,x,x,x,x,x,52.7,x
GR19,LK,14628,Sächsische Schweiz-Osterzgebirge,GE,14628410,"Wilsdruff, Stadt","10,135","1,325",0,"11,460","7,984","1,220","1,216",122,"7,862","22,834","8,384","1,757",931,"6,539",x,x,"1,072",x,x,x,x,x,x,x,x,"4,151",x,x,69.7,1.5,98.5,36.7,7.7,4.1,28.6,x,x,4.7,x,x,x,x,x,x,x,x,18.2,x
GR19,SN,14,Sachsen,KS,14713000,"Leipzig, Stadt","389,265","77,177",0,"466,442","278,667","68,960","67,894","3,751","274,916","801,752","140,585","171,423","99,022","119,616","38,481",x,"165,683",x,"11,512",x,x,x,x,"30,764",x,"24,666",x,x,59.7,1.3,98.7,17.5,21.4,12.4,14.9,4.8,x,20.7,x,1.4,x,x,x,x,3.8,x,3.1,x
GR19,LK,14729,Leipzig,GE,14729010,"Bad Lausick, Stadt","5,971",764,0,"6,735","4,294",677,675,93,"4,201","12,047","2,695","2,138",694,"2,703",x,x,x,x,x,x,x,x,x,x,x,"3,817",x,x,63.8,2.2,97.8,22.4,17.7,5.8,22.4,x,x,x,x,x,x,x,x,x,x,x,31.7,x
GR19,LK,14729,Leipzig,GE,14729020,Belgershain,"2,432",277,0,"2,709","1,806",249,249,36,"1,770","5,201",x,694,x,875,x,x,x,x,x,x,x,x,x,x,x,"3,632",x,x,66.7,2.0,98.0,x,13.3,x,16.8,x,x,x,x,x,x,x,x,x,x,x,69.8,x
GR19,LK,14729,Leipzig,GE,14729030,Bennewitz,"3,512",648,0,"4,160","2,800",628,628,192,"2,608","7,472","4,154","2,664",654,x,x,x,x,x,x,x,x,x,x,x,x,x,x,x,67.3,6.9,93.1,55.6,35.7,8.8,x,x,x,x,x,x,x,x,x,x,x,x,x,x
GR19,LK,14729,Leipzig,GE,14729040,"Böhlen, Stadt","4,780",682,0,"5,462","3,067",623,623,54,"3,013","8,572","1,841","1,378","2,134","1,916",680,x,623,x,x,x,x,x,x,x,x,x,x,x,56.2,1.8,98.2,21.5,16.1,24.9,22.4,7.9,x,7.3,x,x,x,x,x,x,x,x,x,x
GR19,LK,14729,Leipzig,GE,14729050,"Borna, Stadt","14,603","1,426",0,"16,029","8,567","1,264","1,262",204,"8,363","23,921","3,702","5,603","3,665","5,436",x,x,x,x,x,x,x,x,x,x,x,"5,515",x,x,53.4,2.4,97.6,15.5,23.4,15.3,22.7,x,x,x,x,x,x,x,x,x,x,x,23.1,x
GR19,LK,14729,Leipzig,GE,14729060,Borsdorf,"5,917",892,0,"6,809","4,400",810,809,70,"4,330","12,572","3,113",865,"1,102","1,705",423,x,x,x,x,x,x,x,x,x,x,"5,364",x,x,64.6,1.6,98.4,24.8,6.9,8.8,13.6,3.4,x,x,x,x,x,x,x,x,x,x,42.7,x
GR19,LK,14729,Leipzig,GE,14729070,"Brandis, Stadt","6,797","1,043",0,"7,840","4,819",943,938,105,"4,714","13,576",x,"1,795","2,411","2,797",x,x,835,x,x,x,x,x,"2,230",x,x,"3,508",x,x,61.5,2.2,97.8,x,13.2,17.8,20.6,x,x,6.2,x,x,x,x,x,16.4,x,x,25.8,x
GR19,LK,14729,Leipzig,GE,14729080,"Colditz, Stadt","6,198",887,0,"7,085","4,243",829,829,145,"4,098","12,033",522,661,x,x,876,x,x,x,x,x,x,x,x,x,x,"9,974",x,x,59.9,3.4,96.6,4.3,5.5,x,x,7.3,x,x,x,x,x,x,x,x,x,x,82.9,x
GR19,LK,14729,Leipzig,GE,14729100,Elstertrebnitz,873,186,0,"1,059",806,171,171,17,789,"2,316","1,786",x,x,x,x,x,x,x,x,x,x,x,x,x,x,530,x,x,76.1,2.1,97.9,77.1,x,x,x,x,x,x,x,x,x,x,x,x,x,x,22.9,x
GR19,LK,14729,Leipzig,GE,14729140,"Frohburg, Stadt","9,585",947,0,"10,532","6,608",837,833,118,"6,490","18,901","6,496","2,110","1,136","3,486",587,x,x,x,x,x,x,x,x,x,x,"5,086",x,x,62.7,1.8,98.2,34.4,11.2,6.0,18.4,3.1,x,x,x,x,x,x,x,x,x,x,26.9,x
GR19,LK,14729,Leipzig,GE,14729150,"Geithain, Stadt","5,231",607,0,"5,838","3,523",472,472,102,"3,421","9,858","1,895","1,321",x,x,x,x,x,x,x,x,x,x,x,x,x,"6,642",x,x,60.3,2.9,97.1,19.2,13.4,x,x,x,x,x,x,x,x,x,x,x,x,x,67.4,x
GR19,LK,14729,Leipzig,GE,14729160,"Grimma, Stadt","20,458","2,972",0,"23,430","13,448","2,542","2,538",362,"13,086","37,908","2,460","2,667","2,012","6,133",x,x,"1,105",x,x,x,x,x,x,x,x,"23,531",x,x,57.4,2.7,97.3,6.5,7.0,5.3,16.2,x,x,2.9,x,x,x,x,x,x,x,x,62.1,x
GR19,LK,14729,Leipzig,GE,14729170,"Groitzsch, Stadt","5,647",666,0,"6,313","3,825",637,636,78,"3,747","10,813","4,573",x,"1,370","1,500","2,195",x,"1,175",x,x,x,x,x,x,x,x,x,x,x,60.6,2.0,98.0,42.3,x,12.7,13.9,20.3,x,10.9,x,x,x,x,x,x,x,x,x,x
GR19,LK,14729,Leipzig,GE,14729190,Großpösna,"3,709",687,0,"4,396","3,165",632,632,39,"3,126","9,090","1,877","1,109","1,857","1,469","1,466",x,877,x,x,x,x,x,x,x,x,435,x,x,72.0,1.2,98.8,20.6,12.2,20.4,16.2,16.1,x,9.6,x,x,x,x,x,x,x,x,4.8,x
GR19,LK,14729,Leipzig,GE,14729220,"Kitzscher, Stadt","3,875",333,0,"4,208","2,392",312,312,55,"2,337","6,838","1,886",866,x,"1,042",x,x,x,x,x,x,x,x,x,x,x,"3,044",x,x,56.8,2.3,97.7,27.6,12.7,x,15.2,x,x,x,x,x,x,x,x,x,x,x,44.5,x
GR19,LK,14729,Leipzig,GE,14729245,Lossatal,"4,242",813,0,"5,055","3,193",736,736,74,"3,119","9,143","2,673","1,088",490,"1,259",x,x,424,x,x,x,x,x,x,x,x,"3,209",x,x,63.2,2.3,97.7,29.2,11.9,5.4,13.8,x,x,4.6,x,x,x,x,x,x,x,x,35.1,x
GR19,LK,14729,Leipzig,GE,14729250,Machern,"4,721",701,0,"5,422","3,634",626,626,56,"3,578","10,443","3,506",945,726,"1,468",x,x,652,x,x,x,x,x,x,x,x,"3,146",x,x,67.0,1.5,98.5,33.6,9.0,7.0,14.1,x,x,6.2,x,x,x,x,x,x,x,x,30.1,x
GR19,LK,14729,Leipzig,GE,14729260,"Markkleeberg, Stadt","17,024","3,194",0,"20,218","13,097","2,799","2,793",266,"12,831","37,257","9,543","4,456","8,866","5,659","2,852",x,"5,881",x,x,x,x,x,x,x,x,x,x,x,64.8,2.0,98.0,25.6,12.0,23.8,15.2,7.7,x,15.8,x,x,x,x,x,x,x,x,x,x
GR19,LK,14729,Leipzig,GE,14729270,"Markranstädt, Stadt","11,614","1,467",0,"13,081","8,225","1,380","1,376",294,"7,931","22,852","9,374","2,195","2,095","4,191",x,x,"1,768",x,x,x,x,x,x,x,x,"3,229",x,x,62.9,3.6,96.4,41.0,9.6,9.2,18.3,x,x,7.7,x,x,x,x,x,x,x,x,14.1,x
GR19,LK,14729,Leipzig,GE,14729300,"Naunhof, Stadt","6,122","1,039",0,"7,161","4,777",907,904,111,"4,666","13,604","1,853","1,851",x,"2,147",936,x,"1,050",x,x,x,x,x,x,x,x,"5,767",x,x,66.7,2.3,97.7,13.6,13.6,x,15.8,6.9,x,7.7,x,x,x,x,x,x,x,x,42.4,x
GR19,LK,14729,Leipzig,GE,14729320,Neukieritzsch,"5,181",601,0,"5,782","3,475",549,549,130,"3,345","9,680","2,790","1,038",892,"1,418",208,x,x,x,x,x,x,x,x,x,x,"3,334",x,x,60.1,3.7,96.3,28.8,10.7,9.2,14.6,2.1,x,x,x,x,x,x,x,x,x,x,34.4,x
GR19,LK,14729,Leipzig,GE,14729330,Otterwisch,"1,019",104,0,"1,123",795,101,101,30,765,"2,225",527,164,x,x,x,x,x,x,x,x,x,x,x,x,x,"1,534",x,x,70.8,3.8,96.2,23.7,7.4,x,x,x,x,x,x,x,x,x,x,x,x,x,68.9,x
GR19,LK,14729,Leipzig,GE,14729340,Parthenstein,"2,576",340,0,"2,916","2,047",291,289,50,"1,997","5,863",x,515,x,"1,401",364,94,x,x,x,x,x,x,x,x,x,"3,489",x,x,70.2,2.4,97.6,x,8.8,x,23.9,6.2,1.6,x,x,x,x,x,x,x,x,x,59.5,x
GR19,LK,14729,Leipzig,GE,14729350,"Pegau, Stadt","4,618",740,0,"5,358","3,192",650,650,85,"3,107","9,058","1,707",x,628,722,x,x,x,x,x,x,x,x,x,x,x,"6,001",x,x,59.6,2.7,97.3,18.8,x,6.9,8.0,x,x,x,x,x,x,x,x,x,x,x,66.3,x
GR19,LK,14729,Leipzig,GE,14729360,"Regis-Breitingen, Stadt","2,947",351,0,"3,298","1,919",322,322,58,"1,861","5,385",729,460,574,x,876,x,133,x,x,x,x,x,x,x,x,"2,613",x,x,58.2,3.0,97.0,13.5,8.5,10.7,x,16.3,x,2.5,x,x,x,x,x,x,x,x,48.5,x
GR19,LK,14729,Leipzig,GE,14729370,"Rötha, Stadt","4,378",622,0,"5,000","3,019",564,563,87,"2,932","8,539","1,275",879,"1,547","1,101",x,x,x,x,x,x,x,x,x,x,x,"3,737",x,x,60.4,2.9,97.1,14.9,10.3,18.1,12.9,x,x,x,x,x,x,x,x,x,x,x,43.8,x
GR19,LK,14729,Leipzig,GE,14729380,Thallwitz,"2,637",277,0,"2,914","1,933",245,245,78,"1,855","5,326",640,420,x,"1,114",x,x,x,x,x,x,x,x,x,x,x,"3,152",x,x,66.3,4.0,96.0,12.0,7.9,x,20.9,x,x,x,x,x,x,x,x,x,x,x,59.2,x
GR19,LK,14729,Leipzig,GE,14729400,"Trebsen/Mulde, Stadt","2,838",331,0,"3,169","2,055",314,314,61,"1,994","5,810","1,776",285,280,x,x,574,x,x,x,x,x,x,x,x,x,"2,895",x,x,64.8,3.0,97.0,30.6,4.9,4.8,x,x,9.9,x,x,x,x,x,x,x,x,x,49.8,x
GR19,LK,14729,Leipzig,GE,14729410,"Wurzen, Stadt","12,131","1,453",0,"13,584","7,505","1,322","1,322",149,"7,356","21,346","5,187","2,571","2,321","3,354",x,x,680,x,x,x,x,x,x,x,x,"7,233",x,x,55.2,2.0,98.0,24.3,12.0,10.9,15.7,x,x,3.2,x,x,x,x,x,x,x,x,33.9,x
GR19,LK,14729,Leipzig,GE,14729430,"Zwenkau, Stadt","6,741",847,0,"7,588","4,821",746,743,149,"4,672","13,605","5,697","1,063",946,x,x,x,x,x,x,x,x,x,x,x,x,"5,899",x,x,63.5,3.1,96.9,41.9,7.8,7.0,x,x,x,x,x,x,x,x,x,x,x,x,43.4,x
GR19,LK,14730,Nordsachsen,GE,14730010,Arzberg,"1,491",131,0,"1,622",839,113,113,26,813,"2,373",526,184,x,x,x,x,x,x,x,x,x,x,x,x,x,"1,663",x,x,51.7,3.1,96.9,22.2,7.8,x,x,x,x,x,x,x,x,x,x,x,x,x,70.1,x
GR19,LK,14730,Nordsachsen,GE,14730020,"Bad Düben, Stadt","5,688",817,0,"6,505","3,690",748,695,104,"3,586","10,348","2,868","1,588","1,624",x,x,x,x,x,x,x,x,x,x,x,x,"4,268",x,x,56.7,2.8,97.2,27.7,15.3,15.7,x,x,x,x,x,x,x,x,x,x,x,x,41.2,x
GR19,LK,14730,Nordsachsen,GE,14730030,Beilrode,"3,154",277,0,"3,431","1,954",202,202,59,"1,895","5,276","1,069",349,231,x,532,x,x,x,x,x,x,x,x,x,x,"3,095",x,x,57.0,3.0,97.0,20.3,6.6,4.4,x,10.1,x,x,x,x,x,x,x,x,x,x,58.7,x
GR19,LK,14730,Nordsachsen,GE,14730045,"Belgern-Schildau, Stadt","5,620",747,0,"6,367","3,651",653,650,95,"3,556","10,305","2,365",845,627,x,x,x,998,x,x,x,x,x,x,x,x,"5,470",x,x,57.3,2.6,97.4,23.0,8.2,6.1,x,x,x,9.7,x,x,x,x,x,x,x,x,53.1,x
GR19,LK,14730,Nordsachsen,GE,14730050,Cavertitz,"1,601",221,0,"1,822","1,192",207,207,35,"1,157","3,381","1,865",x,470,x,x,x,x,x,x,x,x,x,x,x,x,"1,046",x,x,65.4,2.9,97.1,55.2,x,13.9,x,x,x,x,x,x,x,x,x,x,x,x,30.9,x
GR19,LK,14730,Nordsachsen,GE,14730060,"Dahlen, Stadt","3,076",510,0,"3,586","2,198",437,433,82,"2,116","6,125",692,x,430,x,x,x,x,x,x,x,x,x,x,x,x,"5,003",x,x,61.3,3.7,96.3,11.3,x,7.0,x,x,x,x,x,x,x,x,x,x,x,x,81.7,x
GR19,LK,14730,Nordsachsen,GE,14730070,"Delitzsch, Stadt","18,563","2,375",0,"20,938","11,264","2,153","2,150",285,"10,979","31,537","8,171","3,159","4,520","5,036",x,x,989,x,x,x,x,x,x,x,x,"9,662",x,x,53.8,2.5,97.5,25.9,10.0,14.3,16.0,x,x,3.1,x,x,x,x,x,x,x,x,30.6,x
GR19,LK,14730,Nordsachsen,GE,14730080,Doberschütz,"3,088",329,0,"3,417","2,381",302,302,49,"2,332","6,767","1,662",x,283,907,x,x,x,x,x,x,x,x,x,x,x,"3,915",x,x,69.7,2.1,97.9,24.6,x,4.2,13.4,x,x,x,x,x,x,x,x,x,x,x,57.9,x
GR19,LK,14730,Nordsachsen,GE,14730090,"Dommitzsch, Stadt","1,876",239,0,"2,115","1,161",214,212,23,"1,138","3,293",815,317,609,839,x,x,125,x,x,x,x,x,x,x,x,588,x,x,54.9,2.0,98.0,24.7,9.6,18.5,25.5,x,x,3.8,x,x,x,x,x,x,x,x,17.9,x
GR19,LK,14730,Nordsachsen,GE,14730100,Dreiheide,"1,600",140,0,"1,740","1,181",130,130,24,"1,157","3,411","1,040",x,x,x,682,x,x,x,x,x,x,x,x,x,x,"1,689",x,x,67.9,2.0,98.0,30.5,x,x,x,20.0,x,x,x,x,x,x,x,x,x,x,49.5,x
GR19,LK,14730,Nordsachsen,GE,14730110,"Eilenburg, Stadt","11,354","1,473",0,"12,827","6,784","1,360","1,360",191,"6,593","19,072","3,875","2,476","2,656","4,094",x,392,971,x,x,x,x,x,x,x,x,"4,608",x,x,52.9,2.8,97.2,20.3,13.0,13.9,21.5,x,2.1,5.1,x,x,x,x,x,x,x,x,24.2,x
GR19,LK,14730,Nordsachsen,GE,14730120,Elsnig,"1,072",96,0,"1,168",754,85,85,24,730,"2,122",658,x,x,188,687,x,x,x,x,x,x,x,x,x,x,589,x,x,64.6,3.2,96.8,31.0,x,x,8.9,32.4,x,x,x,x,x,x,x,x,x,x,27.8,x
GR19,LK,14730,Nordsachsen,GE,14730140,Jesewitz,"2,229",282,0,"2,511","1,761",266,266,61,"1,700","4,943",192,x,x,x,x,x,x,x,x,x,x,x,x,x,x,"4,751",x,x,70.1,3.5,96.5,3.9,x,x,x,x,x,x,x,x,x,x,x,x,x,x,96.1,x
GR19,LK,14730,Nordsachsen,GE,14730150,Krostitz,"2,824",399,0,"3,223","2,213",374,372,35,"2,178","6,383","3,911",440,647,x,662,x,x,x,x,x,x,x,x,x,x,723,x,x,68.7,1.6,98.4,61.3,6.9,10.1,x,10.4,x,x,x,x,x,x,x,x,x,x,11.3,x
GR19,LK,14730,Nordsachsen,GE,14730160,Laußig,"2,921",220,0,"3,141","1,993",199,199,77,"1,916","5,488","1,016",305,896,x,x,x,x,x,x,x,x,x,x,x,x,"3,271",x,x,63.5,3.9,96.1,18.5,5.6,16.3,x,x,x,x,x,x,x,x,x,x,x,x,59.6,x
GR19,LK,14730,Nordsachsen,GE,14730170,Liebschützberg,"2,257",206,0,"2,463","1,621",188,181,52,"1,569","4,528","2,120",253,x,x,x,x,x,x,x,x,x,x,x,x,x,"2,155",x,x,65.8,3.2,96.8,46.8,5.6,x,x,x,x,x,x,x,x,x,x,x,x,x,47.6,x
GR19,LK,14730,Nordsachsen,GE,14730180,Löbnitz,"1,501",195,0,"1,696","1,180",178,178,35,"1,145","3,353","1,941",255,"1,157",x,x,x,x,x,x,x,x,x,x,x,x,x,x,x,69.6,3.0,97.0,57.9,7.6,34.5,x,x,x,x,x,x,x,x,x,x,x,x,x,x
GR19,LK,14730,Nordsachsen,GE,14730190,Mockrehna,"3,777",400,0,"4,177","2,685",375,247,57,"2,628","7,584","2,087",599,x,x,x,x,x,x,x,x,x,x,x,x,x,"4,898",x,x,64.3,2.1,97.9,27.5,7.9,x,x,x,x,x,x,x,x,x,x,x,x,x,64.6,x
GR19,LK,14730,Nordsachsen,GE,14730200,"Mügeln, Stadt","4,459",510,0,"4,969","2,896",477,477,61,"2,835","8,244","1,250",542,"1,484","1,559",503,x,267,x,x,x,x,x,x,x,x,"2,639",x,x,58.3,2.1,97.9,15.2,6.6,18.0,18.9,6.1,x,3.2,x,x,x,x,x,x,x,x,32.0,x
GR19,LK,14730,Nordsachsen,GE,14730210,Naundorf,"1,663",224,0,"1,887","1,291",208,208,35,"1,256","3,698",x,x,64,x,x,x,121,x,x,x,x,x,x,x,x,"3,513",x,x,68.4,2.7,97.3,x,x,1.7,x,x,x,3.3,x,x,x,x,x,x,x,x,95.0,x
GR19,LK,14730,Nordsachsen,GE,14730230,"Oschatz, Stadt","10,945","1,320",0,"12,265","6,542","1,144","1,144",132,"6,410","18,582","4,340","2,208","1,239","4,198","1,072",216,"1,714",x,x,x,x,x,x,x,x,"3,595",x,x,53.3,2.0,98.0,23.4,11.9,6.7,22.6,5.8,1.2,9.2,x,x,x,x,x,x,x,x,19.3,x
GR19,LK,14730,Nordsachsen,GE,14730250,Rackwitz,"3,605",407,0,"4,012","2,470",377,376,47,"2,423","7,004","1,720",897,736,"1,674",x,x,409,x,x,x,x,x,x,x,x,"1,568",x,x,61.6,1.9,98.1,24.6,12.8,10.5,23.9,x,x,5.8,x,x,x,x,x,x,x,x,22.4,x
GR19,LK,14730,Nordsachsen,GE,14730270,"Schkeuditz, Stadt","13,136","1,631",0,"14,767","7,723","1,493","1,482",260,"7,463","21,287","4,297","2,209","2,129",x,"2,405",x,"2,477",x,x,x,x,x,"7,770",x,x,x,x,x,52.3,3.4,96.6,20.2,10.4,10.0,x,11.3,x,11.6,x,x,x,x,x,36.5,x,x,x,x
GR19,LK,14730,Nordsachsen,GE,14730280,Schönwölkau,"1,891",211,0,"2,102","1,295",178,107,56,"1,239","3,587","2,045",579,384,x,x,x,157,x,x,x,x,x,x,x,x,422,x,x,61.6,4.3,95.7,57.0,16.1,10.7,x,x,x,4.4,x,x,x,x,x,x,x,x,11.8,x
GR19,LK,14730,Nordsachsen,GE,14730300,"Taucha, Stadt","11,237","1,657",0,"12,894","7,998","1,513","1,513",127,"7,871","22,844","5,061","2,386","3,903","3,948","2,558",x,"2,973",x,x,x,x,x,x,x,x,"2,015",x,x,62.0,1.6,98.4,22.2,10.4,17.1,17.3,11.2,x,13.0,x,x,x,x,x,x,x,x,8.8,x
GR19,LK,14730,Nordsachsen,GE,14730310,"Torgau, Stadt","14,823","1,586",0,"16,409","8,527","1,437","1,424",251,"8,276","23,949","7,250","3,003","3,507","4,356","1,934",x,x,x,x,x,x,x,x,x,x,"3,899",x,x,52.0,2.9,97.1,30.3,12.5,14.6,18.2,8.1,x,x,x,x,x,x,x,x,x,x,16.3,x
GR19,LK,14730,Nordsachsen,GE,14730320,Trossin,984,86,0,"1,070",725,81,81,18,707,"2,053",412,109,x,222,x,x,x,x,x,x,x,x,x,x,x,"1,310",x,x,67.8,2.5,97.5,20.1,5.3,x,10.8,x,x,x,x,x,x,x,x,x,x,x,63.8,x
GR19,LK,14730,Nordsachsen,GE,14730330,Wermsdorf,"3,748",610,0,"4,358","2,777",552,551,86,"2,691","7,716","2,717",x,"1,589","1,513",x,x,415,x,x,x,x,x,x,x,x,"1,482",x,x,63.7,3.1,96.9,35.2,x,20.6,19.6,x,x,5.4,x,x,x,x,x,x,x,x,19.2,x
GR19,LK,14730,Nordsachsen,GE,14730340,Wiedemar,"3,802",524,0,"4,326","2,398",457,457,64,"2,334","6,809","3,185",x,899,x,x,x,x,x,x,x,x,x,x,x,x,"2,725",x,x,55.4,2.7,97.3,46.8,x,13.2,x,x,x,x,x,x,x,x,x,x,x,x,40.0,x
GR19,LK,14730,Nordsachsen,GE,14730360,Zschepplin,"2,156",148,0,"2,304","1,435",139,137,58,"1,377","4,010","1,488",x,x,x,x,x,x,x,x,x,x,x,x,x,x,"2,522",x,x,62.3,4.0,96.0,37.1,x,x,x,x,x,x,x,x,x,x,x,x,x,x,62.9,x
