Air Quality Station EoI Code,Longitude,Latitude,geometry,state_x,district,town_city,Unnamed: 0,city,state_y,population
DEBB054,13.0375,52.3939,POINT (13.0375 52.3939),Brandenburg,Potsdam,Potsdam,42,Potsdam,Brandenburg,"185,750"
DEBE065,13.4699,52.5141,POINT (13.4699 52.5141),Berlin,Berlin,Berlin,1,Berlin,Berlin,"3,755,251"
DEBW019,9.979,48.3968,POINT (9.979 48.3968),Baden-Württemberg,Ulm,Ulm,60,Ulm,Baden-Württemberg,"128,928"
DEBW080,8.3872,49.008,POINT (8.3872 49.008),Baden-Württemberg,Karlsruhe (Stadtkreis),Karlsruhe,22,Karlsruhe,Baden-Württemberg,"308,707"
DEBE061,13.3183,52.4636,POINT (13.3183 52.4636),Berlin,Berlin,Berlin,1,Berlin,Berlin,"3,755,251"
DEBW098,8.472,49.4926,POINT (8.472 49.4926),Baden-Württemberg,Mannheim,Mannheim,21,Mannheim,Baden-Württemberg,"315,554"
DEBW033,8.6655,48.889,POINT (8.6655 48.889),Baden-Württemberg,Pforzheim,Pforzheim,62,Pforzheim,Baden-Württemberg,"127,849"
DEBW147,9.2108,48.4893,POINT (9.2108 48.4893),Baden-Württemberg,Reutlingen,Reutlingen,67,Reutlingen,Baden-Württemberg,"117,547"
DEBW152,9.2259,49.146,POINT (9.2259 49.146),Baden-Württemberg,Heilbronn (Stadtkreis),Heilbronn,61,Heilbronn,Baden-Württemberg,"128,334"
DEBY021,11.4288,48.7694,POINT (11.4288 48.7694),Bayern,Ingolstadt,Ingolstadt,57,Ingolstadt,Bavaria,"141,029"
DEBY063,12.1016,49.0152,POINT (12.1016 49.0152),Bayern,Regensburg (Kreisfreie Stadt),Regensburg,53,Regensburg,Bavaria,"157,443"
DEBE034,13.4308,52.4895,POINT (13.4308 52.4895),Berlin,Berlin,Berlin,1,Berlin,Berlin,"3,755,251"
DEBW099,9.1807,48.7831,POINT (9.1807 48.7831),Baden-Württemberg,Stuttgart,Stuttgart,6,Stuttgart,Baden-Württemberg,"632,865"
DEBY006,10.895,48.3646,POINT (10.895 48.3646),Bayern,Augsburg (Kreisfreie Stadt),Augsburg,23,Augsburg,Bavaria,"301,033"
DEHB001,8.8158,53.0772,POINT (8.8158 53.0772),Bremen,Bremen,Bremen,11,Bremen,Free Hanseatic City of Bremen,"569,396"
DEHB006,8.8252,53.0787,POINT (8.8252 53.0787),Bremen,Bremen,Bremen,11,Bremen,Free Hanseatic City of Bremen,"569,396"
DEHB012,8.7351,53.1317,POINT (8.7351 53.1317),Bremen,Bremen,Bremen,11,Bremen,Free Hanseatic City of Bremen,"569,396"
DEHB014,8.7756,53.0994,POINT (8.7756 53.0994),Bremen,Bremen,Bremen,11,Bremen,Free Hanseatic City of Bremen,"569,396"
DEHE001,8.6646,49.8723,POINT (8.6646 49.8723),Hessen,Darmstadt,Darmstadt,51,Darmstadt,Hesse,"162,243"
DEBY110,10.8962,48.3702,POINT (10.8962 48.3702),Bayern,Augsburg (Kreisfreie Stadt),Augsburg,23,Augsburg,Bavaria,"301,033"
DEBY119,9.9477,49.7905,POINT (9.9477 49.7905),Bayern,Würzburg (Kreisfreie Stadt),Würzburg,63,Würzburg,Bavaria,"127,810"
DEBY099,10.9031,48.326,POINT (10.9031 48.326),Bayern,Augsburg (Kreisfreie Stadt),Augsburg,23,Augsburg,Bavaria,"301,033"
DEBY056,10.9847,49.4722,POINT (10.9847 49.4722),Bayern,Fürth (Kreisfreie Stadt),Fürth,59,Fürth,Bavaria,"131,433"
DEHB005,8.5694,53.5625,POINT (8.5694 53.5625),Bremen,Bremerhaven,Bremerhaven,69,Bremerhaven,Free Hanseatic City of Bremen,"115,468"
DEBY198,11.4346,48.7426,POINT (11.4346 48.7426),Bayern,Ingolstadt,Ingolstadt,57,Ingolstadt,Bavaria,"141,029"
DEHH033,9.998,53.6383,POINT (9.998 53.6383),Hamburg,Hamburg,Hamburg,2,Hamburg,Hamburg,"1,892,122"
DEHH068,10.0539,53.5923,POINT (10.0539 53.5923),Hamburg,Hamburg,Hamburg,2,Hamburg,Hamburg,"1,892,122"
DEHB013,8.6951,53.1177,POINT (8.6951 53.1177),Bremen,Bremen,Bremen,11,Bremen,Free Hanseatic City of Bremen,"569,396"
DEHE040,8.6538,49.8695,POINT (8.6538 49.8695),Hessen,Darmstadt,Darmstadt,51,Darmstadt,Hesse,"162,243"
DEHE037,8.2303,50.0772,POINT (8.2303 50.0772),Hessen,Wiesbaden,Wiesbaden,24,Wiesbaden,Hesse,"283,083"
DEHH059,9.9906,53.5079,POINT (9.9906 53.5079),Hamburg,Hamburg,Hamburg,2,Hamburg,Hamburg,"1,892,122"
DEHE049,9.4911,51.3121,POINT (9.4911 51.3121),Hessen,Kassel (Kreisfreie Stadt),Kassel,40,Kassel,Hesse,"204,202"
DEHH064,9.9446,53.5644,POINT (9.9446 53.5644),Hamburg,Hamburg,Hamburg,2,Hamburg,Hamburg,"1,892,122"
DENI067,8.0415,52.2703,POINT (8.0415 52.2703),Niedersachsen,Osnabrück (Kreisfreie Stadt),Osnabrück,48,Osnabrück,Lower Saxony,"167,366"
DENI070,10.4559,52.1537,POINT (10.4559 52.1537),Niedersachsen,Salzgitter,Salzgitter,77,Salzgitter,Lower Saxony,"104,548"
DEMV022,12.0996,54.0926,POINT (12.0996 54.0926),Mecklenburg-Vorpommern,Rostock (Kreisfreie Stadt),Rostock,39,Rostock,Mecklenburg-Vorpommern,"209,920"
DEHH026,9.9572,53.5606,POINT (9.9572 53.5606),Hamburg,Hamburg,Hamburg,2,Hamburg,Hamburg,"1,892,122"
DEHH070,9.943,53.5557,POINT (9.943 53.5557),Hamburg,Hamburg,Hamburg,2,Hamburg,Hamburg,"1,892,122"
DENI075,10.5406,52.2667,POINT (10.5406 52.2667),Niedersachsen,Braunschweig,Braunschweig,28,Braunschweig,Lower Saxony,"251,804"
DEHH080,9.9879,53.5474,POINT (9.9879 53.5474),Hamburg,Hamburg,Hamburg,2,Hamburg,Hamburg,"1,892,122"
DENI066,9.9502,52.1508,POINT (9.9502 52.1508),Niedersachsen,Hildesheim,Hildesheim,80,Hildesheim,Lower Saxony,"101,858"
DENI157,10.7937,52.4279,POINT (10.7937 52.4279),Niedersachsen,Wolfsburg,Wolfsburg,64,Wolfsburg,Lower Saxony,"125,961"
DENI068,9.9283,51.5302,POINT (9.9283 51.5302),Niedersachsen,Göttingen,Göttingen,65,Göttingen,Lower Saxony,"118,946"
DERP007,8.2168,50.0176,POINT (8.2168 50.0176),Rheinland-Pfalz,Mainz,Mainz,35,Mainz,Rhineland-Palatinate,"220,552"
DERP010,8.2611,50.001,POINT (8.2611 50.001),Rheinland-Pfalz,Mainz,Mainz,35,Mainz,Rhineland-Palatinate,"220,552"
DERP011,8.2658,50.0099,POINT (8.2658 50.0099),Rheinland-Pfalz,Mainz,Mainz,35,Mainz,Rhineland-Palatinate,"220,552"
DERP012,8.2689,49.9991,POINT (8.2689 49.9991),Rheinland-Pfalz,Mainz,Mainz,35,Mainz,Rhineland-Palatinate,"220,552"
DERP020,6.6467,49.7542,POINT (6.6467 49.7542),Rheinland-Pfalz,Trier,Trier,73,Trier,Rhineland-Palatinate,"112,195"
DERP009,8.274,49.995,POINT (8.274 49.995),Rheinland-Pfalz,Mainz,Mainz,35,Mainz,Rhineland-Palatinate,"220,552"
DERP019,7.7673,49.446,POINT (7.7673 49.446),Rheinland-Pfalz,Kaiserslautern (Kreisfreie Stadt,Kaiserslautern,82,Kaiserslautern,Rhineland-Palatinate,"101,228"
DERP024,7.5966,50.3544,POINT (7.5966 50.3544),Rheinland-Pfalz,Koblenz,Koblenz,70,Koblenz,Rhineland-Palatinate,"115,268"
DESL020,7.0032,49.2307,POINT (7.0032 49.2307),Saarland,Regionalverband Saarbrücken,Saarbrücken,43,Saarbrücken,Saarland,"181,959"
DESL012,6.9876,49.2335,POINT (6.9876 49.2335),Saarland,Regionalverband Saarbrücken,Saarbrücken,43,Saarbrücken,Saarland,"181,959"
DEST103,11.6327,52.1208,POINT (11.6327 52.1208),Sachsen-Anhalt,Magdeburg,Magdeburg,32,Magdeburg,Saxony-Anhalt,"239,364"
DEST076,11.6234,52.132,POINT (11.6234 52.132),Sachsen-Anhalt,Magdeburg,Magdeburg,32,Magdeburg,Saxony-Anhalt,"239,364"
DETH020,11.0379,50.9795,POINT (11.0379 50.9795),Thüringen,Erfurt,Erfurt,37,Erfurt,Thuringia,"214,969"
DEST077,11.6115,52.1279,POINT (11.6115 52.1279),Sachsen-Anhalt,Magdeburg,Magdeburg,32,Magdeburg,Saxony-Anhalt,"239,364"
DENW098,7.6184,51.9748,POINT (7.6184 51.9748),Nordrhein-Westfalen,Münster,Münster,20,Münster,North Rhine-Westphalia,"320,946"
DENW100,6.4589,51.17,POINT (6.4589 51.17),Nordrhein-Westfalen,Mönchengladbach,Mönchengladbach,25,Mönchengladbach,North Rhine-Westphalia,"268,465"
DESH019,10.1156,54.3264,POINT (10.1156 54.3264),Schleswig-Holstein,Kiel,Kiel,30,Kiel,Schleswig-Holstein,"247,717"
DESH026,10.691,53.8729,POINT (10.691 53.8729),Schleswig-Holstein,Lübeck,Lübeck,36,Lübeck,Schleswig-Holstein,"218,095"
DESN061,13.7414,51.0649,POINT (13.7414 51.0649),Sachsen,Dresden,Dresden,12,Dresden,Saxony,"563,311"
DETH043,11.0194,50.9849,POINT (11.0194 50.9849),Thüringen,Erfurt,Erfurt,37,Erfurt,Thuringia,"214,969"
DENW094,6.0938,50.7547,POINT (6.0938 50.7547),Nordrhein-Westfalen,Städteregion Aachen,Aachen,27,Aachen,North Rhine-Westphalia,"252,136"
DENW099,6.0959,50.7748,POINT (6.0959 50.7748),Nordrhein-Westfalen,Städteregion Aachen,Aachen,27,Aachen,North Rhine-Westphalia,"252,136"
DENW021,6.9769,51.526,POINT (6.9769 51.526),Nordrhein-Westfalen,Bottrop,Bottrop,66,Bottrop,North Rhine-Westphalia,"118,113"
DENW080,7.0526,51.1838,POINT (7.0526 51.1838),Nordrhein-Westfalen,Solingen,Solingen,52,Solingen,North Rhine-Westphalia,"160,643"
DENW023,7.2239,51.5276,POINT (7.2239 51.5276),Nordrhein-Westfalen,Herne,Herne,54,Herne,North Rhine-Westphalia,"157,368"
DESH010,10.675,53.8667,POINT (10.675 53.8667),Schleswig-Holstein,Lübeck,Lübeck,36,Lübeck,Schleswig-Holstein,"218,095"
DENW096,6.4256,51.1546,POINT (6.4256 51.1546),Nordrhein-Westfalen,Mönchengladbach,Mönchengladbach,25,Mönchengladbach,North Rhine-Westphalia,"268,465"
DETH041,11.5971,50.9335,POINT (11.5971 50.9335),Thüringen,Jena,Jena,75,Jena,Thuringia,"111,191"
DENW082,6.7825,51.2132,POINT (6.7825 51.2132),Nordrhein-Westfalen,Düsseldorf,Düsseldorf,7,Düsseldorf,North Rhine-Westphalia,"629,047"
DENW040,6.763,51.3853,POINT (6.763 51.3853),Nordrhein-Westfalen,Duisburg,Duisburg,15,Duisburg,North Rhine-Westphalia,"502,211"
DENW133,7.4636,51.3628,POINT (7.4636 51.3628),Nordrhein-Westfalen,Hagen,Hagen,41,Hagen,North Rhine-Westphalia,"189,783"
DENW042,6.6402,51.3377,POINT (6.6402 51.3377),Nordrhein-Westfalen,Krefeld,Krefeld,34,Krefeld,North Rhine-Westphalia,"228,426"
DENW043,7.0305,51.4512,POINT (7.0305 51.4512),Nordrhein-Westfalen,Essen,Essen,10,Essen,North Rhine-Westphalia,"584,580"
DESN014,13.7299,51.0512,POINT (13.7299 51.0512),Sachsen,Dresden,Dresden,12,Dresden,Saxony,"563,311"
DESN011,12.9173,50.8325,POINT (12.9173 50.8325),Sachsen,Chemnitz,Chemnitz,29,Chemnitz,Saxony,"248,563"
DENW101,7.4643,51.5196,POINT (7.4643 51.5196),Nordrhein-Westfalen,Dortmund,Dortmund,9,Dortmund,North Rhine-Westphalia,"593,317"
DENW115,6.5574,51.3076,POINT (6.5574 51.3076),Nordrhein-Westfalen,Krefeld,Krefeld,34,Krefeld,North Rhine-Westphalia,"228,426"
DENW071,6.7324,51.2492,POINT (6.7324 51.2492),Nordrhein-Westfalen,Düsseldorf,Düsseldorf,7,Düsseldorf,North Rhine-Westphalia,"629,047"
DESN060,12.9305,50.8464,POINT (12.9305 50.8464),Sachsen,Chemnitz,Chemnitz,29,Chemnitz,Saxony,"248,563"
DENW072,6.8012,51.2507,POINT (6.8012 51.2507),Nordrhein-Westfalen,Düsseldorf,Düsseldorf,7,Düsseldorf,North Rhine-Westphalia,"629,047"
DESH027,10.1352,54.3047,POINT (10.1352 54.3047),Schleswig-Holstein,Kiel,Kiel,30,Kiel,Schleswig-Holstein,"247,717"
DETH075,11.5786,50.9248,POINT (11.5786 50.9248),Thüringen,Jena,Jena,75,Jena,Thuringia,"111,191"
DENW067,8.5484,52.0232,POINT (8.5484 52.0232),Nordrhein-Westfalen,Bielefeld,Bielefeld,18,Bielefeld,North Rhine-Westphalia,"338,332"
DENW112,6.7719,51.4377,POINT (6.7719 51.4377),Nordrhein-Westfalen,Duisburg,Duisburg,15,Duisburg,North Rhine-Westphalia,"502,211"
DESN025,12.3772,51.3442,POINT (12.3772 51.3442),Sachsen,Leipzig (Kreisfreie Stadt),Leipzig,8,Leipzig,Saxony,"616,093"
DENW079,7.005,51.0289,POINT (7.005 51.0289),Nordrhein-Westfalen,Leverkusen,Leverkusen,49,Leverkusen,North Rhine-Westphalia,"165,748"
DEST057,11.6426,52.1034,POINT (11.6426 52.1034),Sachsen-Anhalt,Magdeburg,Magdeburg,32,Magdeburg,Saxony-Anhalt,"239,364"
DENW024,6.981,51.4965,POINT (6.981 51.4965),Nordrhein-Westfalen,Essen,Essen,10,Essen,North Rhine-Westphalia,"584,580"
DENW026,7.0928,51.4556,POINT (7.0928 51.4556),Nordrhein-Westfalen,Essen,Essen,10,Essen,North Rhine-Westphalia,"584,580"
DENW036,6.6482,51.4595,POINT (6.6482 51.4595),Nordrhein-Westfalen,Wesel,Moers,76,Moers,North Rhine-Westphalia,"105,287"
DENW095,7.6116,51.9365,POINT (7.6116 51.9365),Nordrhein-Westfalen,Münster,Münster,20,Münster,North Rhine-Westphalia,"320,946"
DENW034,6.7484,51.524,POINT (6.7484 51.524),Nordrhein-Westfalen,Duisburg,Duisburg,15,Duisburg,North Rhine-Westphalia,"502,211"
DESN059,12.2974,51.3179,POINT (12.2974 51.3179),Sachsen,Leipzig (Kreisfreie Stadt),Leipzig,8,Leipzig,Saxony,"616,093"
DENW028,6.966,51.4065,POINT (6.966 51.4065),Nordrhein-Westfalen,Essen,Essen,10,Essen,North Rhine-Westphalia,"584,580"
DENW046,6.8556,51.2329,POINT (6.8556 51.2329),Nordrhein-Westfalen,Düsseldorf,Düsseldorf,7,Düsseldorf,North Rhine-Westphalia,"629,047"
DENW077,7.4761,51.3609,POINT (7.4761 51.3609),Nordrhein-Westfalen,Hagen,Hagen,41,Hagen,North Rhine-Westphalia,"189,783"
DENW047,6.6939,51.1826,POINT (6.6939 51.1826),Nordrhein-Westfalen,Rhein-Kreis Neuss,Neuss,56,Neuss,North Rhine-Westphalia,"154,139"
DEBE044,13.4089,52.5168,POINT (13.4089 52.5168),Berlin,Berlin,Berlin,1,Berlin,Berlin,"3,755,251"
DEBE064,13.434,52.4817,POINT (13.434 52.4817),Berlin,Berlin,Berlin,1,Berlin,Berlin,"3,755,251"
DEBE066,13.5295,52.4853,POINT (13.5295 52.4853),Berlin,Berlin,Berlin,1,Berlin,Berlin,"3,755,251"
DEBE067,13.333,52.5066,POINT (13.333 52.5066),Berlin,Berlin,Berlin,1,Berlin,Berlin,"3,755,251"
DEBE068,13.4188,52.5136,POINT (13.4188 52.5136),Berlin,Berlin,Berlin,1,Berlin,Berlin,"3,755,251"
DEBE027,13.3681,52.3984,POINT (13.3681 52.3984),Berlin,Berlin,Berlin,1,Berlin,Berlin,"3,755,251"
DEBE033,13.2599,52.5325,POINT (13.2599 52.5325),Berlin,Berlin,Berlin,1,Berlin,Berlin,"3,755,251"
DEBW001,8.4184,49.0101,POINT (8.4184 49.0101),Baden-Württemberg,Karlsruhe (Stadtkreis),Karlsruhe,22,Karlsruhe,Baden-Württemberg,"308,707"
DEBW096,9.9801,48.393,POINT (9.9801 48.393),Baden-Württemberg,Ulm,Ulm,60,Ulm,Baden-Württemberg,"128,928"
DEBW006,8.478,49.4758,POINT (8.478 49.4758),Baden-Württemberg,Mannheim,Mannheim,21,Mannheim,Baden-Württemberg,"315,554"
DEBW007,8.5258,49.432,POINT (8.5258 49.432),Baden-Württemberg,Mannheim,Mannheim,21,Mannheim,Baden-Württemberg,"315,554"
DEBW009,8.6767,49.4195,POINT (8.6767 49.4195),Baden-Württemberg,Heidelberg,Heidelberg,50,Heidelberg,Baden-Württemberg,"162,273"
DEBY077,9.9564,49.8047,POINT (9.9564 49.8047),Bayern,Würzburg (Kreisfreie Stadt),Würzburg,63,Würzburg,Bavaria,"127,810"
DENI038,8.0529,52.2553,POINT (8.0529 52.2553),Niedersachsen,Osnabrück (Kreisfreie Stadt),Osnabrück,48,Osnabrück,Lower Saxony,"167,366"
DEBE010,13.3493,52.543,POINT (13.3493 52.543),Berlin,Berlin,Berlin,1,Berlin,Berlin,"3,755,251"
DEHH015,10.0212,53.5233,POINT (10.0212 53.5233),Hamburg,Hamburg,Hamburg,2,Hamburg,Hamburg,"1,892,122"
DEBE026,13.2755,52.4092,POINT (13.2755 52.4092),Berlin,Berlin,Berlin,1,Berlin,Berlin,"3,755,251"
DEBE032,13.2251,52.4732,POINT (13.2251 52.4732),Berlin,Berlin,Berlin,1,Berlin,Berlin,"3,755,251"
DEBE011,13.396,52.5509,POINT (13.396 52.5509),Berlin,Berlin,Berlin,1,Berlin,Berlin,"3,755,251"
DEHE014,9.481,51.3401,POINT (9.481 51.3401),Hessen,Kassel (Kreisfreie Stadt),Kassel,40,Kassel,Hesse,"204,202"
DEBE063,13.4417,52.4675,POINT (13.4417 52.4675),Berlin,Berlin,Berlin,1,Berlin,Berlin,"3,755,251"
DEHH048,9.9427,53.5555,POINT (9.9427 53.5555),Hamburg,Hamburg,Hamburg,2,Hamburg,Hamburg,"1,892,122"
DEBE015,13.3391,52.519,POINT (13.3391 52.519),Berlin,Berlin,Berlin,1,Berlin,Berlin,"3,755,251"
DEBE018,13.3488,52.4858,POINT (13.3488 52.4858),Berlin,Berlin,Berlin,1,Berlin,Berlin,"3,755,251"
DEBW014,9.2655,48.7523,POINT (9.2655 48.7523),Baden-Württemberg,Stuttgart,Stuttgart,6,Stuttgart,Baden-Württemberg,"632,865"
DENI008,10.5246,52.2633,POINT (10.5246 52.2633),Niedersachsen,Braunschweig,Braunschweig,28,Braunschweig,Lower Saxony,"251,804"
DEBB021,13.0599,52.4014,POINT (13.0599 52.4014),Brandenburg,Potsdam,Potsdam,42,Potsdam,Brandenburg,"185,750"
DENI020,10.8164,52.4408,POINT (10.8164 52.4408),Niedersachsen,Wolfsburg,Wolfsburg,64,Wolfsburg,Lower Saxony,"125,961"
DENI042,9.9498,51.5511,POINT (9.9498 51.5511),Niedersachsen,Göttingen,Göttingen,65,Göttingen,Lower Saxony,"118,946"
DEBW011,9.1725,48.8256,POINT (9.1725 48.8256),Baden-Württemberg,Stuttgart,Stuttgart,6,Stuttgart,Baden-Württemberg,"632,865"
DEHE011,8.9216,50.1358,POINT (8.9216 50.1358),Hessen,Main-Kinzig-Kreis,Hanau,81,Hanau,Hesse,"101,364"
DEHE013,9.4834,51.3142,POINT (9.4834 51.3142),Hessen,Kassel (Kreisfreie Stadt),Kassel,40,Kassel,Hesse,"204,202"
DEBW109,8.3227,49.0367,POINT (8.3227 49.0367),Baden-Württemberg,Karlsruhe (Stadtkreis),Karlsruhe,22,Karlsruhe,Baden-Württemberg,"308,707"
DEBW012,9.1648,48.7759,POINT (9.1648 48.7759),Baden-Württemberg,Stuttgart,Stuttgart,6,Stuttgart,Baden-Württemberg,"632,865"
DEBW015,9.2248,49.1655,POINT (9.2248 49.1655),Baden-Württemberg,Heilbronn (Stadtkreis),Heilbronn,61,Heilbronn,Baden-Württemberg,"128,334"
DEMV002,12.1014,54.0939,POINT (12.1014 54.0939),Mecklenburg-Vorpommern,Rostock (Kreisfreie Stadt),Rostock,39,Rostock,Mecklenburg-Vorpommern,"209,920"
DEHH058,9.9483,53.5605,POINT (9.9483 53.5605),Hamburg,Hamburg,Hamburg,2,Hamburg,Hamburg,"1,892,122"
DEBE062,13.2961,52.6533,POINT (13.2961 52.6533),Berlin,Berlin,Berlin,1,Berlin,Berlin,"3,755,251"
DEHH069,10.0035,53.6007,POINT (10.0035 53.6007),Hamburg,Hamburg,Hamburg,2,Hamburg,Hamburg,"1,892,122"
DEHH075,10.1221,53.5188,POINT (10.1221 53.5188),Hamburg,Hamburg,Hamburg,2,Hamburg,Hamburg,"1,892,122"
DEBW002,8.3538,49.0091,POINT (8.3538 49.0091),Baden-Württemberg,Karlsruhe (Stadtkreis),Karlsruhe,22,Karlsruhe,Baden-Württemberg,"308,707"
DEBW027,9.2073,48.4889,POINT (9.2073 48.4889),Baden-Württemberg,Reutlingen,Reutlingen,67,Reutlingen,Baden-Württemberg,"117,547"
DEHE022,8.245,50.0503,POINT (8.245 50.0503),Hessen,Wiesbaden,Wiesbaden,24,Wiesbaden,Hesse,"283,083"
DENW022,7.1019,51.5336,POINT (7.1019 51.5336),Nordrhein-Westfalen,Gelsenkirchen,Gelsenkirchen,26,Gelsenkirchen,North Rhine-Westphalia,"263,000"
DEBY015,11.0173,49.5966,POINT (11.0173 49.5966),Bayern,Erlangen,Erlangen,68,Erlangen,Bavaria,"116,562"
DEBE005,13.2881,52.587,POINT (13.2881 52.587),Berlin,Berlin,Berlin,1,Berlin,Berlin,"3,755,251"
DEHE021,8.2431,50.0814,POINT (8.2431 50.0814),Hessen,Wiesbaden,Wiesbaden,24,Wiesbaden,Hesse,"283,083"
DEBE016,13.4045,52.4976,POINT (13.4045 52.4976),Berlin,Berlin,Berlin,1,Berlin,Berlin,"3,755,251"
DEHH065,9.968,53.5836,POINT (9.968 53.5836),Hamburg,Hamburg,Hamburg,2,Hamburg,Hamburg,"1,892,122"
DEHH071,10.1218,53.5191,POINT (10.1218 53.5191),Hamburg,Hamburg,Hamburg,2,Hamburg,Hamburg,"1,892,122"
DEBE014,13.2822,52.5174,POINT (13.2822 52.5174),Berlin,Berlin,Berlin,1,Berlin,Berlin,"3,755,251"
DEBW032,8.7051,48.8906,POINT (8.7051 48.8906),Baden-Württemberg,Pforzheim,Pforzheim,62,Pforzheim,Baden-Württemberg,"127,849"
DEBY007,10.8884,48.3766,POINT (10.8884 48.3766),Bayern,Augsburg (Kreisfreie Stadt),Augsburg,23,Augsburg,Bavaria,"301,033"
DENI011,10.4736,52.2269,POINT (10.4736 52.2269),Niedersachsen,Braunschweig,Braunschweig,28,Braunschweig,Lower Saxony,"251,804"
DEBW108,8.3227,49.0369,POINT (8.3227 49.0369),Baden-Württemberg,Karlsruhe (Stadtkreis),Karlsruhe,22,Karlsruhe,Baden-Württemberg,"308,707"
DEHB004,8.6255,53.1809,POINT (8.6255 53.1809),Bremen,Bremen,Bremen,11,Bremen,Free Hanseatic City of Bremen,"569,396"
DENW039,6.6535,51.3888,POINT (6.6535 51.3888),Nordrhein-Westfalen,Duisburg,Duisburg,15,Duisburg,North Rhine-Westphalia,"502,211"
DENW011,7.498,51.4916,POINT (7.498 51.4916),Nordrhein-Westfalen,Dortmund,Dortmund,9,Dortmund,North Rhine-Westphalia,"593,317"
DEHH060,9.9819,53.5864,POINT (9.9819 53.5864),Hamburg,Hamburg,Hamburg,2,Hamburg,Hamburg,"1,892,122"
DEHH061,10.0354,53.5648,POINT (10.0354 53.5648),Hamburg,Hamburg,Hamburg,2,Hamburg,Hamburg,"1,892,122"
DEHH052,9.9795,53.5689,POINT (9.9795 53.5689),Hamburg,Hamburg,Hamburg,2,Hamburg,Hamburg,"1,892,122"
DENW037,6.7875,51.4649,POINT (6.7875 51.4649),Nordrhein-Westfalen,Duisburg,Duisburg,15,Duisburg,North Rhine-Westphalia,"502,211"
DEBE057,13.5264,52.4821,POINT (13.5264 52.4821),Berlin,Berlin,Berlin,1,Berlin,Berlin,"3,755,251"
DEHE035,9.4806,51.2989,POINT (9.4806 51.2989),Hessen,Kassel (Kreisfreie Stadt),Kassel,40,Kassel,Hesse,"204,202"
DEHH020,10.0205,53.4909,POINT (10.0205 53.4909),Hamburg,Hamburg,Hamburg,2,Hamburg,Hamburg,"1,892,122"
DENW097,7.1838,51.2651,POINT (7.1838 51.2651),Nordrhein-Westfalen,Wuppertal,Wuppertal,17,Wuppertal,North Rhine-Westphalia,"358,876"
DENW008,7.4574,51.5369,POINT (7.4574 51.5369),Nordrhein-Westfalen,Dortmund,Dortmund,9,Dortmund,North Rhine-Westphalia,"593,317"
DENW025,6.9663,51.4585,POINT (6.9663 51.4585),Nordrhein-Westfalen,Essen,Essen,10,Essen,North Rhine-Westphalia,"584,580"
DENW044,6.7439,51.3181,POINT (6.7439 51.3181),Nordrhein-Westfalen,Düsseldorf,Düsseldorf,7,Düsseldorf,North Rhine-Westphalia,"629,047"
DEBW100,9.1133,48.7301,POINT (9.1133 48.7301),Baden-Württemberg,Stuttgart,Stuttgart,6,Stuttgart,Baden-Württemberg,"632,865"
DEST005,11.6421,52.1379,POINT (11.6421 52.1379),Sachsen-Anhalt,Magdeburg,Magdeburg,32,Magdeburg,Saxony-Anhalt,"239,364"
DEHH002,9.9611,53.5992,POINT (9.9611 53.5992),Hamburg,Hamburg,Hamburg,2,Hamburg,Hamburg,"1,892,122"
DENW009,7.5927,51.5242,POINT (7.5927 51.5242),Nordrhein-Westfalen,Dortmund,Dortmund,9,Dortmund,North Rhine-Westphalia,"593,317"
DENW048,6.8592,51.1888,POINT (6.8592 51.1888),Nordrhein-Westfalen,Düsseldorf,Düsseldorf,7,Düsseldorf,North Rhine-Westphalia,"629,047"
DEHH056,10.0639,53.5601,POINT (10.0639 53.5601),Hamburg,Hamburg,Hamburg,2,Hamburg,Hamburg,"1,892,122"
DENW102,6.7359,51.4858,POINT (6.7359 51.4858),Nordrhein-Westfalen,Duisburg,Duisburg,15,Duisburg,North Rhine-Westphalia,"502,211"
DESH007,10.1231,54.3198,POINT (10.1231 54.3198),Schleswig-Holstein,Kiel,Kiel,30,Kiel,Schleswig-Holstein,"247,717"
DEHH051,10.0021,53.55,POINT (10.0021 53.55),Hamburg,Hamburg,Hamburg,2,Hamburg,Hamburg,"1,892,122"
DEHH007,9.8999,53.5611,POINT (9.8999 53.5611),Hamburg,Hamburg,Hamburg,2,Hamburg,Hamburg,"1,892,122"
DEHH009,10.0281,53.5591,POINT (10.0281 53.5591),Hamburg,Hamburg,Hamburg,2,Hamburg,Hamburg,"1,892,122"
DESN028,12.3776,51.3187,POINT (12.3776 51.3187),Sachsen,Leipzig (Kreisfreie Stadt),Leipzig,8,Leipzig,Saxony,"616,093"
DEBW005,8.4653,49.5441,POINT (8.4653 49.5441),Baden-Württemberg,Mannheim,Mannheim,21,Mannheim,Baden-Württemberg,"315,554"
DEBW013,9.2297,48.8088,POINT (9.2297 48.8088),Baden-Württemberg,Stuttgart,Stuttgart,6,Stuttgart,Baden-Württemberg,"632,865"
DEBW081,8.3556,49.0286,POINT (8.3556 49.0286),Baden-Württemberg,Karlsruhe (Stadtkreis),Karlsruhe,22,Karlsruhe,Baden-Württemberg,"308,707"
DEBW118,9.191,48.7881,POINT (9.191 48.7881),Baden-Württemberg,Stuttgart,Stuttgart,6,Stuttgart,Baden-Württemberg,"632,865"
DEBY076,9.9359,49.7946,POINT (9.9359 49.7946),Bayern,Würzburg (Kreisfreie Stadt),Würzburg,63,Würzburg,Bavaria,"127,810"
DEHB007,8.783,53.0667,POINT (8.783 53.0667),Bremen,Bremen,Bremen,11,Bremen,Free Hanseatic City of Bremen,"569,396"
DEBY116,11.0013,49.6026,POINT (11.0013 49.6026),Bayern,Erlangen,Erlangen,68,Erlangen,Bavaria,"116,562"
DEHH008,9.9679,53.5641,POINT (9.9679 53.5641),Hamburg,Hamburg,Hamburg,2,Hamburg,Hamburg,"1,892,122"
DEHH078,9.9656,53.551,POINT (9.9656 53.551),Hamburg,Hamburg,Hamburg,2,Hamburg,Hamburg,"1,892,122"
DERP008,8.2546,50.0104,POINT (8.2546 50.0104),Rheinland-Pfalz,Mainz,Mainz,35,Mainz,Rhineland-Palatinate,"220,552"
DESL010,6.9488,49.2442,POINT (6.9488 49.2442),Saarland,Regionalverband Saarbrücken,Saarbrücken,43,Saarbrücken,Saarland,"181,959"
DETH081,11.0104,50.9723,POINT (11.0104 50.9723),Thüringen,Erfurt,Erfurt,37,Erfurt,Thuringia,"214,969"
DENW054,7.006,51.0384,POINT (7.006 51.0384),Nordrhein-Westfalen,Leverkusen,Leverkusen,49,Leverkusen,North Rhine-Westphalia,"165,748"
DESH012,10.1044,54.3442,POINT (10.1044 54.3442),Schleswig-Holstein,Kiel,Kiel,30,Kiel,Schleswig-Holstein,"247,717"
DESN009,12.9591,50.8676,POINT (12.9591 50.8676),Sachsen,Chemnitz,Chemnitz,29,Chemnitz,Saxony,"248,563"
DEBE009,13.2885,52.5511,POINT (13.2885 52.5511),Berlin,Berlin,Berlin,1,Berlin,Berlin,"3,755,251"
DEBE012,13.168,52.5128,POINT (13.168 52.5128),Berlin,Berlin,Berlin,1,Berlin,Berlin,"3,755,251"
DEBE017,13.2936,52.4707,POINT (13.2936 52.4707),Berlin,Berlin,Berlin,1,Berlin,Berlin,"3,755,251"
DEBE021,13.2427,52.4455,POINT (13.2427 52.4455),Berlin,Berlin,Berlin,1,Berlin,Berlin,"3,755,251"
DEBW051,9.2214,49.1458,POINT (9.2214 49.1458),Baden-Württemberg,Heilbronn (Stadtkreis),Heilbronn,61,Heilbronn,Baden-Württemberg,"128,334"
DEBE001,13.2271,52.6216,POINT (13.2271 52.6216),Berlin,Berlin,Berlin,1,Berlin,Berlin,"3,755,251"
DEBE004,13.2342,52.5876,POINT (13.2342 52.5876),Berlin,Berlin,Berlin,1,Berlin,Berlin,"3,755,251"
DEBY016,11.0166,49.5876,POINT (11.0166 49.5876),Bayern,Erlangen,Erlangen,68,Erlangen,Bavaria,"116,562"
DEHH001,9.9068,53.5997,POINT (9.9068 53.5997),Hamburg,Hamburg,Hamburg,2,Hamburg,Hamburg,"1,892,122"
DEHH003,10.0291,53.5978,POINT (10.0291 53.5978),Hamburg,Hamburg,Hamburg,2,Hamburg,Hamburg,"1,892,122"
DEHH005,10.1439,53.5976,POINT (10.1439 53.5976),Hamburg,Hamburg,Hamburg,2,Hamburg,Hamburg,"1,892,122"
DEBE008,13.2296,52.5553,POINT (13.2296 52.5553),Berlin,Berlin,Berlin,1,Berlin,Berlin,"3,755,251"
DEHH011,10.1474,53.5617,POINT (10.1474 53.5617),Hamburg,Hamburg,Hamburg,2,Hamburg,Hamburg,"1,892,122"
DEHH012,9.8448,53.5237,POINT (9.8448 53.5237),Hamburg,Hamburg,Hamburg,2,Hamburg,Hamburg,"1,892,122"
DEHH013,9.9007,53.5278,POINT (9.9007 53.5278),Hamburg,Hamburg,Hamburg,2,Hamburg,Hamburg,"1,892,122"
DEHH014,9.9731,53.5264,POINT (9.9731 53.5264),Hamburg,Hamburg,Hamburg,2,Hamburg,Hamburg,"1,892,122"
DEHH019,9.9663,53.4932,POINT (9.9663 53.4932),Hamburg,Hamburg,Hamburg,2,Hamburg,Hamburg,"1,892,122"
DEBE006,13.3449,52.5864,POINT (13.3449 52.5864),Berlin,Berlin,Berlin,1,Berlin,Berlin,"3,755,251"
DEBE007,13.1678,52.5577,POINT (13.1678 52.5577),Berlin,Berlin,Berlin,1,Berlin,Berlin,"3,755,251"
DEBE020,13.4555,52.4754,POINT (13.4555 52.4754),Berlin,Berlin,Berlin,1,Berlin,Berlin,"3,755,251"
DEBE025,13.4575,52.4466,POINT (13.4575 52.4466),Berlin,Berlin,Berlin,1,Berlin,Berlin,"3,755,251"
DEBE029,13.4843,52.4113,POINT (13.4843 52.4113),Berlin,Berlin,Berlin,1,Berlin,Berlin,"3,755,251"
DEHE012,9.5325,51.3063,POINT (9.5325 51.3063),Hessen,Kassel (Kreisfreie Stadt),Kassel,40,Kassel,Hesse,"204,202"
DEBE013,13.2177,52.5174,POINT (13.2177 52.5174),Berlin,Berlin,Berlin,1,Berlin,Berlin,"3,755,251"
DEBY018,11.0312,49.5518,POINT (11.0312 49.5518),Bayern,Erlangen,Erlangen,68,Erlangen,Bavaria,"116,562"
DEHH004,10.0819,53.5982,POINT (10.0819 53.5982),Hamburg,Hamburg,Hamburg,2,Hamburg,Hamburg,"1,892,122"
DEHH006,9.8425,53.5606,POINT (9.8425 53.5606),Hamburg,Hamburg,Hamburg,2,Hamburg,Hamburg,"1,892,122"
DEBE035,13.4153,52.4588,POINT (13.4153 52.4588),Berlin,Berlin,Berlin,1,Berlin,Berlin,"3,755,251"
DEHH018,9.9089,53.49,POINT (9.9089 53.49),Hamburg,Hamburg,Hamburg,2,Hamburg,Hamburg,"1,892,122"
DEHH022,9.9639,53.4537,POINT (9.9639 53.4537),Hamburg,Hamburg,Hamburg,2,Hamburg,Hamburg,"1,892,122"
DEHH023,10.0255,53.4504,POINT (10.0255 53.4504),Hamburg,Hamburg,Hamburg,2,Hamburg,Hamburg,"1,892,122"
DEHE016,8.2902,50.0078,POINT (8.2902 50.0078),Hessen,Wiesbaden,Wiesbaden,24,Wiesbaden,Hesse,"283,083"
DEBY008,10.9078,48.3083,POINT (10.9078 48.3083),Bayern,Augsburg (Kreisfreie Stadt),Augsburg,23,Augsburg,Bavaria,"301,033"
DEHH010,10.084,53.5596,POINT (10.084 53.5596),Hamburg,Hamburg,Hamburg,2,Hamburg,Hamburg,"1,892,122"
DESL011,7.0363,49.2372,POINT (7.0363 49.2372),Saarland,Regionalverband Saarbrücken,Saarbrücken,43,Saarbrücken,Saarland,"181,959"
DESH009,10.6858,53.8709,POINT (10.6858 53.8709),Schleswig-Holstein,Lübeck,Lübeck,36,Lübeck,Schleswig-Holstein,"218,095"
DENW027,7.2357,51.4722,POINT (7.2357 51.4722),Nordrhein-Westfalen,Bochum,Bochum,16,Bochum,North Rhine-Westphalia,"365,742"
DEBE003,13.3385,52.6188,POINT (13.3385 52.6188),Berlin,Berlin,Berlin,1,Berlin,Berlin,"3,755,251"
DEBY017,10.9333,49.59,POINT (10.9333 49.59),Bayern,Erlangen,Erlangen,68,Erlangen,Bavaria,"116,562"
DEHH017,10.1509,53.523,POINT (10.1509 53.523),Hamburg,Hamburg,Hamburg,2,Hamburg,Hamburg,"1,892,122"
DEHH021,10.0836,53.4877,POINT (10.0836 53.4877),Hamburg,Hamburg,Hamburg,2,Hamburg,Hamburg,"1,892,122"
DEHH016,10.0817,53.529,POINT (10.0817 53.529),Hamburg,Hamburg,Hamburg,2,Hamburg,Hamburg,"1,892,122"
DEHB002,8.917,53.06,POINT (8.917 53.06),Bremen,Bremen,Bremen,11,Bremen,Free Hanseatic City of Bremen,"569,396"
DEBE023,13.3413,52.4444,POINT (13.3413 52.4444),Berlin,Berlin,Berlin,1,Berlin,Berlin,"3,755,251"
DEHE028,8.8173,49.6535,POINT (8.8173 49.6535),Hessen,Bergstraße,Fürth,59,Fürth,Bavaria,"131,433"
DENW041,6.5488,51.3219,POINT (6.5488 51.3219),Nordrhein-Westfalen,Krefeld,Krefeld,34,Krefeld,North Rhine-Westphalia,"228,426"
DESH005,10.6354,53.8713,POINT (10.6354 53.8713),Schleswig-Holstein,Lübeck,Lübeck,36,Lübeck,Schleswig-Holstein,"218,095"
DEUB016,7.6722,52.0425,POINT (7.6722 52.0425),Nordrhein-Westfalen,Münster,Münster,20,Münster,North Rhine-Westphalia,"320,946"
DENW035,6.8741,51.5266,POINT (6.8741 51.5266),Nordrhein-Westfalen,Oberhausen,Oberhausen,38,Oberhausen,North Rhine-Westphalia,"210,824"
DEHB003,8.7556,53.1111,POINT (8.7556 53.1111),Bremen,Bremen,Bremen,11,Bremen,Free Hanseatic City of Bremen,"569,396"
DENW062,7.0827,50.7536,POINT (7.0827 50.7536),Nordrhein-Westfalen,Bonn,Bonn,19,Bonn,North Rhine-Westphalia,336.465
DESL009,6.9713,49.2341,POINT (6.9713 49.2341),Saarland,Regionalverband Saarbrücken,Saarbrücken,43,Saarbrücken,Saarland,"181,959"
DEBB075,13.1237,52.4842,POINT (13.1237 52.4842),Brandenburg,Potsdam,Potsdam,42,Potsdam,Brandenburg,"185,750"
DEBE056,13.6471,52.4477,POINT (13.6471 52.4477),Berlin,Berlin,Berlin,1,Berlin,Berlin,"3,755,251"
DEBE051,13.4831,52.6442,POINT (13.4831 52.6442),Berlin,Berlin,Berlin,1,Berlin,Berlin,"3,755,251"
DEBY113,10.9635,49.6059,POINT (10.9635 49.6059),Bayern,Erlangen,Erlangen,68,Erlangen,Bavaria,"116,562"
DEHH050,9.8572,53.4809,POINT (9.8572 53.4809),Hamburg,Hamburg,Hamburg,2,Hamburg,Hamburg,"1,892,122"
DEMV021,12.08,54.1713,POINT (12.08 54.1713),Mecklenburg-Vorpommern,Rostock (Kreisfreie Stadt),Rostock,39,Rostock,Mecklenburg-Vorpommern,"209,920"
DEHH047,10.1106,53.6307,POINT (10.1106 53.6307),Hamburg,Hamburg,Hamburg,2,Hamburg,Hamburg,"1,892,122"
DEHH049,9.7862,53.5681,POINT (9.7862 53.5681),Hamburg,Hamburg,Hamburg,2,Hamburg,Hamburg,"1,892,122"
DENW114,7.2319,51.2776,POINT (7.2319 51.2776),Nordrhein-Westfalen,Wuppertal,Wuppertal,17,Wuppertal,North Rhine-Westphalia,"358,876"
DENW247,6.9656,51.4068,POINT (6.9656 51.4068),Nordrhein-Westfalen,Essen,Essen,10,Essen,North Rhine-Westphalia,"584,580"
DERP047,6.6903,49.784,POINT (6.6903 49.784),Rheinland-Pfalz,Trier,Trier,73,Trier,Rhineland-Palatinate,"112,195"
DENW431,6.7443,51.2774,POINT (6.7443 51.2774),Nordrhein-Westfalen,Düsseldorf,Düsseldorf,7,Düsseldorf,North Rhine-Westphalia,"629,047"
DERP040,6.6749,49.7487,POINT (6.6749 49.7487),Rheinland-Pfalz,Trier,Trier,73,Trier,Rhineland-Palatinate,"112,195"
DESH023,10.6959,53.8355,POINT (10.6959 53.8355),Schleswig-Holstein,Lübeck,Lübeck,36,Lübeck,Schleswig-Holstein,"218,095"
DESN084,13.7316,51.0263,POINT (13.7316 51.0263),Sachsen,Dresden,Dresden,12,Dresden,Saxony,"563,311"
DESH033,10.1166,54.3097,POINT (10.1166 54.3097),Schleswig-Holstein,Kiel,Kiel,30,Kiel,Schleswig-Holstein,"247,717"
DESH057,10.1056,54.3476,POINT (10.1056 54.3476),Schleswig-Holstein,Kiel,Kiel,30,Kiel,Schleswig-Holstein,"247,717"
DESN104,12.9594,50.8552,POINT (12.9594 50.8552),Sachsen,Chemnitz,Chemnitz,29,Chemnitz,Saxony,"248,563"
DESN092,13.7302,51.0361,POINT (13.7302 51.0361),Sachsen,Dresden,Dresden,12,Dresden,Saxony,"563,311"
DESN082,12.4257,51.376,POINT (12.4257 51.376),Sachsen,Leipzig (Kreisfreie Stadt),Leipzig,8,Leipzig,Saxony,"616,093"
DETH117,11.0566,50.9931,POINT (11.0566 50.9931),Thüringen,Erfurt,Erfurt,37,Erfurt,Thuringia,"214,969"
DETH019,11.0242,50.9696,POINT (11.0242 50.9696),Thüringen,Erfurt,Erfurt,37,Erfurt,Thuringia,"214,969"
DESN085,13.7287,51.0548,POINT (13.7287 51.0548),Sachsen,Dresden,Dresden,12,Dresden,Saxony,"563,311"
DEST006,11.6467,52.1336,POINT (11.6467 52.1336),Sachsen-Anhalt,Magdeburg,Magdeburg,32,Magdeburg,Saxony-Anhalt,"239,364"
DENW204,7.2106,51.511,POINT (7.2106 51.511),Nordrhein-Westfalen,Bochum,Bochum,16,Bochum,North Rhine-Westphalia,"365,742"
DESN008,12.9193,50.8312,POINT (12.9193 50.8312),Sachsen,Chemnitz,Chemnitz,29,Chemnitz,Saxony,"248,563"
DESH021,10.1362,54.3327,POINT (10.1362 54.3327),Schleswig-Holstein,Kiel,Kiel,30,Kiel,Schleswig-Holstein,"247,717"
DEBB020,13.0397,52.3867,POINT (13.0397 52.3867),Brandenburg,Potsdam,Potsdam,42,Potsdam,Brandenburg,"185,750"
DENI015,10.3482,52.1496,POINT (10.3482 52.1496),Niedersachsen,Salzgitter,Salzgitter,77,Salzgitter,Lower Saxony,"104,548"
DEBW077,9.9765,48.354,POINT (9.9765 48.354),Baden-Württemberg,Ulm,Ulm,60,Ulm,Baden-Württemberg,"128,928"
DEHH030,9.7928,53.5623,POINT (9.7928 53.5623),Hamburg,Hamburg,Hamburg,2,Hamburg,Hamburg,"1,892,122"
DEBB052,13.0485,52.3483,POINT (13.0485 52.3483),Brandenburg,Potsdam,Potsdam,42,Potsdam,Brandenburg,"185,750"
DEBY064,12.1245,49.0336,POINT (12.1245 49.0336),Bayern,Regensburg (Kreisfreie Stadt),Regensburg,53,Regensburg,Bavaria,"157,443"
DEBW101,8.6582,49.4214,POINT (8.6582 49.4214),Baden-Württemberg,Heidelberg,Heidelberg,50,Heidelberg,Baden-Württemberg,"162,273"
DEHH063,8.4974,53.9179,POINT (8.4974 53.9179),Hamburg,Hamburg,Hamburg,2,Hamburg,Hamburg,"1,892,122"
DENW208,7.0846,51.5279,POINT (7.0846 51.5279),Nordrhein-Westfalen,Gelsenkirchen,Gelsenkirchen,26,Gelsenkirchen,North Rhine-Westphalia,"263,000"
DENW206,7.0841,51.1762,POINT (7.0841 51.1762),Nordrhein-Westfalen,Solingen,Solingen,52,Solingen,North Rhine-Westphalia,"160,643"
DEBB073,13.0946,52.3889,POINT (13.0946 52.3889),Brandenburg,Potsdam,Potsdam,42,Potsdam,Brandenburg,"185,750"
DEBE125,13.3824,52.5098,POINT (13.3824 52.5098),Berlin,Berlin,Berlin,1,Berlin,Berlin,"3,755,251"
DEBE127,13.4412,52.4675,POINT (13.4412 52.4675),Berlin,Berlin,Berlin,1,Berlin,Berlin,"3,755,251"
DEBE069,13.3877,52.4381,POINT (13.3877 52.4381),Berlin,Berlin,Berlin,1,Berlin,Berlin,"3,755,251"
DEBW116,9.1845,48.7687,POINT (9.1845 48.7687),Baden-Württemberg,Stuttgart,Stuttgart,6,Stuttgart,Baden-Württemberg,"632,865"
DEBE126,13.4297,52.4838,POINT (13.4297 52.4838),Berlin,Berlin,Berlin,1,Berlin,Berlin,"3,755,251"
DEBW153,9.9873,48.4041,POINT (9.9873 48.4041),Baden-Württemberg,Ulm,Ulm,60,Ulm,Baden-Württemberg,"128,928"
DEHB011,8.5988,53.5853,POINT (8.5988 53.5853),Bremen,Bremerhaven,Bremerhaven,69,Bremerhaven,Free Hanseatic City of Bremen,"115,468"
DEBW134,9.2204,48.8038,POINT (9.2204 48.8038),Baden-Württemberg,Stuttgart,Stuttgart,6,Stuttgart,Baden-Württemberg,"632,865"
DEBW138,9.9835,48.3946,POINT (9.9835 48.3946),Baden-Württemberg,Ulm,Ulm,60,Ulm,Baden-Württemberg,"128,928"
DEHB010,8.7114,53.1501,POINT (8.7114 53.1501),Bremen,Bremen,Bremen,11,Bremen,Free Hanseatic City of Bremen,"569,396"
DEHE054,8.9263,50.1304,POINT (8.9263 50.1304),Hessen,Main-Kinzig-Kreis,Hanau,81,Hanau,Hesse,"101,364"
DEHE112,8.2289,50.0721,POINT (8.2289 50.0721),Hessen,Wiesbaden,Wiesbaden,24,Wiesbaden,Hesse,"283,083"
DEHH072,9.8441,53.536,POINT (9.8441 53.536),Hamburg,Hamburg,Hamburg,2,Hamburg,Hamburg,"1,892,122"
DEHH079,9.9448,53.5453,POINT (9.9448 53.5453),Hamburg,Hamburg,Hamburg,2,Hamburg,Hamburg,"1,892,122"
DEHH081,9.9816,53.5292,POINT (9.9816 53.5292),Hamburg,Hamburg,Hamburg,2,Hamburg,Hamburg,"1,892,122"
DEHH082,9.9614,53.6222,POINT (9.9614 53.6222),Hamburg,Hamburg,Hamburg,2,Hamburg,Hamburg,"1,892,122"
DEHH074,10.1028,53.5385,POINT (10.1028 53.5385),Hamburg,Hamburg,Hamburg,2,Hamburg,Hamburg,"1,892,122"
DEMV020,12.142,54.0923,POINT (12.142 54.0923),Mecklenburg-Vorpommern,Rostock (Kreisfreie Stadt),Rostock,39,Rostock,Mecklenburg-Vorpommern,"209,920"
DEMV031,12.0979,54.1773,POINT (12.0979 54.1773),Mecklenburg-Vorpommern,Rostock (Kreisfreie Stadt),Rostock,39,Rostock,Mecklenburg-Vorpommern,"209,920"
DENW207,6.0958,50.7731,POINT (6.0958 50.7731),Nordrhein-Westfalen,Städteregion Aachen,Aachen,27,Aachen,North Rhine-Westphalia,"252,136"
DENW382,6.7275,51.4607,POINT (6.7275 51.4607),Nordrhein-Westfalen,Duisburg,Duisburg,15,Duisburg,North Rhine-Westphalia,"502,211"
DENW415,6.8425,51.4784,POINT (6.8425 51.4784),Nordrhein-Westfalen,Oberhausen,Oberhausen,38,Oberhausen,North Rhine-Westphalia,"210,824"
DENW185,7.481,51.5006,POINT (7.481 51.5006),Nordrhein-Westfalen,Dortmund,Dortmund,9,Dortmund,North Rhine-Westphalia,"593,317"
DENW188,6.8636,51.4749,POINT (6.8636 51.4749),Nordrhein-Westfalen,Oberhausen,Oberhausen,38,Oberhausen,North Rhine-Westphalia,"210,824"
DENW330,6.7538,51.2695,POINT (6.7538 51.2695),Nordrhein-Westfalen,Düsseldorf,Düsseldorf,7,Düsseldorf,North Rhine-Westphalia,"629,047"
DENW134,7.0053,51.4779,POINT (7.0053 51.4779),Nordrhein-Westfalen,Essen,Essen,10,Essen,North Rhine-Westphalia,"584,580"
DENW254,6.7523,51.4679,POINT (6.7523 51.4679),Nordrhein-Westfalen,Duisburg,Duisburg,15,Duisburg,North Rhine-Westphalia,"502,211"
DENW189,7.1474,51.2607,POINT (7.1474 51.2607),Nordrhein-Westfalen,Wuppertal,Wuppertal,17,Wuppertal,North Rhine-Westphalia,"358,876"
DENW259,6.4399,51.1694,POINT (6.4399 51.1694),Nordrhein-Westfalen,Mönchengladbach,Mönchengladbach,25,Mönchengladbach,North Rhine-Westphalia,"268,465"
DENW338,6.7354,51.4855,POINT (6.7354 51.4855),Nordrhein-Westfalen,Duisburg,Duisburg,15,Duisburg,North Rhine-Westphalia,"502,211"
DENW260,7.6194,51.9533,POINT (7.6194 51.9533),Nordrhein-Westfalen,Münster,Münster,20,Münster,North Rhine-Westphalia,"320,946"
DENW351,7.0604,51.5243,POINT (7.0604 51.5243),Nordrhein-Westfalen,Gelsenkirchen,Gelsenkirchen,26,Gelsenkirchen,North Rhine-Westphalia,"263,000"
DENW355,7.0109,51.0315,POINT (7.0109 51.0315),Nordrhein-Westfalen,Leverkusen,Leverkusen,49,Leverkusen,North Rhine-Westphalia,"165,748"
DENW200,8.5528,52.0056,POINT (8.5528 52.0056),Nordrhein-Westfalen,Bielefeld,Bielefeld,18,Bielefeld,North Rhine-Westphalia,"338,332"
DENW203,7.1501,51.5432,POINT (7.1501 51.5432),Nordrhein-Westfalen,Herne,Herne,54,Herne,North Rhine-Westphalia,"157,368"
DENW116,6.6702,51.3426,POINT (6.6702 51.3426),Nordrhein-Westfalen,Krefeld,Krefeld,34,Krefeld,North Rhine-Westphalia,"228,426"
DENW117,7.1861,51.4825,POINT (7.1861 51.4825),Nordrhein-Westfalen,Bochum,Bochum,16,Bochum,North Rhine-Westphalia,"365,742"
DENW131,6.747,51.5061,POINT (6.747 51.5061),Nordrhein-Westfalen,Duisburg,Duisburg,15,Duisburg,North Rhine-Westphalia,"502,211"
DENW383,8.5341,52.0242,POINT (8.5341 52.0242),Nordrhein-Westfalen,Bielefeld,Bielefeld,18,Bielefeld,North Rhine-Westphalia,"338,332"
DERP045,7.5922,50.3594,POINT (7.5922 50.3594),Rheinland-Pfalz,Koblenz,Koblenz,70,Koblenz,Rhineland-Palatinate,"115,268"
DESH053,10.6733,53.8622,POINT (10.6733 53.8622),Schleswig-Holstein,Lübeck,Lübeck,36,Lübeck,Schleswig-Holstein,"218,095"
DENW136,7.4836,51.5235,POINT (7.4836 51.5235),Nordrhein-Westfalen,Dortmund,Dortmund,9,Dortmund,North Rhine-Westphalia,"593,317"
DENW105,6.7002,51.3687,POINT (6.7002 51.3687),Nordrhein-Westfalen,Duisburg,Duisburg,15,Duisburg,North Rhine-Westphalia,"502,211"
DENW430,6.7764,51.2026,POINT (6.7764 51.2026),Nordrhein-Westfalen,Düsseldorf,Düsseldorf,7,Düsseldorf,North Rhine-Westphalia,"629,047"
DENW359,6.4158,51.097,POINT (6.4158 51.097),Nordrhein-Westfalen,Mönchengladbach,Mönchengladbach,25,Mönchengladbach,North Rhine-Westphalia,"268,465"
DENW381,6.7041,51.2196,POINT (6.7041 51.2196),Nordrhein-Westfalen,Rhein-Kreis Neuss,Neuss,56,Neuss,North Rhine-Westphalia,"154,139"
DENW354,6.7614,51.2005,POINT (6.7614 51.2005),Nordrhein-Westfalen,Düsseldorf,Düsseldorf,7,Düsseldorf,North Rhine-Westphalia,"629,047"
DENW186,8.5216,52.0262,POINT (8.5216 52.0262),Nordrhein-Westfalen,Bielefeld,Bielefeld,18,Bielefeld,North Rhine-Westphalia,"338,332"
DENW374,7.1864,51.5609,POINT (7.1864 51.5609),Nordrhein-Westfalen,Recklinghausen,Recklinghausen,74,Recklinghausen,North Rhine-Westphalia,"111,734"
DENW201,6.9243,51.5193,POINT (6.9243 51.5193),Nordrhein-Westfalen,Bottrop,Bottrop,66,Bottrop,North Rhine-Westphalia,"118,113"
DESN077,12.3347,51.3359,POINT (12.3347 51.3359),Sachsen,Leipzig (Kreisfreie Stadt),Leipzig,8,Leipzig,Saxony,"616,093"
DERP035,7.7613,49.4417,POINT (7.7613 49.4417),Rheinland-Pfalz,Kaiserslautern (Kreisfreie Stadt,Kaiserslautern,82,Kaiserslautern,Rhineland-Palatinate,"101,228"
DEST112,11.6319,52.1317,POINT (11.6319 52.1317),Sachsen-Anhalt,Magdeburg,Magdeburg,32,Magdeburg,Saxony-Anhalt,"239,364"
DESN083,12.9034,50.8457,POINT (12.9034 50.8457),Sachsen,Chemnitz,Chemnitz,29,Chemnitz,Saxony,"248,563"
DEST099,11.6312,52.1312,POINT (11.6312 52.1312),Sachsen-Anhalt,Magdeburg,Magdeburg,32,Magdeburg,Saxony-Anhalt,"239,364"
DENW106,6.7202,51.365,POINT (6.7202 51.365),Nordrhein-Westfalen,Duisburg,Duisburg,15,Duisburg,North Rhine-Westphalia,"502,211"
DERP036,6.637,49.7501,POINT (6.637 49.7501),Rheinland-Pfalz,Trier,Trier,73,Trier,Rhineland-Palatinate,"112,195"
DERP029,7.5955,50.3592,POINT (7.5955 50.3592),Rheinland-Pfalz,Koblenz,Koblenz,70,Koblenz,Rhineland-Palatinate,"115,268"
DESH029,10.1227,54.3039,POINT (10.1227 54.3039),Schleswig-Holstein,Kiel,Kiel,30,Kiel,Schleswig-Holstein,"247,717"
DENW140,8.4909,52.0005,POINT (8.4909 52.0005),Nordrhein-Westfalen,Bielefeld,Bielefeld,18,Bielefeld,North Rhine-Westphalia,"338,332"
DETH037,11.5827,50.9251,POINT (11.5827 50.9251),Thüringen,Jena,Jena,75,Jena,Thuringia,"111,191"
DENW177,8.5196,52.0273,POINT (8.5196 52.0273),Nordrhein-Westfalen,Bielefeld,Bielefeld,18,Bielefeld,North Rhine-Westphalia,"338,332"
DENW132,8.0251,50.9122,POINT (8.0251 50.9122),Nordrhein-Westfalen,Siegen-Wittgenstein,Siegen,78,Siegen,North Rhine-Westphalia,"102,560"
DENW183,8.7477,51.7196,POINT (8.7477 51.7196),Nordrhein-Westfalen,Paderborn,Paderborn,55,Paderborn,North Rhine-Westphalia,"154,755"
DENW141,7.6135,51.9683,POINT (7.6135 51.9683),Nordrhein-Westfalen,Münster,Münster,20,Münster,North Rhine-Westphalia,"320,946"
DENW142,6.675,51.3334,POINT (6.675 51.3334),Nordrhein-Westfalen,Krefeld,Krefeld,34,Krefeld,North Rhine-Westphalia,"228,426"
DENW226,7.0766,51.4701,POINT (7.0766 51.4701),Nordrhein-Westfalen,Essen,Essen,10,Essen,North Rhine-Westphalia,"584,580"
DENW137,7.4539,51.3549,POINT (7.4539 51.3549),Nordrhein-Westfalen,Hagen,Hagen,41,Hagen,North Rhine-Westphalia,"189,783"
DENW138,6.6926,51.1937,POINT (6.6926 51.1937),Nordrhein-Westfalen,Rhein-Kreis Neuss,Neuss,56,Neuss,North Rhine-Westphalia,"154,139"
DENW199,7.6197,51.9544,POINT (7.6197 51.9544),Nordrhein-Westfalen,Münster,Münster,20,Münster,North Rhine-Westphalia,"320,946"
DEBW119,9.1753,48.8111,POINT (9.1753 48.8111),Baden-Württemberg,Stuttgart,Stuttgart,6,Stuttgart,Baden-Württemberg,"632,865"
DEBW124,8.6872,49.3794,POINT (8.6872 49.3794),Baden-Württemberg,Heidelberg,Heidelberg,50,Heidelberg,Baden-Württemberg,"162,273"
DEBW131,9.2215,49.1405,POINT (9.2215 49.1405),Baden-Württemberg,Heilbronn (Stadtkreis),Heilbronn,61,Heilbronn,Baden-Württemberg,"128,334"
DEBY078,9.9378,49.7733,POINT (9.9378 49.7733),Bayern,Würzburg (Kreisfreie Stadt),Würzburg,63,Würzburg,Bavaria,"127,810"
DEHB008,8.5931,53.5595,POINT (8.5931 53.5595),Bremen,Bremerhaven,Bremerhaven,69,Bremerhaven,Free Hanseatic City of Bremen,"115,468"
DEHE047,8.9586,50.1218,POINT (8.9586 50.1218),Hessen,Main-Kinzig-Kreis,Hanau,81,Hanau,Hesse,"101,364"
DEBB071,13.0676,52.4054,POINT (13.0676 52.4054),Brandenburg,Potsdam,Potsdam,42,Potsdam,Brandenburg,"185,750"
DEHH054,10.2066,53.497,POINT (10.2066 53.497),Hamburg,Hamburg,Hamburg,2,Hamburg,Hamburg,"1,892,122"
DEBW129,8.6944,48.8908,POINT (8.6944 48.8908),Baden-Württemberg,Pforzheim,Pforzheim,62,Pforzheim,Baden-Württemberg,"127,849"
DEBW115,8.4624,49.4941,POINT (8.4624 49.4941),Baden-Württemberg,Mannheim,Mannheim,21,Mannheim,Baden-Württemberg,"315,554"
DEBE045,13.404,52.5911,POINT (13.404 52.5911),Berlin,Berlin,Berlin,1,Berlin,Berlin,"3,755,251"
DEBB046,13.0672,52.4036,POINT (13.0672 52.4036),Brandenburg,Potsdam,Potsdam,42,Potsdam,Brandenburg,"185,750"
DEBY024,11.4453,48.7878,POINT (11.4453 48.7878),Bayern,Ingolstadt,Ingolstadt,57,Ingolstadt,Bavaria,"141,029"
DEBW123,9.2104,48.4896,POINT (9.2104 48.4896),Baden-Württemberg,Reutlingen,Reutlingen,67,Reutlingen,Baden-Württemberg,"117,547"
DEBW132,9.2248,49.1461,POINT (9.2248 49.1461),Baden-Württemberg,Heilbronn (Stadtkreis),Heilbronn,61,Heilbronn,Baden-Württemberg,"128,334"
DEHE055,9.5278,51.3129,POINT (9.5278 51.3129),Hessen,Kassel (Kreisfreie Stadt),Kassel,40,Kassel,Hesse,"204,202"
DEHB009,8.7935,53.0667,POINT (8.7935 53.0667),Bremen,Bremen,Bremen,11,Bremen,Free Hanseatic City of Bremen,"569,396"
DEHH055,9.9674,53.4601,POINT (9.9674 53.4601),Hamburg,Hamburg,Hamburg,2,Hamburg,Hamburg,"1,892,122"
DENW111,6.7362,51.379,POINT (6.7362 51.379),Nordrhein-Westfalen,Duisburg,Duisburg,15,Duisburg,North Rhine-Westphalia,"502,211"
DENW205,6.712,51.4114,POINT (6.712 51.4114),Nordrhein-Westfalen,Duisburg,Duisburg,15,Duisburg,North Rhine-Westphalia,"502,211"
DENW202,8.0207,50.8755,POINT (8.0207 50.8755),Nordrhein-Westfalen,Siegen-Wittgenstein,Siegen,78,Siegen,North Rhine-Westphalia,"102,560"
DEBW126,8.3693,49.0054,POINT (8.3693 49.0054),Baden-Württemberg,Karlsruhe (Stadtkreis),Karlsruhe,22,Karlsruhe,Baden-Württemberg,"308,707"
DEBW130,8.6959,48.888,POINT (8.6959 48.888),Baden-Württemberg,Pforzheim,Pforzheim,62,Pforzheim,Baden-Württemberg,"127,849"
DEBW151,8.677,49.4072,POINT (8.677 49.4072),Baden-Württemberg,Heidelberg,Heidelberg,50,Heidelberg,Baden-Württemberg,"162,273"
DEHH076,9.9717,53.4676,POINT (9.9717 53.4676),Hamburg,Hamburg,Hamburg,2,Hamburg,Hamburg,"1,892,122"
DENW135,7.0465,51.4571,POINT (7.0465 51.4571),Nordrhein-Westfalen,Essen,Essen,10,Essen,North Rhine-Westphalia,"584,580"
DENW194,6.728,51.3677,POINT (6.728 51.3677),Nordrhein-Westfalen,Duisburg,Duisburg,15,Duisburg,North Rhine-Westphalia,"502,211"
DENW220,7.2134,51.5774,POINT (7.2134 51.5774),Nordrhein-Westfalen,Recklinghausen,Recklinghausen,74,Recklinghausen,North Rhine-Westphalia,"111,734"
DENW286,7.1865,51.5603,POINT (7.1865 51.5603),Nordrhein-Westfalen,Recklinghausen,Recklinghausen,74,Recklinghausen,North Rhine-Westphalia,"111,734"
DENW285,7.5833,51.3479,POINT (7.5833 51.3479),Nordrhein-Westfalen,Hagen,Hagen,41,Hagen,North Rhine-Westphalia,"189,783"
DENW261,6.5294,51.3562,POINT (6.5294 51.3562),Nordrhein-Westfalen,Krefeld,Krefeld,34,Krefeld,North Rhine-Westphalia,"228,426"
DENW309,6.746,51.3833,POINT (6.746 51.3833),Nordrhein-Westfalen,Duisburg,Duisburg,15,Duisburg,North Rhine-Westphalia,"502,211"
DETH082,11.5898,50.9364,POINT (11.5898 50.9364),Thüringen,Jena,Jena,75,Jena,Thuringia,"111,191"
DEBE083,13.3086,52.5065,POINT (13.3086 52.5065),Berlin,Berlin,Berlin,1,Berlin,Berlin,"3,755,251"
DEBE085,13.4322,52.4657,POINT (13.4322 52.4657),Berlin,Berlin,Berlin,1,Berlin,Berlin,"3,755,251"
DEBE087,13.4599,52.5502,POINT (13.4599 52.5502),Berlin,Berlin,Berlin,1,Berlin,Berlin,"3,755,251"
DEBE088,13.3284,52.5291,POINT (13.3284 52.5291),Berlin,Berlin,Berlin,1,Berlin,Berlin,"3,755,251"
DEBE089,13.3641,52.5014,POINT (13.3641 52.5014),Berlin,Berlin,Berlin,1,Berlin,Berlin,"3,755,251"
DEBE090,13.512,52.4551,POINT (13.512 52.4551),Berlin,Berlin,Berlin,1,Berlin,Berlin,"3,755,251"
DEBE091,13.5066,52.5105,POINT (13.5066 52.5105),Berlin,Berlin,Berlin,1,Berlin,Berlin,"3,755,251"
DEBE094,13.3225,52.4589,POINT (13.3225 52.4589),Berlin,Berlin,Berlin,1,Berlin,Berlin,"3,755,251"
DEBE095,13.3854,52.4652,POINT (13.3854 52.4652),Berlin,Berlin,Berlin,1,Berlin,Berlin,"3,755,251"
DEBE100,13.3891,52.5144,POINT (13.3891 52.5144),Berlin,Berlin,Berlin,1,Berlin,Berlin,"3,755,251"
DEBE101,13.3849,52.5503,POINT (13.3849 52.5503),Berlin,Berlin,Berlin,1,Berlin,Berlin,"3,755,251"
DEBE103,13.3127,52.5702,POINT (13.3127 52.5702),Berlin,Berlin,Berlin,1,Berlin,Berlin,"3,755,251"
DEBE106,13.4167,52.5116,POINT (13.4167 52.5116),Berlin,Berlin,Berlin,1,Berlin,Berlin,"3,755,251"
DEBE111,13.3443,52.5315,POINT (13.3443 52.5315),Berlin,Berlin,Berlin,1,Berlin,Berlin,"3,755,251"
DEBE113,13.4134,52.5028,POINT (13.4134 52.5028),Berlin,Berlin,Berlin,1,Berlin,Berlin,"3,755,251"
DEBE114,13.4548,52.4895,POINT (13.4548 52.4895),Berlin,Berlin,Berlin,1,Berlin,Berlin,"3,755,251"
DEBE115,13.4392,52.4814,POINT (13.4392 52.4814),Berlin,Berlin,Berlin,1,Berlin,Berlin,"3,755,251"
DEBE116,13.3885,52.5184,POINT (13.3885 52.5184),Berlin,Berlin,Berlin,1,Berlin,Berlin,"3,755,251"
DEBE117,13.3998,52.5295,POINT (13.3998 52.5295),Berlin,Berlin,Berlin,1,Berlin,Berlin,"3,755,251"
DEBE121,13.3871,52.4922,POINT (13.3871 52.4922),Berlin,Berlin,Berlin,1,Berlin,Berlin,"3,755,251"
DEBE082,13.3913,52.5104,POINT (13.3913 52.5104),Berlin,Berlin,Berlin,1,Berlin,Berlin,"3,755,251"
DEBE084,13.3474,52.4813,POINT (13.3474 52.4813),Berlin,Berlin,Berlin,1,Berlin,Berlin,"3,755,251"
DEBE086,13.4346,52.4842,POINT (13.4346 52.4842),Berlin,Berlin,Berlin,1,Berlin,Berlin,"3,755,251"
DEBE092,13.2818,52.5183,POINT (13.2818 52.5183),Berlin,Berlin,Berlin,1,Berlin,Berlin,"3,755,251"
DEBE097,13.4247,52.4874,POINT (13.4247 52.4874),Berlin,Berlin,Berlin,1,Berlin,Berlin,"3,755,251"
DEBE098,13.4443,52.4633,POINT (13.4443 52.4633),Berlin,Berlin,Berlin,1,Berlin,Berlin,"3,755,251"
DEBE104,13.4651,52.4984,POINT (13.4651 52.4984),Berlin,Berlin,Berlin,1,Berlin,Berlin,"3,755,251"
DEBE108,13.3449,52.4372,POINT (13.3449 52.4372),Berlin,Berlin,Berlin,1,Berlin,Berlin,"3,755,251"
DEBE122,13.3458,52.4982,POINT (13.3458 52.4982),Berlin,Berlin,Berlin,1,Berlin,Berlin,"3,755,251"
DEBE124,13.4132,52.5408,POINT (13.4132 52.5408),Berlin,Berlin,Berlin,1,Berlin,Berlin,"3,755,251"
DEBE093,13.3287,52.5239,POINT (13.3287 52.5239),Berlin,Berlin,Berlin,1,Berlin,Berlin,"3,755,251"
DEBE105,13.3844,52.531,POINT (13.3844 52.531),Berlin,Berlin,Berlin,1,Berlin,Berlin,"3,755,251"
DEBE107,13.3018,52.509,POINT (13.3018 52.509),Berlin,Berlin,Berlin,1,Berlin,Berlin,"3,755,251"
DEBE110,13.3431,52.5272,POINT (13.3431 52.5272),Berlin,Berlin,Berlin,1,Berlin,Berlin,"3,755,251"
DEBE112,13.3784,52.5223,POINT (13.3784 52.5223),Berlin,Berlin,Berlin,1,Berlin,Berlin,"3,755,251"
DEBE119,13.3853,52.4474,POINT (13.3853 52.4474),Berlin,Berlin,Berlin,1,Berlin,Berlin,"3,755,251"
DEBE120,13.334,52.4683,POINT (13.334 52.4683),Berlin,Berlin,Berlin,1,Berlin,Berlin,"3,755,251"
DEBE123,13.2845,52.5081,POINT (13.2845 52.5081),Berlin,Berlin,Berlin,1,Berlin,Berlin,"3,755,251"
DEBE102,13.1966,52.5311,POINT (13.1966 52.5311),Berlin,Berlin,Berlin,1,Berlin,Berlin,"3,755,251"
DEBW235,9.2196,49.1464,POINT (9.2196 49.1464),Baden-Württemberg,Heilbronn (Stadtkreis),Heilbronn,61,Heilbronn,Baden-Württemberg,"128,334"
DEBW238,9.2171,49.1351,POINT (9.2171 49.1351),Baden-Württemberg,Heilbronn (Stadtkreis),Heilbronn,61,Heilbronn,Baden-Württemberg,"128,334"
DEBW242,9.2016,48.8078,POINT (9.2016 48.8078),Baden-Württemberg,Stuttgart,Stuttgart,6,Stuttgart,Baden-Württemberg,"632,865"
DEBW243,9.2118,48.7836,POINT (9.2118 48.7836),Baden-Württemberg,Stuttgart,Stuttgart,6,Stuttgart,Baden-Württemberg,"632,865"
DEBW246,8.7056,48.8869,POINT (8.7056 48.8869),Baden-Württemberg,Pforzheim,Pforzheim,62,Pforzheim,Baden-Württemberg,"127,849"
DEBE118,13.3824,52.5098,POINT (13.3824 52.5098),Berlin,Berlin,Berlin,1,Berlin,Berlin,"3,755,251"
DEBW239,9.219,49.1357,POINT (9.219 49.1357),Baden-Württemberg,Heilbronn (Stadtkreis),Heilbronn,61,Heilbronn,Baden-Württemberg,"128,334"
DEBW245,8.6953,48.8936,POINT (8.6953 48.8936),Baden-Württemberg,Pforzheim,Pforzheim,62,Pforzheim,Baden-Württemberg,"127,849"
DEBE096,13.4351,52.5232,POINT (13.4351 52.5232),Berlin,Berlin,Berlin,1,Berlin,Berlin,"3,755,251"
DEBE109,13.3448,52.4822,POINT (13.3448 52.4822),Berlin,Berlin,Berlin,1,Berlin,Berlin,"3,755,251"
DEBW240,9.2285,49.1387,POINT (9.2285 49.1387),Baden-Württemberg,Heilbronn (Stadtkreis),Heilbronn,61,Heilbronn,Baden-Württemberg,"128,334"
DEBW234,9.2012,49.1689,POINT (9.2012 49.1689),Baden-Württemberg,Heilbronn (Stadtkreis),Heilbronn,61,Heilbronn,Baden-Württemberg,"128,334"
DEBW236,9.1725,49.1585,POINT (9.1725 49.1585),Baden-Württemberg,Heilbronn (Stadtkreis),Heilbronn,61,Heilbronn,Baden-Württemberg,"128,334"
DEBW237,9.2126,49.1365,POINT (9.2126 49.1365),Baden-Württemberg,Heilbronn (Stadtkreis),Heilbronn,61,Heilbronn,Baden-Württemberg,"128,334"
DEHE132,8.6532,49.8694,POINT (8.6532 49.8694),Hessen,Darmstadt,Darmstadt,51,Darmstadt,Hesse,"162,243"
DEHE138,8.6484,49.8654,POINT (8.6484 49.8654),Hessen,Darmstadt,Darmstadt,51,Darmstadt,Hesse,"162,243"
DEHE130,8.6555,49.8697,POINT (8.6555 49.8697),Hessen,Darmstadt,Darmstadt,51,Darmstadt,Hesse,"162,243"
DENI061,9.9503,52.1556,POINT (9.9503 52.1556),Niedersachsen,Hildesheim,Hildesheim,80,Hildesheim,Lower Saxony,"101,858"
DEHH073,9.8327,53.5321,POINT (9.8327 53.5321),Hamburg,Hamburg,Hamburg,2,Hamburg,Hamburg,"1,892,122"
DENI160,10.5,52.2705,POINT (10.5 52.2705),Niedersachsen,Braunschweig,Braunschweig,28,Braunschweig,Lower Saxony,"251,804"
DENI146,8.047,52.2722,POINT (8.047 52.2722),Niedersachsen,Osnabrück (Kreisfreie Stadt),Osnabrück,48,Osnabrück,Lower Saxony,"167,366"
DENW281,7.4773,51.3604,POINT (7.4773 51.3604),Nordrhein-Westfalen,Hagen,Hagen,41,Hagen,North Rhine-Westphalia,"189,783"
DENW290,6.6935,51.2008,POINT (6.6935 51.2008),Nordrhein-Westfalen,Rhein-Kreis Neuss,Neuss,56,Neuss,North Rhine-Westphalia,"154,139"
DENI180,8.047,52.2722,POINT (8.047 52.2722),Niedersachsen,Osnabrück (Kreisfreie Stadt),Osnabrück,48,Osnabrück,Lower Saxony,"167,366"
DENW376,6.764,51.4315,POINT (6.764 51.4315),Nordrhein-Westfalen,Duisburg,Duisburg,15,Duisburg,North Rhine-Westphalia,"502,211"
DENW377,6.7813,51.4667,POINT (6.7813 51.4667),Nordrhein-Westfalen,Duisburg,Duisburg,15,Duisburg,North Rhine-Westphalia,"502,211"
DENW384,7.1975,51.4916,POINT (7.1975 51.4916),Nordrhein-Westfalen,Bochum,Bochum,16,Bochum,North Rhine-Westphalia,"365,742"
DENW403,7.4625,51.3651,POINT (7.4625 51.3651),Nordrhein-Westfalen,Hagen,Hagen,41,Hagen,North Rhine-Westphalia,"189,783"
DENW184,7.5025,51.504,POINT (7.5025 51.504),Nordrhein-Westfalen,Dortmund,Dortmund,9,Dortmund,North Rhine-Westphalia,"593,317"
DENW407,7.212,51.5001,POINT (7.212 51.5001),Nordrhein-Westfalen,Bochum,Bochum,16,Bochum,North Rhine-Westphalia,"365,742"
DENW296,7.2133,51.5772,POINT (7.2133 51.5772),Nordrhein-Westfalen,Recklinghausen,Recklinghausen,74,Recklinghausen,North Rhine-Westphalia,"111,734"
DENW421,6.7693,51.2524,POINT (6.7693 51.2524),Nordrhein-Westfalen,Düsseldorf,Düsseldorf,7,Düsseldorf,North Rhine-Westphalia,"629,047"
DENW157,8.7441,51.7146,POINT (8.7441 51.7146),Nordrhein-Westfalen,Paderborn,Paderborn,55,Paderborn,North Rhine-Westphalia,"154,755"
DENW158,8.7471,51.7188,POINT (8.7471 51.7188),Nordrhein-Westfalen,Paderborn,Paderborn,55,Paderborn,North Rhine-Westphalia,"154,755"
DENW161,7.0043,51.4402,POINT (7.0043 51.4402),Nordrhein-Westfalen,Essen,Essen,10,Essen,North Rhine-Westphalia,"584,580"
DENI158,10.7859,52.424,POINT (10.7859 52.424),Niedersachsen,Wolfsburg,Wolfsburg,64,Wolfsburg,Lower Saxony,"125,961"
DENW331,7.2104,51.5112,POINT (7.2104 51.5112),Nordrhein-Westfalen,Bochum,Bochum,16,Bochum,North Rhine-Westphalia,"365,742"
DENW251,6.5747,51.3179,POINT (6.5747 51.3179),Nordrhein-Westfalen,Krefeld,Krefeld,34,Krefeld,North Rhine-Westphalia,"228,426"
DENW169,7.0055,51.4785,POINT (7.0055 51.4785),Nordrhein-Westfalen,Essen,Essen,10,Essen,North Rhine-Westphalia,"584,580"
DENW172,6.6925,51.194,POINT (6.6925 51.194),Nordrhein-Westfalen,Rhein-Kreis Neuss,Neuss,56,Neuss,North Rhine-Westphalia,"154,139"
DENW255,7.3959,51.3395,POINT (7.3959 51.3395),Nordrhein-Westfalen,Hagen,Hagen,41,Hagen,North Rhine-Westphalia,"189,783"
DENW209,6.864,51.475,POINT (6.864 51.475),Nordrhein-Westfalen,Oberhausen,Oberhausen,38,Oberhausen,North Rhine-Westphalia,"210,824"
DENW176,7.0875,50.737,POINT (7.0875 50.737),Nordrhein-Westfalen,Bonn,Bonn,19,Bonn,North Rhine-Westphalia,336.465
DENW178,6.0973,50.7747,POINT (6.0973 50.7747),Nordrhein-Westfalen,Städteregion Aachen,Aachen,27,Aachen,North Rhine-Westphalia,"252,136"
DENW340,6.8332,51.2408,POINT (6.8332 51.2408),Nordrhein-Westfalen,Düsseldorf,Düsseldorf,7,Düsseldorf,North Rhine-Westphalia,"629,047"
DENW342,8.0238,50.8755,POINT (8.0238 50.8755),Nordrhein-Westfalen,Siegen-Wittgenstein,Siegen,78,Siegen,North Rhine-Westphalia,"102,560"
DENW195,7.8097,51.6893,POINT (7.8097 51.6893),Nordrhein-Westfalen,Hamm,Hamm,44,Hamm,North Rhine-Westphalia,"180,849"
DENW361,8.534,52.024,POINT (8.534 52.024),Nordrhein-Westfalen,Bielefeld,Bielefeld,18,Bielefeld,North Rhine-Westphalia,"338,332"
DENW269,7.6314,51.9633,POINT (7.6314 51.9633),Nordrhein-Westfalen,Münster,Münster,20,Münster,North Rhine-Westphalia,"320,946"
DENW363,8.7118,51.7437,POINT (8.7118 51.7437),Nordrhein-Westfalen,Paderborn,Paderborn,55,Paderborn,North Rhine-Westphalia,"154,755"
DENW364,6.9244,51.5192,POINT (6.9244 51.5192),Nordrhein-Westfalen,Bottrop,Bottrop,66,Bottrop,North Rhine-Westphalia,"118,113"
DENW368,6.6986,51.2274,POINT (6.6986 51.2274),Nordrhein-Westfalen,Düsseldorf,Düsseldorf,7,Düsseldorf,North Rhine-Westphalia,"629,047"
DENW373,7.002,51.3877,POINT (7.002 51.3877),Nordrhein-Westfalen,Essen,Essen,10,Essen,North Rhine-Westphalia,"584,580"
DENI159,10.7878,52.4164,POINT (10.7878 52.4164),Niedersachsen,Wolfsburg,Wolfsburg,64,Wolfsburg,Lower Saxony,"125,961"
DENW165,6.41,51.1824,POINT (6.41 51.1824),Nordrhein-Westfalen,Mönchengladbach,Mönchengladbach,25,Mönchengladbach,North Rhine-Westphalia,"268,465"
DENW162,7.0012,51.3881,POINT (7.0012 51.3881),Nordrhein-Westfalen,Essen,Essen,10,Essen,North Rhine-Westphalia,"584,580"
DENW166,7.182,51.178,POINT (7.182 51.178),Nordrhein-Westfalen,Remscheid,Remscheid,72,Remscheid,North Rhine-Westphalia,"112,613"
DENW215,6.9761,51.4432,POINT (6.9761 51.4432),Nordrhein-Westfalen,Essen,Essen,10,Essen,North Rhine-Westphalia,"584,580"
DENW228,8.5223,52.026,POINT (8.5223 52.026),Nordrhein-Westfalen,Bielefeld,Bielefeld,18,Bielefeld,North Rhine-Westphalia,"338,332"
DENW268,7.6135,51.9683,POINT (7.6135 51.9683),Nordrhein-Westfalen,Münster,Münster,20,Münster,North Rhine-Westphalia,"320,946"
DENW216,6.7764,51.2025,POINT (6.7764 51.2025),Nordrhein-Westfalen,Düsseldorf,Düsseldorf,7,Düsseldorf,North Rhine-Westphalia,"629,047"
DERP063,7.6003,50.3505,POINT (7.6003 50.3505),Rheinland-Pfalz,Koblenz,Koblenz,70,Koblenz,Rhineland-Palatinate,"115,268"
DERP068,7.593,50.3521,POINT (7.593 50.3521),Rheinland-Pfalz,Koblenz,Koblenz,70,Koblenz,Rhineland-Palatinate,"115,268"
DERP069,7.5972,50.351,POINT (7.5972 50.351),Rheinland-Pfalz,Koblenz,Koblenz,70,Koblenz,Rhineland-Palatinate,"115,268"
DERP070,7.5667,50.3692,POINT (7.5667 50.3692),Rheinland-Pfalz,Koblenz,Koblenz,70,Koblenz,Rhineland-Palatinate,"115,268"
DERP071,7.5177,50.3701,POINT (7.5177 50.3701),Rheinland-Pfalz,Koblenz,Koblenz,70,Koblenz,Rhineland-Palatinate,"115,268"
DERP079,8.2681,50.009,POINT (8.2681 50.009),Rheinland-Pfalz,Mainz,Mainz,35,Mainz,Rhineland-Palatinate,"220,552"
DERP080,8.2613,50.0065,POINT (8.2613 50.0065),Rheinland-Pfalz,Mainz,Mainz,35,Mainz,Rhineland-Palatinate,"220,552"
DERP083,8.2629,50.0007,POINT (8.2629 50.0007),Rheinland-Pfalz,Mainz,Mainz,35,Mainz,Rhineland-Palatinate,"220,552"
DERP084,8.2645,50.0027,POINT (8.2645 50.0027),Rheinland-Pfalz,Mainz,Mainz,35,Mainz,Rhineland-Palatinate,"220,552"
DERP086,8.2672,50.0027,POINT (8.2672 50.0027),Rheinland-Pfalz,Mainz,Mainz,35,Mainz,Rhineland-Palatinate,"220,552"
DERP089,8.271,50.006,POINT (8.271 50.006),Rheinland-Pfalz,Mainz,Mainz,35,Mainz,Rhineland-Palatinate,"220,552"
DERP095,8.2696,50.0085,POINT (8.2696 50.0085),Rheinland-Pfalz,Mainz,Mainz,35,Mainz,Rhineland-Palatinate,"220,552"
DERP097,8.2749,49.995,POINT (8.2749 49.995),Rheinland-Pfalz,Mainz,Mainz,35,Mainz,Rhineland-Palatinate,"220,552"
DERP100,8.257,50.0143,POINT (8.257 50.0143),Rheinland-Pfalz,Mainz,Mainz,35,Mainz,Rhineland-Palatinate,"220,552"
DERP101,8.2777,49.998,POINT (8.2777 49.998),Rheinland-Pfalz,Mainz,Mainz,35,Mainz,Rhineland-Palatinate,"220,552"
DERP102,8.2753,50.0021,POINT (8.2753 50.0021),Rheinland-Pfalz,Mainz,Mainz,35,Mainz,Rhineland-Palatinate,"220,552"
DENW171,7.0472,51.4574,POINT (7.0472 51.4574),Nordrhein-Westfalen,Essen,Essen,10,Essen,North Rhine-Westphalia,"584,580"
DENW175,7.0971,50.7226,POINT (7.0971 50.7226),Nordrhein-Westfalen,Bonn,Bonn,19,Bonn,North Rhine-Westphalia,336.465
DENW406,7.1906,51.4945,POINT (7.1906 51.4945),Nordrhein-Westfalen,Bochum,Bochum,16,Bochum,North Rhine-Westphalia,"365,742"
DENW277,7.0803,51.4656,POINT (7.0803 51.4656),Nordrhein-Westfalen,Essen,Essen,10,Essen,North Rhine-Westphalia,"584,580"
DENW412,8.54,52.0255,POINT (8.54 52.0255),Nordrhein-Westfalen,Bielefeld,Bielefeld,18,Bielefeld,North Rhine-Westphalia,"338,332"
DENW420,6.7713,51.2002,POINT (6.7713 51.2002),Nordrhein-Westfalen,Düsseldorf,Düsseldorf,7,Düsseldorf,North Rhine-Westphalia,"629,047"
DENW289,6.685,51.2024,POINT (6.685 51.2024),Nordrhein-Westfalen,Rhein-Kreis Neuss,Neuss,56,Neuss,North Rhine-Westphalia,"154,139"
DENW410,7.4671,51.5044,POINT (7.4671 51.5044),Nordrhein-Westfalen,Dortmund,Dortmund,9,Dortmund,North Rhine-Westphalia,"593,317"
DENW413,8.5306,52.0161,POINT (8.5306 52.0161),Nordrhein-Westfalen,Bielefeld,Bielefeld,18,Bielefeld,North Rhine-Westphalia,"338,332"
DESH055,10.6649,53.8745,POINT (10.6649 53.8745),Schleswig-Holstein,Lübeck,Lübeck,36,Lübeck,Schleswig-Holstein,"218,095"
DENW408,7.4556,51.524,POINT (7.4556 51.524),Nordrhein-Westfalen,Dortmund,Dortmund,9,Dortmund,North Rhine-Westphalia,"593,317"
DENW409,7.4741,51.5056,POINT (7.4741 51.5056),Nordrhein-Westfalen,Dortmund,Dortmund,9,Dortmund,North Rhine-Westphalia,"593,317"
DENW418,6.7051,51.421,POINT (6.7051 51.421),Nordrhein-Westfalen,Duisburg,Duisburg,15,Duisburg,North Rhine-Westphalia,"502,211"
DENW248,7.195,51.6126,POINT (7.195 51.6126),Nordrhein-Westfalen,Recklinghausen,Recklinghausen,74,Recklinghausen,North Rhine-Westphalia,"111,734"
DENW369,7.1502,51.543,POINT (7.1502 51.543),Nordrhein-Westfalen,Herne,Herne,54,Herne,North Rhine-Westphalia,"157,368"
DENW252,6.554,51.3404,POINT (6.554 51.3404),Nordrhein-Westfalen,Krefeld,Krefeld,34,Krefeld,North Rhine-Westphalia,"228,426"
DENW253,6.7119,51.4115,POINT (6.7119 51.4115),Nordrhein-Westfalen,Duisburg,Duisburg,15,Duisburg,North Rhine-Westphalia,"502,211"
DENW360,8.0208,50.8757,POINT (8.0208 50.8757),Nordrhein-Westfalen,Siegen-Wittgenstein,Siegen,78,Siegen,North Rhine-Westphalia,"102,560"
DENW339,6.7595,51.1844,POINT (6.7595 51.1844),Nordrhein-Westfalen,Düsseldorf,Düsseldorf,7,Düsseldorf,North Rhine-Westphalia,"629,047"
DENW272,8.0261,50.8708,POINT (8.0261 50.8708),Nordrhein-Westfalen,Siegen-Wittgenstein,Siegen,78,Siegen,North Rhine-Westphalia,"102,560"
DENW404,7.4739,51.3548,POINT (7.4739 51.3548),Nordrhein-Westfalen,Hagen,Hagen,41,Hagen,North Rhine-Westphalia,"189,783"
DENW279,7.2015,51.6135,POINT (7.2015 51.6135),Nordrhein-Westfalen,Recklinghausen,Recklinghausen,74,Recklinghausen,North Rhine-Westphalia,"111,734"
DENW385,6.8364,51.2002,POINT (6.8364 51.2002),Nordrhein-Westfalen,Düsseldorf,Düsseldorf,7,Düsseldorf,North Rhine-Westphalia,"629,047"
DENW393,6.7789,51.2333,POINT (6.7789 51.2333),Nordrhein-Westfalen,Düsseldorf,Düsseldorf,7,Düsseldorf,North Rhine-Westphalia,"629,047"
DENW399,6.9943,51.4458,POINT (6.9943 51.4458),Nordrhein-Westfalen,Essen,Essen,10,Essen,North Rhine-Westphalia,"584,580"
DENW416,6.6876,51.4496,POINT (6.6876 51.4496),Nordrhein-Westfalen,Duisburg,Duisburg,15,Duisburg,North Rhine-Westphalia,"502,211"
DENW362,6.7611,51.2003,POINT (6.7611 51.2003),Nordrhein-Westfalen,Düsseldorf,Düsseldorf,7,Düsseldorf,North Rhine-Westphalia,"629,047"
DENW371,6.1231,50.7944,POINT (6.1231 50.7944),Nordrhein-Westfalen,Städteregion Aachen,Aachen,27,Aachen,North Rhine-Westphalia,"252,136"
DENW411,7.4796,51.5241,POINT (7.4796 51.5241),Nordrhein-Westfalen,Dortmund,Dortmund,9,Dortmund,North Rhine-Westphalia,"593,317"
DENW423,6.7583,51.4191,POINT (6.7583 51.4191),Nordrhein-Westfalen,Duisburg,Duisburg,15,Duisburg,North Rhine-Westphalia,"502,211"
DENW428,6.7078,51.4396,POINT (6.7078 51.4396),Nordrhein-Westfalen,Duisburg,Duisburg,15,Duisburg,North Rhine-Westphalia,"502,211"
DENW379,7.048,51.4577,POINT (7.048 51.4577),Nordrhein-Westfalen,Essen,Essen,10,Essen,North Rhine-Westphalia,"584,580"
DENW276,6.9806,51.4896,POINT (6.9806 51.4896),Nordrhein-Westfalen,Essen,Essen,10,Essen,North Rhine-Westphalia,"584,580"
DERP066,7.5985,50.3601,POINT (7.5985 50.3601),Rheinland-Pfalz,Koblenz,Koblenz,70,Koblenz,Rhineland-Palatinate,"115,268"
DERP067,7.5911,50.3537,POINT (7.5911 50.3537),Rheinland-Pfalz,Koblenz,Koblenz,70,Koblenz,Rhineland-Palatinate,"115,268"
DERP081,8.2602,50.0043,POINT (8.2602 50.0043),Rheinland-Pfalz,Mainz,Mainz,35,Mainz,Rhineland-Palatinate,"220,552"
DERP082,8.262,50.0003,POINT (8.262 50.0003),Rheinland-Pfalz,Mainz,Mainz,35,Mainz,Rhineland-Palatinate,"220,552"
DERP085,8.2657,50.0018,POINT (8.2657 50.0018),Rheinland-Pfalz,Mainz,Mainz,35,Mainz,Rhineland-Palatinate,"220,552"
DERP087,8.2674,50.0074,POINT (8.2674 50.0074),Rheinland-Pfalz,Mainz,Mainz,35,Mainz,Rhineland-Palatinate,"220,552"
DERP091,8.2668,50.012,POINT (8.2668 50.012),Rheinland-Pfalz,Mainz,Mainz,35,Mainz,Rhineland-Palatinate,"220,552"
DERP096,8.282,49.9934,POINT (8.282 49.9934),Rheinland-Pfalz,Mainz,Mainz,35,Mainz,Rhineland-Palatinate,"220,552"
DERP099,8.2652,49.9999,POINT (8.2652 49.9999),Rheinland-Pfalz,Mainz,Mainz,35,Mainz,Rhineland-Palatinate,"220,552"
DERP106,7.6121,50.3605,POINT (7.6121 50.3605),Rheinland-Pfalz,Koblenz,Koblenz,70,Koblenz,Rhineland-Palatinate,"115,268"
DERP065,7.5984,50.3627,POINT (7.5984 50.3627),Rheinland-Pfalz,Koblenz,Koblenz,70,Koblenz,Rhineland-Palatinate,"115,268"
DERP088,8.2688,50.0044,POINT (8.2688 50.0044),Rheinland-Pfalz,Mainz,Mainz,35,Mainz,Rhineland-Palatinate,"220,552"
DERP090,8.2649,50.0119,POINT (8.2649 50.0119),Rheinland-Pfalz,Mainz,Mainz,35,Mainz,Rhineland-Palatinate,"220,552"
DERP098,8.2658,49.9915,POINT (8.2658 49.9915),Rheinland-Pfalz,Mainz,Mainz,35,Mainz,Rhineland-Palatinate,"220,552"
DERP107,8.2796,49.9956,POINT (8.2796 49.9956),Rheinland-Pfalz,Mainz,Mainz,35,Mainz,Rhineland-Palatinate,"220,552"
DERP108,7.6058,50.3647,POINT (7.6058 50.3647),Rheinland-Pfalz,Koblenz,Koblenz,70,Koblenz,Rhineland-Palatinate,"115,268"
DENW414,8.5246,52.0235,POINT (8.5246 52.0235),Nordrhein-Westfalen,Bielefeld,Bielefeld,18,Bielefeld,North Rhine-Westphalia,"338,332"
DENW419,6.7801,51.2156,POINT (6.7801 51.2156),Nordrhein-Westfalen,Düsseldorf,Düsseldorf,7,Düsseldorf,North Rhine-Westphalia,"629,047"
DENW429,8.5342,52.0242,POINT (8.5342 52.0242),Nordrhein-Westfalen,Bielefeld,Bielefeld,18,Bielefeld,North Rhine-Westphalia,"338,332"
DESH052,10.1224,54.3042,POINT (10.1224 54.3042),Schleswig-Holstein,Kiel,Kiel,30,Kiel,Schleswig-Holstein,"247,717"
DENW370,6.7615,51.2005,POINT (6.7615 51.2005),Nordrhein-Westfalen,Düsseldorf,Düsseldorf,7,Düsseldorf,North Rhine-Westphalia,"629,047"
DERP094,8.2791,49.998,POINT (8.2791 49.998),Rheinland-Pfalz,Mainz,Mainz,35,Mainz,Rhineland-Palatinate,"220,552"
DERP109,7.6105,50.3638,POINT (7.6105 50.3638),Rheinland-Pfalz,Koblenz,Koblenz,70,Koblenz,Rhineland-Palatinate,"115,268"
DERP092,8.2698,50.0086,POINT (8.2698 50.0086),Rheinland-Pfalz,Mainz,Mainz,35,Mainz,Rhineland-Palatinate,"220,552"
DENW427,7.0093,51.4856,POINT (7.0093 51.4856),Nordrhein-Westfalen,Essen,Essen,10,Essen,North Rhine-Westphalia,"584,580"
DETH099,11.0222,50.971,POINT (11.0222 50.971),Thüringen,Erfurt,Erfurt,37,Erfurt,Thuringia,"214,969"
DETH132,11.0325,50.9686,POINT (11.0325 50.9686),Thüringen,Erfurt,Erfurt,37,Erfurt,Thuringia,"214,969"
DEST144,11.6306,52.1312,POINT (11.6306 52.1312),Sachsen-Anhalt,Magdeburg,Magdeburg,32,Magdeburg,Saxony-Anhalt,"239,364"
DENW069,6.7814,51.1633,POINT (6.7814 51.1633),Nordrhein-Westfalen,Rhein-Kreis Neuss,Neuss,56,Neuss,North Rhine-Westphalia,"154,139"
DERP033,7.7638,49.4452,POINT (7.7638 49.4452),Rheinland-Pfalz,Kaiserslautern (Kreisfreie Stadt,Kaiserslautern,82,Kaiserslautern,Rhineland-Palatinate,"101,228"
DENW170,7.046,51.4567,POINT (7.046 51.4567),Nordrhein-Westfalen,Essen,Essen,10,Essen,North Rhine-Westphalia,"584,580"
DENW019,7.2219,51.6035,POINT (7.2219 51.6035),Nordrhein-Westfalen,Recklinghausen,Recklinghausen,74,Recklinghausen,North Rhine-Westphalia,"111,734"
DENW163,7.0013,51.3885,POINT (7.0013 51.3885),Nordrhein-Westfalen,Essen,Essen,10,Essen,North Rhine-Westphalia,"584,580"
DERP030,6.6493,49.7583,POINT (6.6493 49.7583),Rheinland-Pfalz,Trier,Trier,73,Trier,Rhineland-Palatinate,"112,195"
DENW173,6.6915,51.1947,POINT (6.6915 51.1947),Nordrhein-Westfalen,Rhein-Kreis Neuss,Neuss,56,Neuss,North Rhine-Westphalia,"154,139"
DEHH045,10.0681,53.5814,POINT (10.0681 53.5814),Hamburg,Hamburg,Hamburg,2,Hamburg,Hamburg,"1,892,122"
DEBE053,13.5187,52.5142,POINT (13.5187 52.5142),Berlin,Berlin,Berlin,1,Berlin,Berlin,"3,755,251"
DEHH041,9.9634,53.5511,POINT (9.9634 53.5511),Hamburg,Hamburg,Hamburg,2,Hamburg,Hamburg,"1,892,122"
DEHH046,10.0101,53.6412,POINT (10.0101 53.6412),Hamburg,Hamburg,Hamburg,2,Hamburg,Hamburg,"1,892,122"
DEBB047,13.0338,52.3938,POINT (13.0338 52.3938),Brandenburg,Potsdam,Potsdam,42,Potsdam,Brandenburg,"185,750"
DEHH040,9.9894,53.5614,POINT (9.9894 53.5614),Hamburg,Hamburg,Hamburg,2,Hamburg,Hamburg,"1,892,122"
DEBE049,13.5198,52.4602,POINT (13.5198 52.4602),Berlin,Berlin,Berlin,1,Berlin,Berlin,"3,755,251"
DEBE046,13.4684,52.5526,POINT (13.4684 52.5526),Berlin,Berlin,Berlin,1,Berlin,Berlin,"3,755,251"
DEBE019,13.4171,52.4781,POINT (13.4171 52.4781),Berlin,Berlin,Berlin,1,Berlin,Berlin,"3,755,251"
DEHH038,9.9721,53.6245,POINT (9.9721 53.6245),Hamburg,Hamburg,Hamburg,2,Hamburg,Hamburg,"1,892,122"
DEBE047,13.4517,52.5159,POINT (13.4517 52.5159),Berlin,Berlin,Berlin,1,Berlin,Berlin,"3,755,251"
DEHH043,9.9791,53.4569,POINT (9.9791 53.4569),Hamburg,Hamburg,Hamburg,2,Hamburg,Hamburg,"1,892,122"
DEHH044,9.9293,53.5565,POINT (9.9293 53.5565),Hamburg,Hamburg,Hamburg,2,Hamburg,Hamburg,"1,892,122"
DEHH053,10.0116,53.5577,POINT (10.0116 53.5577),Hamburg,Hamburg,Hamburg,2,Hamburg,Hamburg,"1,892,122"
DENI049,9.9588,52.158,POINT (9.9588 52.158),Niedersachsen,Hildesheim,Hildesheim,80,Hildesheim,Lower Saxony,"101,858"
DENI056,10.5289,52.2641,POINT (10.5289 52.2641),Niedersachsen,Braunschweig,Braunschweig,28,Braunschweig,Lower Saxony,"251,804"
DEHH035,9.9893,53.4481,POINT (9.9893 53.4481),Hamburg,Hamburg,Hamburg,2,Hamburg,Hamburg,"1,892,122"
DEHH039,9.9763,53.6457,POINT (9.9763 53.6457),Hamburg,Hamburg,Hamburg,2,Hamburg,Hamburg,"1,892,122"
DEHH037,9.9531,53.5759,POINT (9.9531 53.5759),Hamburg,Hamburg,Hamburg,2,Hamburg,Hamburg,"1,892,122"
DENW103,7.5101,51.4935,POINT (7.5101 51.4935),Nordrhein-Westfalen,Dortmund,Dortmund,9,Dortmund,North Rhine-Westphalia,"593,317"
DENW160,7.0777,51.4566,POINT (7.0777 51.4566),Nordrhein-Westfalen,Essen,Essen,10,Essen,North Rhine-Westphalia,"584,580"
DENW214,7.4802,51.524,POINT (7.4802 51.524),Nordrhein-Westfalen,Dortmund,Dortmund,9,Dortmund,North Rhine-Westphalia,"593,317"
DENW146,8.5331,52.015,POINT (8.5331 52.015),Nordrhein-Westfalen,Bielefeld,Bielefeld,18,Bielefeld,North Rhine-Westphalia,"338,332"
DEHH036,10.0441,53.5949,POINT (10.0441 53.5949),Hamburg,Hamburg,Hamburg,2,Hamburg,Hamburg,"1,892,122"
DEHH042,9.984,53.5939,POINT (9.984 53.5939),Hamburg,Hamburg,Hamburg,2,Hamburg,Hamburg,"1,892,122"
DENI148,9.9376,51.5321,POINT (9.9376 51.5321),Niedersachsen,Göttingen,Göttingen,65,Göttingen,Lower Saxony,"118,946"
DENI144,8.0364,52.2716,POINT (8.0364 52.2716),Niedersachsen,Osnabrück (Kreisfreie Stadt),Osnabrück,48,Osnabrück,Lower Saxony,"167,366"
DENI145,8.0352,52.2827,POINT (8.0352 52.2827),Niedersachsen,Osnabrück (Kreisfreie Stadt),Osnabrück,48,Osnabrück,Lower Saxony,"167,366"
DENW168,7.0051,51.4778,POINT (7.0051 51.4778),Nordrhein-Westfalen,Essen,Essen,10,Essen,North Rhine-Westphalia,"584,580"
DENW243,7.1502,51.5428,POINT (7.1502 51.5428),Nordrhein-Westfalen,Herne,Herne,54,Herne,North Rhine-Westphalia,"157,368"
DENW236,7.4777,51.3602,POINT (7.4777 51.3602),Nordrhein-Westfalen,Hagen,Hagen,41,Hagen,North Rhine-Westphalia,"189,783"
DENW156,7.6197,51.9548,POINT (7.6197 51.9548),Nordrhein-Westfalen,Münster,Münster,20,Münster,North Rhine-Westphalia,"320,946"
DENI147,9.9315,51.5322,POINT (9.9315 51.5322),Niedersachsen,Göttingen,Göttingen,65,Göttingen,Lower Saxony,"118,946"
DENW298,7.2037,51.4611,POINT (7.2037 51.4611),Nordrhein-Westfalen,Bochum,Bochum,16,Bochum,North Rhine-Westphalia,"365,742"
DENW167,8.0208,50.8756,POINT (8.0208 50.8756),Nordrhein-Westfalen,Siegen-Wittgenstein,Siegen,78,Siegen,North Rhine-Westphalia,"102,560"
DENW234,6.9243,51.5195,POINT (6.9243 51.5195),Nordrhein-Westfalen,Bottrop,Bottrop,66,Bottrop,North Rhine-Westphalia,"118,113"
DENW235,7.0848,51.5281,POINT (7.0848 51.5281),Nordrhein-Westfalen,Gelsenkirchen,Gelsenkirchen,26,Gelsenkirchen,North Rhine-Westphalia,"263,000"
DENW263,8.7553,51.7201,POINT (8.7553 51.7201),Nordrhein-Westfalen,Paderborn,Paderborn,55,Paderborn,North Rhine-Westphalia,"154,755"
