Gemeindewahl 2021 - Endgültiges Ergebnis - Stand: 23.06.2021;;;;;;;;;;;;;;;;;;;;;;;;;;;;;;;;;;;;;;;;;;;;;;;;;;;;;;;;;;;;;;;;;;;;;;;;;;;;;;;;;;;;;;;;;;;;;;;;;
Lfd.-Nr;GKZ;Gemeinde;Wahllokal;Wahlberechtigte ohne Sp.;Wahlberechtigte mit Sp.;Wahlberechtigte sonst.;Wahlberechtigte insgesamt;Wählerinnen und Wähler;darunter mit Wahlschein;ungültige Stimmzettel;gültige Stimmen;CDU;CDU-Sitze;GRÜNE;GRÜNE-Sitze;SPD;SPD-Sitze;AfD;AfD-Sitze;FDP;FDP-Sitze;DIE LINKE;DIE LINKE-Sitze;PIRATEN;PIRATEN-Sitze;FREIE WÄHLER;FREIE WÄHLER-Sitze;NPD;NPD-Sitze;Die PARTEI;Die PARTEI-Sitze;REP;REP-Sitze;DKP;DKP-Sitze;BIG;BIG-Sitze;APPD;APPD-Sitze;Bündnis C;Bündnis C-Sitze;Die Humanisten;Die Humanisten-Sitze;LKR;LKR-Sitze;Tierschutzpartei;Tierschutzpartei-Sitze;Volt;Volt-Sitze;WG1;WG1-Sitze;WG2;WG2-Sitze;WG3;WG3-Sitze;WG4;WG4-Sitze;WG5;WG5-Sitze;WG6;WG6-Sitze;WG7;WG7-Sitze;WG8;WG8-Sitze;WG9;WG9-Sitze;WG10;WG10-Sitze;WG11;WG11-Sitze;WG12;WG12-Sitze;WG13;WG13-Sitze;WG14;WG14-Sitze;WG15;WG15-Sitze;WG16;WG16-Sitze;;;;;;;;;;;;;;;;
1;2;3;4;5;6;7;8;9;10;11;12;13;14;15;16;17;18;19;20;21;22;23;24;25;26;27;28;29;30;31;32;33;34;35;36;37;38;39;40;41;42;43;44;45;46;47;48;49;50;51;52;53;54;55;56;57;58;59;60;61;62;63;64;65;66;67;68;69;70;71;72;73;74;75;76;77;78;79;80;81;82;83;84;85;86;87;88;89;90;91;92;93;94;95;96;97;98
1;411000;Darmstadt, Wissenschaftsstadt;;74216;40903;0;115119;62960;36261;2024;4206676;655198;11;1152072;20;704054;12;192121;3;234412;4;310302;5;;;79349;1;;;90363;2;;;;;;;;;;;;;;;;;289217;5;269505;5;130997;2;85390;1;13696;0;;;;;;;;;;;;;;;;;;;;;;;;;UFFBASSE;UWIGA;WGD;TEILHABE IN DARMSTADT;;;;;;;;;;;;
2;412000;Frankfurt am Main, Stadt;;357913;154121;0;512034;230690;134318;9203;19908702;4361942;20;4894339;23;3385017;16;902412;4;1515646;7;1572333;7;123772;1;162122;1;;;361932;2;;;;;128846;1;;;;;11680;0;;;;;745418;4;395905;2;359304;2;265914;1;73026;0;61526;0;61772;0;126991;1;30691;0;40621;0;9627;0;15884;0;16587;0;18563;0;11488;0;166573;1;88771;0;BFF;ÖkoLinX-ARL;ELF;dFfm;KLIMALISTE;ISF;Gartenpartei Ffm;VD;FPF;WF;RF;FFWG;SL;BGF;IBF;DIALOGINITIATIVE
3;413000;Offenbach am Main, Stadt;;74279;20548;0;94827;33698;18601;1305;2149125;388842;13;389921;13;609634;20;157005;5;134243;4;183044;6;46472;2;91382;3;;;34986;1;;;;;27710;1;;;;;;;;;;;;;57422;2;28464;1;;;;;;;;;;;;;;;;;;;;;;;;;;;;;FNO;JO;;;;;;;;;;;;;;
4;414000;Wiesbaden, Landeshauptstadt;;153880;55458;0;209338;87466;48003;3554;6500768;1526427;19;1390846;17;1320540;17;423597;5;675048;8;402776;5;;;163963;2;;;51398;1;;;;;44375;1;;;;;;;25988;0;;;246507;3;73288;1;50947;1;105068;1;;;;;;;;;;;;;;;;;;;;;;;;;;;BLW;ULW;Pro Auto;;;;;;;;;;;;;
5;431001;Abtsteinach;;1221;806;0;2027;1234;761;14;17553;6841;6;;;2734;2;;;;;;;;;;;;;;;;;;;;;;;;;;;;;;;;;7978;7;;;;;;;;;;;;;;;;;;;;;;;;;;;;;;;FWV;;;;;;;;;;;;;;;
6;431002;Bensheim, Stadt;;21700;10403;0;32103;15730;9617;460;645113;213261;15;155308;11;104307;7;27556;2;62121;4;;;;;;;;;;;;;;;;;;;;;;;;;;;;;42312;3;40248;3;;;;;;;;;;;;;;;;;;;;;;;;;;;;;Bürger;FWG;;;;;;;;;;;;;;
7;431003;Biblis;;4551;2831;0;7382;3976;2632;135;75636;34326;11;;;22682;7;;;;;;;;;;;;;;;;;;;;;;;;;;;;;;;;;14560;4;4068;1;;;;;;;;;;;;;;;;;;;;;;;;;;;;;FLB;LS;;;;;;;;;;;;;;
8;431004;Birkenau;;4398;3421;69;7888;5059;3241;231;138309;43801;10;34668;8;37940;8;;;21900;5;;;;;;;;;;;;;;;;;;;;;;;;;;;;;;;;;;;;;;;;;;;;;;;;;;;;;;;;;;;;;;;;;;;;;;;;;;;;
9;431005;Bürstadt, Stadt;;8323;4825;0;13148;6685;4460;195;189643;69756;11;28040;5;35231;6;;;14785;2;;;;;;;;;;;;;;;;;;;;;;;;;;;;;41831;7;;;;;;;;;;;;;;;;;;;;;;;;;;;;;;;FREIE WÄHLER;;;;;;;;;;;;;;;
10;431006;Einhausen;;2693;2513;0;5206;3029;2377;104;85248;46595;17;19273;7;19380;7;;;;;;;;;;;;;;;;;;;;;;;;;;;;;;;;;;;;;;;;;;;;;;;;;;;;;;;;;;;;;;;;;;;;;;;;;;;;;;;;
11;431007;Fürth;;5166;3241;0;8407;4602;3035;124;129782;58804;14;23298;6;17311;4;;;;;;;;;;;;;;;;;;;;;;;;;;;;;;;;;30369;7;;;;;;;;;;;;;;;;;;;;;;;;;;;;;;;FW-Fürth;;;;;;;;;;;;;;;
12;431008;Gorxheimertal;;2144;1079;0;3223;1510;988;36;23911;4764;3;;;7345;5;;;;;;;;;;;;;;;;;;;;;;;;;;;;;;;;;11802;9;;;;;;;;;;;;;;;;;;;;;;;;;;;;;;;Pro-Tal;;;;;;;;;;;;;;;
13;431009;Grasellenbach;;2032;1198;0;3230;1718;1139;84;30213;9323;6;4029;2;7521;5;;;;;;;;;;;;;;;;;;;;;;;;;;;;;;;;;9340;6;;;;;;;;;;;;;;;;;;;;;;;;;;;;;;;FPW;;;;;;;;;;;;;;;
14;431010;Groß-Rohrheim;;1907;1153;0;3060;1733;1107;37;30638;5109;3;;;12484;8;;;;;;;;;;;;;;;;;;;;;;;;;;;;;;;;;7150;4;5895;4;;;;;;;;;;;;;;;;;;;;;;;;;;;;;FW BfGR;LiGR;;;;;;;;;;;;;;
15;431011;Heppenheim (Bergstraße), Kreisstadt;;12609;7724;0;20333;10586;7053;387;352889;129114;14;63168;7;60217;6;;;41685;4;5729;1;;;;;;;;;;;;;;;;;;;;;;;22210;2;;;23057;2;7709;1;;;;;;;;;;;;;;;;;;;;;;;;;;;;;FWH;WG LIZ;;;;;;;;;;;;;;
16;431012;Hirschhorn (Neckar), Stadt;;1832;917;0;2749;1415;850;28;19367;8338;6;;;4490;4;;;;;;;;;;;;;;;;;;;;;;;;;;;;;;;;;6539;5;;;;;;;;;;;;;;;;;;;;;;;;;;;;;;;Profil Hirschhorn;;;;;;;;;;;;;;;
17;431013;Lampertheim, Stadt;;17373;8381;0;25754;11709;7636;526;459165;154728;15;77824;8;160686;16;;;65927;6;;;;;;;;;;;;;;;;;;;;;;;;;;;;;;;;;;;;;;;;;;;;;;;;;;;;;;;;;;;;;;;;;;;;;;;;;;;;
18;431014;Lautertal (Odenwald);;3258;2606;0;5864;3555;2514;134;81668;25210;8;14484;4;21373;7;;;;;;;;;;;;;;;;;;;;;;;;;;;;;;;;;20601;6;;;;;;;;;;;;;;;;;;;;;;;;;;;;;;;LBL;;;;;;;;;;;;;;;
19;431015;Lindenfels, Stadt;;2735;1352;0;4087;2284;1252;84;64612;12373;6;8962;4;20877;10;;;4351;2;;;;;;;;;;;;;;;;;;;;;;;;;;;;;18049;9;;;;;;;;;;;;;;;;;;;;;;;;;;;;;;;LWG;;;;;;;;;;;;;;;
20;431016;Lorsch, Karolingerstadt;;6419;4535;0;10954;5943;4125;209;200527;80641;15;37190;7;33365;6;;;12914;2;;;;;;;;;;;;;;;;;;;;;;;;;;;;;36417;7;;;;;;;;;;;;;;;;;;;;;;;;;;;;;;;PWL;;;;;;;;;;;;;;;
21;431017;Mörlenbach;;4728;3416;0;8144;4496;3180;186;122768;46604;12;23230;6;13934;3;;;13117;3;;;;;;;;;;;;;;;;;;;;;;;;;;;;;7970;2;17913;5;;;;;;;;;;;;;;;;;;;;;;;;;;;;;UFW/FWG;FM;;;;;;;;;;;;;;
22;431018;Neckarsteinach, Stadt;;1815;1154;0;2969;1652;1128;33;29476;6981;4;4418;3;7858;5;;;;;;;;;;;;;;;;;;;;;;;;;;;;;;;;;10219;7;;;;;;;;;;;;;;;;;;;;;;;;;;;;;;;FWG;;;;;;;;;;;;;;;
23;431019;Rimbach;;4065;2823;0;6888;3799;2568;116;80291;16716;5;10995;3;23793;7;;;8953;3;;;;;;;;;;;;;;;;;;;;;;;;;;;;;14976;4;4858;1;;;;;;;;;;;;;;;;;;;;;;;;;;;;;FWG;BMN;;;;;;;;;;;;;;
24;431020;Viernheim, Stadt;;16642;8913;0;25555;11523;8197;420;464052;157796;15;80653;8;127496;12;;;26389;3;;;;;;;;;;;;;;;;;;;;;;;;;;;;;62539;6;9179;1;;;;;;;;;;;;;;;;;;;;;;;;;;;;;UBV Viernheim;WGV;;;;;;;;;;;;;;
25;431021;Wald-Michelbach;;5547;2873;0;8420;4247;2646;170;138339;34258;9;11826;3;29759;8;;;9940;3;;;;;;;;;;;;;;;;;;;;;;;;;;;;;12593;3;14136;4;25827;7;;;;;;;;;;;;;;;;;;;;;;;;;;;BFW;AKB;FW;;;;;;;;;;;;;
26;431022;Zwingenberg, Stadt;;3918;1874;0;5792;3352;1749;99;96322;34534;11;;;16967;5;;;17173;6;;;;;;;;;;;;;;;;;;;;;;;;;;;;;27648;9;;;;;;;;;;;;;;;;;;;;;;;;;;;;;;;GUD;;;;;;;;;;;;;;;
27;432001;Alsbach-Hähnlein;;4528;2774;0;7302;4067;2573;101;117860;38152;10;;;30446;8;;;;;;;;;;;;;;;;;;;;;;;;;;;;;;;;;19895;5;29367;8;;;;;;;;;;;;;;;;;;;;;;;;;;;;;FW;IUHAS;;;;;;;;;;;;;;
28;432002;Babenhausen, Stadt;;9143;3706;0;12849;6050;3411;193;200691;77823;14;29126;5;44164;8;;;19218;4;3777;1;;;;;;;;;;;;;;;;;;;;;;;;;;;26583;5;;;;;;;;;;;;;;;;;;;;;;;;;;;;;;;FWB;;;;;;;;;;;;;;;
29;432003;Bickenbach;;2746;1964;0;4710;2734;1859;49;65220;19464;7;;;22147;9;;;5441;2;;;;;;;;;;;;;;;;;;;;;;;;;;;;;18168;7;;;;;;;;;;;;;;;;;;;;;;;;;;;;;;;Komm,A;;;;;;;;;;;;;;;
30;432004;Dieburg, Stadt;;6913;5146;0;12059;6987;4769;281;238010;85473;13;54128;8;42486;7;;;22078;4;;;;;;;;;;;;;;;;;;;;;;;;;;;;;33845;5;;;;;;;;;;;;;;;;;;;;;;;;;;;;;;;UWD;;;;;;;;;;;;;;;
31;432005;Eppertshausen;;2762;1918;0;4680;2392;1788;73;49311;31182;15;;;13264;6;;;4865;2;;;;;;;;;;;;;;;;;;;;;;;;;;;;;;;;;;;;;;;;;;;;;;;;;;;;;;;;;;;;;;;;;;;;;;;;;;;;
32;432006;Erzhausen;;3771;2362;0;6133;3306;2192;104;76514;11075;3;20316;7;17877;6;;;;;;;;;;;;;;;;;;;;;;;;;;;;;;;;;27246;9;;;;;;;;;;;;;;;;;;;;;;;;;;;;;;;<GfE>;;;;;;;;;;;;;;;
33;432007;Fischbachtal;;1251;992;0;2243;1523;936;30;21771;5098;4;3145;2;8816;6;;;;;;;;;;;;;;;;;;;;;;;;;;;;;;;;;4712;3;;;;;;;;;;;;;;;;;;;;;;;;;;;;;;;FWF;;;;;;;;;;;;;;;
34;432008;Griesheim, Stadt;;13441;7711;0;21152;10547;7090;325;364793;113071;11;85587;9;99417;10;;;26033;3;;;;;;;;;;;;;;;;;;;;;;;;;;;;;40685;4;;;;;;;;;;;;;;;;;;;;;;;;;;;;;;;WGG;;;;;;;;;;;;;;;
35;432009;Groß-Bieberau, Stadt;;2328;1430;0;3758;2096;1360;92;44444;9196;5;5653;3;11022;6;;;3723;2;;;;;;;;;;;;;;;;;;;;;;;;;;;;;14850;7;;;;;;;;;;;;;;;;;;;;;;;;;;;;;;;FWG;;;;;;;;;;;;;;;
36;432010;Groß-Umstadt, Stadt;;10849;6428;0;17277;9354;5959;254;315936;65440;8;54878;6;119639;14;;;22769;3;;;;;;;;;;;;;;;;;;;;;;;;;;;;;53210;6;;;;;;;;;;;;;;;;;;;;;;;;;;;;;;;BVG;;;;;;;;;;;;;;;
37;432011;Groß-Zimmern;;6804;4224;0;11028;5533;3856;156;155245;65722;13;22521;4;43443;9;;;8652;2;;;;;;;;;;;;;;;;;;;;;;;;;;;;;14907;3;;;;;;;;;;;;;;;;;;;;;;;;;;;;;;;ZiLi;;;;;;;;;;;;;;;
38;432012;Messel;;1738;1429;0;3167;1964;1329;43;35350;12868;7;8281;4;10463;6;;;3738;2;;;;;;;;;;;;;;;;;;;;;;;;;;;;;;;;;;;;;;;;;;;;;;;;;;;;;;;;;;;;;;;;;;;;;;;;;;;;
39;432013;Modautal;;2381;1742;0;4123;2620;1620;73;53338;24414;10;11774;5;15854;7;;;1296;1;;;;;;;;;;;;;;;;;;;;;;;;;;;;;;;;;;;;;;;;;;;;;;;;;;;;;;;;;;;;;;;;;;;;;;;;;;;;
40;432014;Mühltal;;6302;4762;0;11064;6821;4580;232;231703;60206;9;48848;8;32548;5;;;22663;4;11139;2;;;;;;;;;;;;;;;;;;;;;;;;;;;29810;5;14137;2;12352;2;;;;;;;;;;;;;;;;;;;;;;;;;;;FUCHS;DM;BEW;;;;;;;;;;;;;
41;432015;Münster (Hessen);;6679;4493;0;11172;5833;4141;216;200097;86625;16;;;55437;10;;;26160;5;;;;;;;;;;;;;;;;;;;;;;;;;;;;;31875;6;;;;;;;;;;;;;;;;;;;;;;;;;;;;;;;ALMA-Die Grünen;;;;;;;;;;;;;;;
42;432016;Ober-Ramstadt, Stadt;;7111;4401;0;11512;6268;4029;157;181860;39921;7;34373;6;75897;13;;;9955;1;;;;;;;;;;;;;;;;;;;;;;;;;;;;;21714;4;;;;;;;;;;;;;;;;;;;;;;;;;;;;;;;Auf geht´s;;;;;;;;;;;;;;;
43;432017;Otzberg;;3216;2081;0;5297;3189;1952;66;74232;25354;8;11552;4;;;;;5905;2;;;;;;;;;;;;;;;;;;;;;;;;;;;;;31421;11;;;;;;;;;;;;;;;;;;;;;;;;;;;;;;;MfO;;;;;;;;;;;;;;;
44;432018;Pfungstadt, Stadt;;13436;5965;0;19401;9415;5421;298;319920;56184;6;40622;5;104110;12;;;18002;2;;;;;23709;3;;;;;;;;;;;;;;;;;;;;;;;60216;7;17077;2;;;;;;;;;;;;;;;;;;;;;;;;;;;;;UBP;FGL;;;;;;;;;;;;;;
45;432019;Reinheim, Stadt;;8388;4961;0;13349;7224;4581;181;247346;32852;5;34397;5;115563;17;;;10663;2;;;;;;;;;;;;;20708;3;;;;;;;;;;;;;;;19625;3;13538;2;;;;;;;;;;;;;;;;;;;;;;;;;;;;;Reinheimer Kreis e.V.;FWG;;;;;;;;;;;;;;
46;432020;Roßdorf;;5361;4505;0;9866;5952;4220;165;171300;28918;5;37117;7;72683;13;;;;;;;;;;;;;;;;;;;;;;;;;;;;;;;;;29962;5;2620;1;;;;;;;;;;;;;;;;;;;;;;;;;;;;;WiR;Denken20;;;;;;;;;;;;;;
47;432021;Schaafheim;;4933;2525;0;7458;3890;2357;81;111128;39257;11;14696;4;29894;8;;;;;;;;;;;;;;;;;;;;;;;;;;;;;;;;;27281;8;;;;;;;;;;;;;;;;;;;;;;;;;;;;;;;FWG;;;;;;;;;;;;;;;
48;432022;Seeheim-Jugenheim;;7848;4933;0;12781;7403;4598;221;245167;73669;11;83344;13;53582;8;;;27665;4;6907;1;;;;;;;;;;;;;;;;;;;;;;;;;;;;;;;;;;;;;;;;;;;;;;;;;;;;;;;;;;;;;;;;;;;;;;;;;;
49;432023;Weiterstadt, Stadt;;11923;7539;0;19462;9112;6563;328;301896;71121;9;;;130306;16;;;12155;1;;;;;;;;;;;;;;;;;;;;;;;;;;;;;28860;4;59454;7;;;;;;;;;;;;;;;;;;;;;;;;;;;;;FWW;ALW-GRÜNE;;;;;;;;;;;;;;
50;433001;Biebesheim am Rhein;;3355;1741;0;5096;2427;1616;116;67310;16353;8;13787;6;26975;12;;;;;;;;;;;;;;;;;;;;;;;;;;;;;;;;;10195;5;;;;;;;;;;;;;;;;;;;;;;;;;;;;;;;FWB;;;;;;;;;;;;;;;
51;433002;Bischofsheim;;6350;3174;0;9524;4776;2880;137;135333;40920;9;;;47924;11;;;;;;;;;;;;;;;;;;;;;;;;;;;;;;;;;21070;5;25419;6;;;;;;;;;;;;;;;;;;;;;;;;;;;;;BFW;GALB;;;;;;;;;;;;;;
52;433003;Büttelborn;;6858;4660;0;11518;6062;4278;212;174171;58790;10;;;70194;13;;;;;13727;2;;;;;;;;;;;;;;;;;;;;;;;;;;;31460;6;;;;;;;;;;;;;;;;;;;;;;;;;;;;;;;GLB;;;;;;;;;;;;;;;
53;433004;Gernsheim, Schöfferstadt;;5302;3008;0;8310;4210;2738;142;119820;51856;13;18184;5;33362;9;;;7284;2;;;;;;;;;;;;;;;;;;;;;;;;;;;;;9134;2;;;;;;;;;;;;;;;;;;;;;;;;;;;;;;;FWG;;;;;;;;;;;;;;;
54;433005;Ginsheim-Gustavsburg, Stadt;;8549;3861;0;12410;5805;3548;193;196385;43227;8;33553;6;56022;11;;;11305;2;8437;2;;;;;;;;;;;;;;;;;;;;;;;;;;;43841;8;;;;;;;;;;;;;;;;;;;;;;;;;;;;;;;FW GiGu;;;;;;;;;;;;;;;
55;433006;Groß-Gerau, Stadt;;13296;5864;0;19160;9056;5488;372;296459;93551;12;58187;7;72426;9;4618;1;15550;2;;;;;26045;3;;;;;;;;;;;;;;;;;;;;;;;13781;2;12301;1;;;;;;;;;;;;;;;;;;;;;;;;;;;;;KOMBI-FWG;DIE LINKE.OL;;;;;;;;;;;;;;
56;433007;Kelsterbach, Stadt;;7904;4510;0;12414;6423;4144;165;184778;36157;6;;;72929;12;;;4666;1;7068;1;;;17105;3;;;;;;;;;;;;;;;;;;;;;;;29442;5;3398;1;4684;1;9329;1;;;;;;;;;;;;;;;;;;;;;;;;;WIK;E.U.K.;FNK;F.W.G.;;;;;;;;;;;;
57;433008;Mörfelden-Walldorf, Stadt;;17225;8205;0;25430;11848;7410;432;496236;99587;9;152063;14;99221;9;;;36924;3;;;;;;;;;;;;;;;;;;;;;;;;;;;;;51631;5;56810;5;;;;;;;;;;;;;;;;;;;;;;;;;;;;;FREIE WÄHLER;DKP/LL;;;;;;;;;;;;;;
58;433009;Nauheim;;5378;2989;0;8367;4349;2733;243;122220;40507;10;33824;9;35272;9;;;12617;3;;;;;;;;;;;;;;;;;;;;;;;;;;;;;;;;;;;;;;;;;;;;;;;;;;;;;;;;;;;;;;;;;;;;;;;;;;;;
59;433010;Raunheim, Stadt;;8064;2561;0;10625;4025;2171;143;111215;23692;7;14904;4;53191;15;;;11217;3;;;;;;;;;;;;;;;;;;;;;;;;;;;;;4809;1;3402;1;;;;;;;;;;;;;;;;;;;;;;;;;;;;;FNR;FWR;;;;;;;;;;;;;;
60;433011;Riedstadt, Büchnerstadt;;11093;7312;0;18405;9958;6686;324;331747;88101;10;54673;6;82838;9;7229;1;;;14055;1;;;;;;;;;;;;;;;;;;;;;;;;;;;14330;2;9934;1;60587;7;;;;;;;;;;;;;;;;;;;;;;;;;;;FW;FRB;BfR;;;;;;;;;;;;;
61;433012;Rüsselsheim am Main, Stadt;;31247;13900;0;45147;19433;12105;793;775766;173111;10;121223;7;147209;9;21980;1;25810;1;;;;;16282;1;;;;;;;;;;;;;;;;;;;;;;;155524;9;37582;2;26564;2;38948;2;11533;1;;;;;;;;;;;;;;;;;;;;;;;WsR;Linke/Soli;FnR;abi;ADR;;;;;;;;;;;
62;433013;Stockstadt am Rhein;;3345;1427;0;4772;2095;1318;94;43694;19954;11;8446;4;15294;8;;;;;;;;;;;;;;;;;;;;;;;;;;;;;;;;;;;;;;;;;;;;;;;;;;;;;;;;;;;;;;;;;;;;;;;;;;;;;;;;
63;433014;Trebur;;6270;4583;0;10853;6093;4094;176;177047;37463;7;;;25342;4;;;8769;1;;;;;;;;;;;;;;;;;;;;;;;;;;;;;78464;14;27009;5;;;;;;;;;;;;;;;;;;;;;;;;;;;;;FWT;GLT;;;;;;;;;;;;;;
64;434001;Bad Homburg vor der Höhe, Stadt;;25698;14335;0;40033;21558;13174;584;975032;418007;21;179580;9;129710;7;28609;1;93776;5;24128;1;;;;;;;;;;;;;;;;;;;;;;;;;;;82137;4;19085;1;;;;;;;;;;;;;;;;;;;;;;;;;;;;;BLB;PfB;;;;;;;;;;;;;;
65;434002;Friedrichsdorf, Stadt;;11473;7928;0;19401;11214;7434;272;384630;103846;10;115992;11;38462;4;;;42705;4;;;;;;;;;;;;;;;;;;;;;;;;;;;;;76054;7;7571;1;;;;;;;;;;;;;;;;;;;;;;;;;;;;;FWG;LF;;;;;;;;;;;;;;
66;434003;Glashütten;;2102;2062;0;4164;2807;1968;69;60888;18731;7;12204;5;5891;2;;;6563;3;;;;;;;;;;;;;;;;;;;;;;;;;;;;;9006;3;8493;3;;;;;;;;;;;;;;;;;;;;;;;;;;;;;FWG;WGS;;;;;;;;;;;;;;
67;434004;Grävenwiesbach;;2031;1950;0;3981;2304;1791;52;49744;13996;6;7610;4;5759;3;;;;;;;;;;;;;;;;;;;;;;;;;;;;;;;;;14977;7;7402;3;;;;;;;;;;;;;;;;;;;;;;;;;;;;;FWG;UB;;;;;;;;;;;;;;
68;434005;Königstein im Taunus, Stadt;;7306;4827;0;12133;6780;4532;155;231643;71496;11;22741;4;13606;2;4180;1;35643;6;;;;;;;;;;;;;;;;;;;;;;;;;;;;;77560;12;6417;1;;;;;;;;;;;;;;;;;;;;;;;;;;;;;ALK;Klimaliste;;;;;;;;;;;;;;
69;434006;Kronberg im Taunus, Stadt;;8891;5209;0;14100;7420;4716;143;232611;62868;9;41585;6;37542;5;;;37477;5;;;;;;;;;;;;;;;;;;;;;;;;;;;;;38686;6;14453;2;;;;;;;;;;;;;;;;;;;;;;;;;;;;;KfB;UBG Kronberg;;;;;;;;;;;;;;
70;434007;Neu-Anspach, Stadt;;6480;4854;0;11334;6676;4490;218;229344;68034;11;35703;6;42163;7;;;9883;1;;;;;;;;;;;;;;;;;;;;;;;;;;;;;32163;5;23815;4;17583;3;;;;;;;;;;;;;;;;;;;;;;;;;;;B-NOW;FWG-UBN;NBL;;;;;;;;;;;;;
71;434008;Oberursel (Taunus), Stadt;;18576;15691;0;34267;20620;14508;427;867352;229666;12;207069;11;136316;7;35636;2;85522;4;28792;2;;;;;;;;;;;;;;;;;;;;;;;;;;;116796;6;27555;1;;;;;;;;;;;;;;;;;;;;;;;;;;;;;OBG - Freie Wähler;KLIMALISTE;;;;;;;;;;;;;;
72;434009;Schmitten;;4541;2707;0;7248;3998;2444;60;115412;38128;10;14196;4;5669;2;4714;1;5167;1;;;;;;;;;;;;;;;;;;;;;;;;;;;;;33309;9;14229;4;;;;;;;;;;;;;;;;;;;;;;;;;;;;;FWG;b-now;;;;;;;;;;;;;;
73;434010;Steinbach (Taunus), Stadt;;4703;2682;0;7385;3856;2497;132;110169;28613;8;19168;6;29518;8;;;32870;9;;;;;;;;;;;;;;;;;;;;;;;;;;;;;;;;;;;;;;;;;;;;;;;;;;;;;;;;;;;;;;;;;;;;;;;;;;;;
74;434011;Usingen, Stadt;;7068;3968;0;11036;5732;3665;161;196050;70113;13;38308;7;37877;7;13187;3;14882;3;;;;;;;;;;;;;;;;;;;;;;;;;;;;;21683;4;;;;;;;;;;;;;;;;;;;;;;;;;;;;;;;FWG;;;;;;;;;;;;;;;
75;434012;Wehrheim;;4076;3371;0;7447;4730;3170;114;135948;60513;14;26480;6;23876;5;;;25079;6;;;;;;;;;;;;;;;;;;;;;;;;;;;;;;;;;;;;;;;;;;;;;;;;;;;;;;;;;;;;;;;;;;;;;;;;;;;;
76;434013;Weilrod;;3240;1979;0;5219;3114;1835;73;77699;11576;4;9456;3;13680;5;;;;;;;;;;;;;;;;;;;;;;;;;;;;;;;;;42987;15;;;;;;;;;;;;;;;;;;;;;;;;;;;;;;;FWG;;;;;;;;;;;;;;;
77;435001;Bad Orb, Stadt;;5306;3042;0;8348;4043;2807;151;114772;43006;12;26636;7;10323;3;;;;;;;;;;;;;;;;;;;;;;;;;;;;;;;;;13249;3;21558;6;;;;;;;;;;;;;;;;;;;;;;;;;;;;;FBO;FWG;;;;;;;;;;;;;;
78;435002;Bad Soden-Salmünster, Stadt;;7345;3464;0;10809;5114;3265;193;152238;57034;12;;;38767;9;;;;;;;;;;;;;;;;;;;;;;;;;;;;;;;;;56437;12;;;;;;;;;;;;;;;;;;;;;;;;;;;;;;;GWL;;;;;;;;;;;;;;;
79;435003;Biebergemünd;;3739;2950;0;6689;3984;2736;125;108938;36514;10;9815;3;22216;6;;;;;;;;;;;;;;;;;;;;;;;;;;;;;;;;;40393;12;;;;;;;;;;;;;;;;;;;;;;;;;;;;;;;FWG;;;;;;;;;;;;;;;
80;435004;Birstein;;3483;1578;0;5061;2998;1502;42;67985;14296;5;;;26242;10;;;4634;2;;;;;;;;;;;;;;;;;;;;;;;;;;;;;22813;8;;;;;;;;;;;;;;;;;;;;;;;;;;;;;;;FBG;;;;;;;;;;;;;;;
81;435005;Brachttal;;2668;1458;0;4126;2213;1370;59;50743;14220;7;;;17318;9;;;;;;;;;;;;;;;;;;;;;;;;;;;;;;;;;19205;9;;;;;;;;;;;;;;;;;;;;;;;;;;;;;;;FWB Brachttal;;;;;;;;;;;;;;;
82;435006;Bruchköbel, Stadt;;11491;5160;0;16651;8249;4681;267;281464;67660;9;61647;8;45424;6;;;67165;9;;;;;;;;;;;;;;;;;;;;;;;;;;;;;39568;5;;;;;;;;;;;;;;;;;;;;;;;;;;;;;;;BBB;;;;;;;;;;;;;;;
83;435007;Erlensee, Stadt;;8176;3113;0;11289;4661;2821;274;126193;41643;10;27671;7;56879;14;;;;;;;;;;;;;;;;;;;;;;;;;;;;;;;;;;;;;;;;;;;;;;;;;;;;;;;;;;;;;;;;;;;;;;;;;;;;;;;;
84;435008;Flörsbachtal;;1160;769;0;1929;1169;726;37;14088;;;;;5907;6;;;;;;;;;;;;;;;;;;;;;;;;;;;;;;;;;4746;4;3435;3;;;;;;;;;;;;;;;;;;;;;;;;;;;;;SBF;BLF;;;;;;;;;;;;;;
85;435009;Freigericht;;6676;5045;0;11721;6548;4664;134;224527;54083;9;40084;7;31192;5;;;;;;;;;;;;;;;;;;;;;;;;;;;;;;;;;50314;8;48854;8;;;;;;;;;;;;;;;;;;;;;;;;;;;;;UWG Freigericht;Die Freigerichter;;;;;;;;;;;;;;
86;435010;Gelnhausen, Barbarossastadt, Kreisstadt;;11028;6975;0;18003;9040;5875;364;302015;75217;9;57617;7;68636;8;;;29814;4;;;;;;;;;;;;;;;;;;;;;;;;;;;;;49721;6;21010;3;;;;;;;;;;;;;;;;;;;;;;;;;;;;;BG;GN+;;;;;;;;;;;;;;
87;435011;Großkrotzenburg;;3247;2608;0;5855;3376;2403;110;79055;22008;7;;;10428;3;;;8000;3;;;;;;;;;;;;;;;;;;;;;;;;;;;;;12408;4;26211;8;;;;;;;;;;;;;;;;;;;;;;;;;;;;;KG;Initiative;;;;;;;;;;;;;;
88;435012;Gründau;;7729;4026;0;11755;5996;3710;211;201327;66748;12;;;75320;14;;;;;;;;;;;;;;;;;;;;;;;;;;;;;;;;;42239;8;17020;3;;;;;;;;;;;;;;;;;;;;;;;;;;;;;FWG;KBG;;;;;;;;;;;;;;
89;435013;Hammersbach;;2228;1716;0;3944;2381;1588;75;51689;18460;8;9224;4;24005;11;;;;;;;;;;;;;;;;;;;;;;;;;;;;;;;;;;;;;;;;;;;;;;;;;;;;;;;;;;;;;;;;;;;;;;;;;;;;;;;;
90;435014;Hanau, Brüder-Grimm-Stadt;;49370;17616;0;66986;28774;15908;1160;1520252;385623;15;240056;9;482995;19;;;105347;4;69377;2;;;;;;;26682;1;74105;3;;;;;;;;;;;;;;;;;69747;3;22365;1;43955;2;;;;;;;;;;;;;;;;;;;;;;;;;;;BfH;HBU;WSH;;;;;;;;;;;;;
91;435015;Hasselroth;;3924;1984;0;5908;3278;1855;62;81630;12501;4;;;23261;8;;;3663;1;;;;;;;;;;;;;;;;;;;;;;;;;;;;;42205;14;;;;;;;;;;;;;;;;;;;;;;;;;;;;;;;SWG;;;;;;;;;;;;;;;
92;435016;Jossgrund;;1714;1135;0;2849;1828;1069;38;39451;10138;6;;;8468;5;;;;;;;;;;;;;;;;;;;;;;;;;;;;;;;;;20845;12;;;;;;;;;;;;;;;;;;;;;;;;;;;;;;;FWG;;;;;;;;;;;;;;;
93;435017;Langenselbold, Stadt;;7989;3257;0;11246;5399;2962;189;183428;51500;10;27135;6;69454;14;;;11394;2;;;;;;;;;;;;;;;;;;;;;;;;;;;;;23945;5;;;;;;;;;;;;;;;;;;;;;;;;;;;;;;;FW;;;;;;;;;;;;;;;
94;435018;Linsengericht;;4983;2945;0;7928;4420;2755;62;113202;19556;5;14381;3;44910;11;9449;2;;;;;;;;;;;;;;;;;;;;;;;;;;;;;;;24906;6;;;;;;;;;;;;;;;;;;;;;;;;;;;;;;;BGL-FWG;;;;;;;;;;;;;;;
95;435019;Maintal, Stadt;;21456;8482;0;29938;12392;7794;479;500602;126319;11;109397;10;108568;10;28159;2;50968;5;;;;;;;;;;;;;;;;;;;;;;;;;;;;;51501;5;25690;2;;;;;;;;;;;;;;;;;;;;;;;;;;;;;WAM;GEMEINSAM;;;;;;;;;;;;;;
96;435020;Neuberg;;2724;1668;0;4392;2654;1562;58;56070;15520;6;8130;3;25990;11;;;;;;;;;;;;;;;;;;;;;;;;;;;;;;;;;6430;3;;;;;;;;;;;;;;;;;;;;;;;;;;;;;;;NL;;;;;;;;;;;;;;;
97;435021;Nidderau, Stadt;;9907;6370;0;16277;9084;5916;233;312108;105728;13;57158;7;112283;13;;;7830;1;;;;;;;;;;;;;;;;;;;;;;;;;;;;;29109;3;;;;;;;;;;;;;;;;;;;;;;;;;;;;;;;FWG Nidderau;;;;;;;;;;;;;;;
98;435022;Niederdorfelden;;1860;964;0;2824;1567;891;36;22337;;;3161;2;11704;8;;;;;;;;;;;;;;;;;;;;;;;;;;;;;;;;;7472;5;;;;;;;;;;;;;;;;;;;;;;;;;;;;;;;DL;;;;;;;;;;;;;;;
99;435023;Rodenbach;;5830;3122;0;8952;4466;2874;148;125350;31005;8;20524;5;58366;14;;;15455;4;;;;;;;;;;;;;;;;;;;;;;;;;;;;;;;;;;;;;;;;;;;;;;;;;;;;;;;;;;;;;;;;;;;;;;;;;;;;
100;435024;Ronneburg;;1919;934;0;2853;1621;873;61;24957;8559;6;;;14308;10;;;2090;1;;;;;;;;;;;;;;;;;;;;;;;;;;;;;;;;;;;;;;;;;;;;;;;;;;;;;;;;;;;;;;;;;;;;;;;;;;;;
101;435025;Schlüchtern, Stadt;;8611;3904;0;12515;6233;3601;174;186794;47289;8;27171;5;58864;11;;;18085;3;;;;;;;;;;;;;;;;;;;;;;;;;;;;;35385;6;;;;;;;;;;;;;;;;;;;;;;;;;;;;;;;BBB;;;;;;;;;;;;;;;
102;435026;Schöneck;;5748;3724;0;9472;5335;3470;173;182860;44300;9;33911;7;52326;10;;;18001;4;;;;;;;;;;;;;;;;;;;;;;;;;;;;;19150;4;15172;3;;;;;;;;;;;;;;;;;;;;;;;;;;;;;WAS;FWG Schöneck;;;;;;;;;;;;;;
103;435027;Sinntal;;4810;2466;0;7276;4201;2318;83;94706;23465;6;;;32941;9;;;;;;;;;;;;;;;;;;;;;;;;;;;;;;;;;38300;10;;;;;;;;;;;;;;;;;;;;;;;;;;;;;;;BWG;;;;;;;;;;;;;;;
104;435028;Steinau an der Straße, Brüder-Grimm-Stadt;;5404;2955;0;8359;4161;2754;114;114924;;;;;27167;7;;;;;;;;;;;;;;;;;;;;;;;;;;;;;;;;;36477;10;19785;5;31495;9;;;;;;;;;;;;;;;;;;;;;;;;;;;BGM;UBL;WFS;;;;;;;;;;;;;
105;435029;Wächtersbach, Stadt;;5898;3633;0;9531;5067;3370;141;171046;22395;5;13282;3;85449;18;;;;;5549;1;;;;;;;;;;;;;;;;;;;;;;;;;;;44371;10;;;;;;;;;;;;;;;;;;;;;;;;;;;;;;;Freie Wächter;;;;;;;;;;;;;;;
106;436001;Bad Soden am Taunus, Stadt;;10909;6521;0;17430;9402;5873;243;329732;124114;14;72522;8;43649;5;;;38528;4;;;;;;;;;;;;;;;;;;;;;;;;;;;;;50919;6;;;;;;;;;;;;;;;;;;;;;;;;;;;;;;;BSB;;;;;;;;;;;;;;;
107;436002;Eppstein, Stadt;;6079;4198;0;10277;6003;3891;150;205684;87386;16;40051;7;27540;5;;;17042;3;;;;;;;;;;;;;;;;;;;;;;;;;;;;;33665;6;;;;;;;;;;;;;;;;;;;;;;;;;;;;;;;FWG;;;;;;;;;;;;;;;
108;436003;Eschborn, Stadt;;9967;5592;0;15559;8447;5143;235;292790;89648;11;52676;7;46922;6;;;54011;7;14082;2;;;;;;;;;;;;;;;;;;;;;;;;;;;35451;4;;;;;;;;;;;;;;;;;;;;;;;;;;;;;;;FWE;;;;;;;;;;;;;;;
109;436004;Flörsheim am Main, Stadt;;10460;5957;0;16417;8405;5449;268;285169;101010;13;;;54150;7;;;22692;3;;;;;;;;;;;;;;;;;;;;;;;;;;;;;55582;7;51735;7;;;;;;;;;;;;;;;;;;;;;;;;;;;;;GALF;dfb;;;;;;;;;;;;;;
110;436005;Hattersheim am Main, Stadt;;13998;6751;0;20749;10547;6260;310;356212;181998;19;56395;6;68500;7;;;22474;2;;;;;;;;;5613;1;;;;;;;;;;;;;;;;;;;21232;2;;;;;;;;;;;;;;;;;;;;;;;;;;;;;;;FWG;;;;;;;;;;;;;;;
111;436006;Hochheim am Main, Stadt;;8755;5712;0;14467;7968;5328;313;226790;61438;8;47244;7;51431;7;;;20804;3;;;;;;;;;;;;;;;;;;;;;;;;;;;;;45873;6;;;;;;;;;;;;;;;;;;;;;;;;;;;;;;;FWG;;;;;;;;;;;;;;;
112;436007;Hofheim am Taunus, Kreisstadt;;17994;12875;0;30869;17559;11745;507;719080;236795;15;167982;11;96766;6;;;46415;3;39242;2;;;;;;;;;;;;;;;;;;;;;;;;;;;67612;4;58695;4;5573;0;;;;;;;;;;;;;;;;;;;;;;;;;;;FWG;BfH;WfM;;;;;;;;;;;;;
113;436008;Kelkheim (Taunus), Stadt;;12257;10071;0;22328;13352;9301;336;559245;214636;17;;;55743;5;;;51711;4;;;;;;;;;;;;;;;;;;;;;;;;;;;;;204232;16;32923;3;;;;;;;;;;;;;;;;;;;;;;;;;;;;;UKW;FW;;;;;;;;;;;;;;
114;436009;Kriftel;;4606;3912;0;8518;5021;3600;144;145864;77922;17;31613;7;20212;4;;;16117;3;;;;;;;;;;;;;;;;;;;;;;;;;;;;;;;;;;;;;;;;;;;;;;;;;;;;;;;;;;;;;;;;;;;;;;;;;;;;
115;436010;Liederbach am Taunus;;3717;2662;0;6379;3942;2511;96;115344;46721;13;20113;5;15868;4;;;8224;2;;;;;;;;;;;;;;;;;;;;;;;;;;;;;24418;7;;;;;;;;;;;;;;;;;;;;;;;;;;;;;;;FWG;;;;;;;;;;;;;;;
116;436011;Schwalbach am Taunus, Stadt;;7433;3558;0;10991;5589;3312;108;193612;57855;11;41523;8;69253;13;;;;;;;;;;;;;;;;;;;;;;;;;;;;;;;;;19125;4;5856;1;;;;;;;;;;;;;;;;;;;;;;;;;;;;;FDP & Freie Bürger;EULE;;;;;;;;;;;;;;
117;436012;Sulzbach (Taunus);;3914;2967;0;6881;4013;2785;92;117436;42848;11;24219;7;29657;8;;;8306;2;;;;;12406;3;;;;;;;;;;;;;;;;;;;;;;;;;;;;;;;;;;;;;;;;;;;;;;;;;;;;;;;;;;;;;;;;;;;;;;
118;437001;Bad König, Stadt;;5134;2621;0;7755;3835;2438;106;94434;15891;5;8863;2;30187;9;;;;;;;;;;;;;;;;;;;;;;;;;;;;;;;;;39493;11;;;;;;;;;;;;;;;;;;;;;;;;;;;;;;;ZBK;;;;;;;;;;;;;;;
119;437003;Brensbach;;2619;1557;0;4176;2320;1439;70;51959;13413;7;;;25853;12;;;;;;;;;;;;;;;;;;;;;;;;;;;;;;;;;12693;6;;;;;;;;;;;;;;;;;;;;;;;;;;;;;;;UWG-Brensbach;;;;;;;;;;;;;;;
120;437004;Breuberg, Stadt;;3741;1742;0;5483;2749;1664;124;72287;2050;1;8833;4;34669;15;;;;;907;0;;;;;;;;;;;;;;;;;;;;;;;;;;;25828;11;;;;;;;;;;;;;;;;;;;;;;;;;;;;;;;BWG;;;;;;;;;;;;;;;
121;437005;Brombachtal;;1671;1156;0;2827;1669;1086;52;27678;10057;7;874;1;9725;7;;;1436;1;648;0;;;;;;;;;;;;;;;;;;;;;;;;;;;4938;3;;;;;;;;;;;;;;;;;;;;;;;;;;;;;;;G.S.B.;;;;;;;;;;;;;;;
122;437006;Erbach, Kreisstadt;;7191;3623;0;10814;4988;3369;147;137445;28490;6;17730;4;41268;9;6629;2;6547;2;;;;;;;;;;;;;;;;;;;;;;;;;;;;;36781;8;;;;;;;;;;;;;;;;;;;;;;;;;;;;;;;ÜWG Erbach;;;;;;;;;;;;;;;
123;437007;Fränkisch-Crumbach;;1352;1297;0;2649;1672;1237;54;23513;8382;5;2889;2;9799;6;;;2443;2;;;;;;;;;;;;;;;;;;;;;;;;;;;;;;;;;;;;;;;;;;;;;;;;;;;;;;;;;;;;;;;;;;;;;;;;;;;;
124;437009;Höchst im Odenwald;;5001;2822;0;7823;3871;2625;93;109895;27971;8;14816;4;32051;9;;;;;;;;;;;;;;;;;;;;;;;;;;;;;;;;;35057;10;;;;;;;;;;;;;;;;;;;;;;;;;;;;;;;KAH;;;;;;;;;;;;;;;
125;437010;Lützelbach;;3396;2002;0;5398;2767;1852;76;77692;17374;7;;;27425;11;;;;;;;;;;;;;;;;;;;;;;;;;;;;;;;;;32893;13;;;;;;;;;;;;;;;;;;;;;;;;;;;;;;;ÜWG Lützelbach;;;;;;;;;;;;;;;
126;437011;Michelstadt, Stadt;;7559;5105;0;12664;7182;4841;206;233259;56445;9;31458;5;67017;11;;;13982;2;2150;0;;;;;;;;;;;;;;;;;;;;;;;;;;;62207;10;;;;;;;;;;;;;;;;;;;;;;;;;;;;;;;ÜWG;;;;;;;;;;;;;;;
127;437012;Mossautal;;1205;817;0;2022;1285;781;23;17871;4482;4;;;1775;1;1080;1;;;;;;;;;;;;;;;;;;;;;;;;;;;;;;;10534;9;;;;;;;;;;;;;;;;;;;;;;;;;;;;;;;ÜWG Mossautal;;;;;;;;;;;;;;;
128;437013;Reichelsheim (Odenwald);;4391;2450;0;6841;3667;2308;121;100879;;;;;37909;12;;;3450;1;;;;;;;;;;;;;;;;;;;;;;;;;;;;;59520;18;;;;;;;;;;;;;;;;;;;;;;;;;;;;;;;CDU-RWG;;;;;;;;;;;;;;;
129;437016;Oberzent, Stadt;;4552;3811;0;8363;4853;3580;165;156752;32130;8;14212;3;39300;9;;;21055;5;657;0;;;;;;;;;;;;;;;;;;;;;;;;;;;49398;12;;;;;;;;;;;;;;;;;;;;;;;;;;;;;;;ÜWO Oberzent;;;;;;;;;;;;;;;
130;438001;Dietzenbach, Kreisstadt;;14818;7403;0;22221;10304;6688;362;424598;118545;13;95458;10;108228;11;29865;3;23041;2;16838;2;;;;;;;;;;;;;;;;;;;;;;;;;;;25920;3;6703;1;;;;;;;;;;;;;;;;;;;;;;;;;;;;;FW - UDS;DL;;;;;;;;;;;;;;
131;438002;Dreieich, Stadt;;20649;11085;0;31734;15647;10014;560;655113;184910;13;161659;11;136101;9;;;81324;6;;;;;;;;;;;;;;;;;;;;;;;;;;;;;54932;4;36187;2;;;;;;;;;;;;;;;;;;;;;;;;;;;;;FWG Dreieich;BfD;;;;;;;;;;;;;;
132;438003;Egelsbach;;5486;3143;0;8629;4484;2856;170;129364;23046;6;43816;10;27168;7;;;17346;4;;;;;;;;;;;;;;;;;;;;;;;;;;;;;17988;4;;;;;;;;;;;;;;;;;;;;;;;;;;;;;;;WGE;;;;;;;;;;;;;;;
133;438004;Hainburg;;7201;4310;0;11511;6308;4067;221;213195;115474;20;39617;7;32395;6;;;;;;;;;;;;;;;;;;;;;;;;;;;;;;;;;25709;4;;;;;;;;;;;;;;;;;;;;;;;;;;;;;;;BFH;;;;;;;;;;;;;;;
134;438005;Heusenstamm, Stadt;;8488;6047;0;14535;8503;5616;187;294740;119909;15;42439;5;74949;9;16340;2;15892;2;;;;;;;;;;;;;;;;;;;;;;;;;;;11587;2;13624;2;;;;;;;;;;;;;;;;;;;;;;;;;;;;;;;FWH;;;;;;;;;;;;;;;
135;438006;Langen (Hessen), Stadt;;18826;9151;0;27977;12337;8353;362;514911;133590;12;128801;11;81128;7;;;32793;3;25893;2;;;;;;;;;;;;;;;;;;;;;;;;;;;78940;7;14286;1;19480;2;;;;;;;;;;;;;;;;;;;;;;;;;;;FWG-NEV;FREIE WÄHLER/UWFB;WiLa;;;;;;;;;;;;;
136;438007;Mainhausen;;4765;2770;0;7535;3908;2543;107;98746;14880;4;16320;4;48027;13;;;9131;3;;;;;;;;;;;;;;;;;;;;;;;;;;;;;10388;3;;;;;;;;;;;;;;;;;;;;;;;;;;;;;;;UWG;;;;;;;;;;;;;;;
137;438008;Mühlheim am Main, Stadt;;15036;6881;0;21917;10807;6404;346;434420;89224;9;82663;9;129871;13;15152;2;19991;2;;;;;;;;;15317;2;;;;;;;;;;;;;;;;;;;82202;8;;;;;;;;;;;;;;;;;;;;;;;;;;;;;;;BÜRGER;;;;;;;;;;;;;;;
138;438009;Neu-Isenburg, Stadt;;19937;7790;0;27727;11553;6911;364;484279;157522;15;117988;11;88495;8;32605;3;43146;4;27051;2;;;;;;;;;;;;;;;;;;;;;;;;;;;17472;2;;;;;;;;;;;;;;;;;;;;;;;;;;;;;;;FWG;;;;;;;;;;;;;;;
139;438010;Obertshausen, Stadt;;13075;5693;0;18768;8184;5717;318;276949;110054;15;56411;7;46651;6;;;20300;3;;;;;;;;;;;;;;;;;;;;;;;;;;;;;43533;6;;;;;;;;;;;;;;;;;;;;;;;;;;;;;;;Bürger;;;;;;;;;;;;;;;
140;438011;Rodgau, Stadt;;21654;13550;0;35204;17800;12353;627;740584;226820;14;135760;8;127645;8;50727;3;70847;4;26278;1;;;;;;;;;;;;;;;;;;;;;;;27929;2;;;44795;3;29783;2;;;;;;;;;;;;;;;;;;;;;;;;;;;;;ZmB;Freie Wähler Rodgau;;;;;;;;;;;;;;
141;438012;Rödermark, Stadt;;12389;8671;0;21060;11042;7907;396;383573;129108;13;;;48989;5;6507;1;35357;3;;;;;;;;;;;;;;;;;;;;;;;;;;;;;124155;13;39457;4;;;;;;;;;;;;;;;;;;;;;;;;;;;;;AL / GRÜNE;FWR;;;;;;;;;;;;;;
142;438013;Seligenstadt, Einhardstadt;;9478;7487;0;16965;9605;6837;296;328179;112295;13;57616;6;44366;5;;;69294;8;11326;1;;;;;;;;;;;;;;;;;;;;;;;;;;;33282;4;;;;;;;;;;;;;;;;;;;;;;;;;;;;;;;FWS;;;;;;;;;;;;;;;
143;439001;Aarbergen;;2797;2015;0;4812;2672;1866;63;75311;25071;10;12503;5;19103;8;;;;;;;;;;;;;;;;;;;;;;;;;;;;;;;;;18634;8;;;;;;;;;;;;;;;;;;;;;;;;;;;;;;;BL;;;;;;;;;;;;;;;
144;439002;Bad Schwalbach, Kreisstadt;;5470;2947;0;8417;4143;2684;191;113912;24048;7;29566;8;21156;6;;;;;;;;;;;;;;;;;;;;;;;;;;;;;;;;;27420;7;11722;3;;;;;;;;;;;;;;;;;;;;;;;;;;;;;SWA & BSB;BLF;;;;;;;;;;;;;;
145;439003;Eltville am Rhein, Stadt;;7733;5879;0;13612;7952;5422;177;272664;121710;16;70461;10;41177;6;15809;2;;;;;;;;;;;;;;;;;;;;;;;;;;;;;;;23507;3;;;;;;;;;;;;;;;;;;;;;;;;;;;;;;;BLL;;;;;;;;;;;;;;;
146;439004;Geisenheim, Hochschulstadt;;5654;3709;0;9363;4799;3362;177;161483;42836;10;35348;8;34403;8;;;16813;4;;;;;;;;;;;;;;;;;;;;;;;;;;;;;32083;7;;;;;;;;;;;;;;;;;;;;;;;;;;;;;;;ZfB;;;;;;;;;;;;;;;
147;439005;Heidenrod;;4180;2286;0;6466;4112;2154;104;116845;26531;7;14131;4;32421;9;11355;3;4236;1;;;;;;;;;;;;;;;;;;;;;;;;;;;;;28171;7;;;;;;;;;;;;;;;;;;;;;;;;;;;;;;;FWH;;;;;;;;;;;;;;;
148;439006;Hohenstein;;2785;2241;0;5026;3203;2141;95;70610;22757;8;2884;1;30771;11;;;;;;;;;;;;;;;;;;;;;;;;;;;;;;;;;14198;5;;;;;;;;;;;;;;;;;;;;;;;;;;;;;;;FWG;;;;;;;;;;;;;;;
149;439007;Hünstetten;;5386;3199;0;8585;5118;3203;128;143505;27249;6;22803;5;28875;6;;;4769;1;;;;;;;;;;;;;;;;;;;;;;;;;;;;;59809;13;;;;;;;;;;;;;;;;;;;;;;;;;;;;;;;HüLi;;;;;;;;;;;;;;;
150;439008;Idstein, Hochschulstadt;;11404;8277;0;19681;11152;7624;348;455034;131946;13;109937;11;91636;9;10528;1;30947;3;;;;;;;;;;;;;;;;;;;;;;;;;;;;;44245;4;35795;4;;;;;;;;;;;;;;;;;;;;;;;;;;;;;FWG Idstein;ULI;;;;;;;;;;;;;;
151;439009;Kiedrich;;1678;1587;0;3265;2048;1479;43;37024;9690;5;6381;3;17449;9;;;3504;2;;;;;;;;;;;;;;;;;;;;;;;;;;;;;;;;;;;;;;;;;;;;;;;;;;;;;;;;;;;;;;;;;;;;;;;;;;;;
152;439010;Lorch, Stadt;;1565;1382;0;2947;1790;1317;36;31581;6870;4;;;4777;3;;;;;;;;;;;;;;;;;;;;;;;;;;;;;;;;;7349;4;12585;8;;;;;;;;;;;;;;;;;;;;;;;;;;;;;FWG;LiLo;;;;;;;;;;;;;;
153;439011;Niedernhausen;;6311;5257;0;11568;6631;4874;228;224704;76743;13;39777;7;39039;6;;;24710;4;;;;;;;;;;;;;;;;;;;;;;;;;;;;;17302;3;20549;3;6584;1;;;;;;;;;;;;;;;;;;;;;;;;;;;OLN;WGN;BfN;;;;;;;;;;;;;
154;439012;Oestrich-Winkel, Stadt;;4819;4574;0;9393;5650;4240;173;161596;58406;11;29793;6;56310;11;;;17087;3;;;;;;;;;;;;;;;;;;;;;;;;;;;;;;;;;;;;;;;;;;;;;;;;;;;;;;;;;;;;;;;;;;;;;;;;;;;;
155;439013;Rüdesheim am Rhein, Stadt;;4962;2393;0;7355;3626;2233;97;100059;29048;9;;;12844;4;3819;1;3358;1;;;;;;;;;;;;;;;;;;;;;;;;;;;;;35232;11;15758;5;;;;;;;;;;;;;;;;;;;;;;;;;;;;;GfR;WIR;;;;;;;;;;;;;;
156;439014;Schlangenbad;;3286;1921;0;5207;2993;1757;81;69091;19891;7;14633;5;9699;4;;;4248;2;;;;;;;;;;;;;;;;;;;;;;;;;;;;;20620;7;;;;;;;;;;;;;;;;;;;;;;;;;;;;;;;BfB;;;;;;;;;;;;;;;
157;439015;Taunusstein, Stadt;;13130;9577;0;22707;12022;8659;335;496807;178697;16;89408;8;104997;10;36305;3;37650;3;;;;;;;;;;;;;;;;;;;;;;;;;;;;;49750;5;;;;;;;;;;;;;;;;;;;;;;;;;;;;;;;FWG Taunusstein;;;;;;;;;;;;;;;
158;439016;Waldems;;2582;1670;0;4252;2473;1572;38;62450;25229;11;10482;5;17090;7;;;;;;;;;;;;;;;;;;;;;;;;;;;;;;;;;9649;4;;;;;;;;;;;;;;;;;;;;;;;;;;;;;;;FWG;;;;;;;;;;;;;;;
159;439017;Walluf;;2525;1939;0;4464;2631;1786;79;61116;11343;5;;;23870;10;;;4173;2;;;;;;;;;;;;;;;;;;;;;;;;;;;;;13514;5;8216;3;;;;;;;;;;;;;;;;;;;;;;;;;;;;;BVW;Wir für Walluf;;;;;;;;;;;;;;
160;440001;Altenstadt;;6457;3131;0;9588;5081;2894;143;167177;47247;10;32759;7;38646;9;;;15678;4;;;;;;;14267;3;878;0;;;;;;;;;;;;;;;;;;;17702;4;;;;;;;;;;;;;;;;;;;;;;;;;;;;;;;-FWG-;;;;;;;;;;;;;;;
161;440002;Bad Nauheim, Stadt;;14954;9322;0;24276;11784;8465;360;445130;110739;10;87782;8;59391;5;;;51572;5;;;;;;;;;;;;;;;;;;;;;;;;;;;;;135646;13;;;;;;;;;;;;;;;;;;;;;;;;;;;;;;;Freie Wähler/UWG;;;;;;;;;;;;;;;
162;440003;Bad Vilbel, Stadt;;15633;10894;0;26527;15302;9962;359;642061;261498;18;189026;13;107682;8;23522;2;41836;3;;;;;;;;;;;;;;;;;;;;;;;;;;;;;18497;1;;;;;;;;;;;;;;;;;;;;;;;;;;;;;;;FW;;;;;;;;;;;;;;;
163;440004;Büdingen, Stadt;;11392;5620;0;17012;8802;5107;253;287591;82984;11;34176;4;49064;6;18201;2;12846;2;;;;;;;7590;1;;;;;;;;;;;;;;;;;;;;;70057;9;12673;2;;;;;;;;;;;;;;;;;;;;;;;;;;;;;FWG Büdingen;Pro Vernunft;;;;;;;;;;;;;;
164;440005;Butzbach, Friedrich-Ludwig-Weidig-Stadt;;13337;6819;0;20156;10553;6159;329;357995;108228;11;60539;6;94554;10;;;31853;3;18944;2;;;;;;;;;;;;;;;;;;;;;;;;;;;43877;5;;;;;;;;;;;;;;;;;;;;;;;;;;;;;;;UWG Butzbach;;;;;;;;;;;;;;;
165;440006;Echzell;;2589;1786;0;4375;2367;1629;93;67179;21040;10;15693;7;30446;14;;;;;;;;;;;;;;;;;;;;;;;;;;;;;;;;;;;;;;;;;;;;;;;;;;;;;;;;;;;;;;;;;;;;;;;;;;;;;;;;
166;440007;Florstadt, Stadt;;4546;2642;0;7188;3889;2446;166;107594;26750;8;23783;7;57061;16;;;;;;;;;;;;;;;;;;;;;;;;;;;;;;;;;;;;;;;;;;;;;;;;;;;;;;;;;;;;;;;;;;;;;;;;;;;;;;;;
167;440008;Friedberg (Hessen), Kreisstadt;;13557;7939;0;21496;10643;7202;428;442964;138018;14;110593;11;82141;8;;;42520;4;26345;3;;;;;;;;;;;;;;;;;;;;;;;;;;;43347;5;;;;;;;;;;;;;;;;;;;;;;;;;;;;;;;UWG;;;;;;;;;;;;;;;
168;440009;Gedern, Stadt;;3660;2175;0;5835;2952;2019;89;77796;22286;8;;;12523;5;;;;;;;;;;;;;;;;;;;;;;;;;;;;;;;;;33805;13;9182;3;;;;;;;;;;;;;;;;;;;;;;;;;;;;;FWG Gedern;UBG Gedern;;;;;;;;;;;;;;
169;440010;Glauburg;;1490;1029;0;2519;1456;925;38;20780;3028;2;3431;3;4666;3;;;;;;;;;;;;;;;;;;;;;;;;;;;;;;;;;9655;7;;;;;;;;;;;;;;;;;;;;;;;;;;;;;;;FWG Glauburg;;;;;;;;;;;;;;;
170;440011;Hirzenhain;;1717;599;0;2316;1076;553;62;13405;5927;7;;;1326;1;;;;;;;;;;;;;;;;;;;;;;;;;;;;;;;;;6152;7;;;;;;;;;;;;;;;;;;;;;;;;;;;;;;;UWG;;;;;;;;;;;;;;;
171;440012;Karben, Stadt;;10421;7247;0;17668;10216;6677;224;350013;179189;19;52490;6;56884;6;9444;1;12051;1;12539;1;;;;;;;;;;;;;;;;;;;;;;;;;;;27416;3;;;;;;;;;;;;;;;;;;;;;;;;;;;;;;;FW Karben;;;;;;;;;;;;;;;
172;440013;Kefenrod;;1513;706;0;2219;1234;672;24;17079;6125;5;;;7020;6;;;;;;;;;;;;;;;;;;;;;;;;;;;;;;;;;3934;4;;;;;;;;;;;;;;;;;;;;;;;;;;;;;;;FWG;;;;;;;;;;;;;;;
173;440014;Limeshain;;2996;1332;0;4328;2050;1254;50;43639;;;10230;5;21966;12;;;;;;;;;;;;;;;;;;;;;;;;;;;;;;;;;11443;6;;;;;;;;;;;;;;;;;;;;;;;;;;;;;;;UBL;;;;;;;;;;;;;;;
174;440015;Münzenberg, Stadt;;2818;1984;0;4802;2965;1851;57;63880;23613;8;;;22177;8;;;;;;;;;;;;;;;;;;;;;;;;;;;;;;;;;18090;7;;;;;;;;;;;;;;;;;;;;;;;;;;;;;;;FWG;;;;;;;;;;;;;;;
175;440016;Nidda, Stadt;;9589;4371;0;13960;7043;3991;258;233667;73680;12;26193;4;58207;9;;;;;11358;2;;;;;;;;;;;;;;;;;;;;;;;;;;;64229;10;;;;;;;;;;;;;;;;;;;;;;;;;;;;;;;BL Nidda;;;;;;;;;;;;;;;
176;440017;Niddatal, Stadt;;4539;3090;0;7629;4393;2874;112;126497;63012;16;22108;5;26168;6;;;9149;2;6060;2;;;;;;;;;;;;;;;;;;;;;;;;;;;;;;;;;;;;;;;;;;;;;;;;;;;;;;;;;;;;;;;;;;;;;;;;;;
177;440018;Ober-Mörlen;;2491;2089;0;4580;2743;1964;85;78868;29192;11;9369;4;20315;8;;;;;;;;;;;;;;;;;;;;;;;;;;;;;;;;;19992;8;;;;;;;;;;;;;;;;;;;;;;;;;;;;;;;FWG;;;;;;;;;;;;;;;
178;440019;Ortenberg, Stadt;;4790;2525;0;7315;3742;2275;132;105144;28730;8;15352;5;29822;9;;;;;;;;;;;;;;;;;;;;;;;;;;;;;;;;;31240;9;;;;;;;;;;;;;;;;;;;;;;;;;;;;;;;FWG;;;;;;;;;;;;;;;
179;440020;Ranstadt;;2554;1593;0;4147;2290;1452;79;48565;12184;6;5912;3;18979;9;;;;;;;;;;;;;;;;;;;;;;;;;;;;;;;;;11490;5;;;;;;;;;;;;;;;;;;;;;;;;;;;;;;;FW Ranstadt;;;;;;;;;;;;;;;
180;440021;Reichelsheim (Wetterau), Stadt;;3400;1972;0;5372;2962;1816;78;74438;20379;7;;;40197;15;;;;;;;;;;;;;;;;;;;;;;;;;;;;;;;;;13862;5;;;;;;;;;;;;;;;;;;;;;;;;;;;;;;;Freie Wähler;;;;;;;;;;;;;;;
181;440022;Rockenberg;;1817;1623;0;3440;2194;1526;58;47652;18525;9;9596;5;6021;3;;;;;;;;;;;;;;;;;;;;;;;;;;;;;;;;;13510;6;;;;;;;;;;;;;;;;;;;;;;;;;;;;;;;Dorfpartei;;;;;;;;;;;;;;;
182;440023;Rosbach vor der Höhe, Stadt;;6258;3734;0;9992;5257;3484;169;150072;42074;9;25500;5;20521;4;;;12857;3;;;;;;;;;;;;;;;;;;;;;;;;;;;;;21888;5;25539;5;1693;0;;;;;;;;;;;;;;;;;;;;;;;;;;;FWG Rosbach/Rodheim;Stimme;SALZ;;;;;;;;;;;;;
183;440024;Wölfersheim;;4646;3229;0;7875;4476;2968;107;127451;16864;4;20877;5;73187;18;;;;;;;;;;;;;;;;;;;;;;;;;;;;;;;;;16523;4;;;;;;;;;;;;;;;;;;;;;;;;;;;;;;;FWG;;;;;;;;;;;;;;;
184;440025;Wöllstadt;;2961;2140;0;5101;3079;2032;74;90298;36004;12;;;10396;4;;;;;;;;;;;;;;;;;;;;;;;;;;;;;;;;;43898;15;;;;;;;;;;;;;;;;;;;;;;;;;;;;;;;FWG;;;;;;;;;;;;;;;
185;531001;Allendorf (Lumda), Stadt;;1891;1357;0;3248;2098;1295;40;45439;8665;4;7479;4;9866;5;;;;;;;;;;;;;;;;;;;;;;;;;;;;;;;;;12269;6;7160;4;;;;;;;;;;;;;;;;;;;;;;;;;;;;;FW;BfA/FDP;;;;;;;;;;;;;;
186;531002;Biebertal;;5249;3073;0;8322;4500;2830;130;124956;22249;6;25637;6;27489;7;;;5068;1;;;;;;;;;;;;;;;;;;;;;;;;;;;;;44513;11;;;;;;;;;;;;;;;;;;;;;;;;;;;;;;;FW;;;;;;;;;;;;;;;
187;531003;Buseck;;6686;3640;0;10326;5867;3399;149;199974;48476;9;28187;5;52633;10;;;;;;;;;;;;;;;;;;;;;;;;;;;;;;;;;70678;13;;;;;;;;;;;;;;;;;;;;;;;;;;;;;;;FWG;;;;;;;;;;;;;;;
188;531004;Fernwald;;3365;2138;0;5503;3117;2004;68;78651;20681;7;12568;4;23535;8;;;2492;1;;;;;;;;;;;;;;;;;;;;;;;;;;;;;19375;7;;;;;;;;;;;;;;;;;;;;;;;;;;;;;;;FW;;;;;;;;;;;;;;;
189;531005;Gießen, Universitätsstadt;;44205;20037;0;64242;31236;17785;831;1731494;355549;12;464400;16;293099;10;95629;3;97542;3;;;;;;;;;56605;2;;;;;;;;;;;;;;;;;31121;1;133332;5;77515;3;126702;4;;;;;;;;;;;;;;;;;;;;;;;;;;;Gießener LINKE;FW;Gigg;;;;;;;;;;;;;
190;531006;Grünberg, Stadt;;7628;3465;0;11093;5793;3223;247;190779;52190;10;32113;6;34676;7;;;12762;3;;;;;;;;;;;;;;;;;;;;;;;;;;;;;59038;11;;;;;;;;;;;;;;;;;;;;;;;;;;;;;;;FW Grünberg;;;;;;;;;;;;;;;
191;531007;Heuchelheim an der Lahn;;3588;2422;0;6010;3455;2254;93;87126;26587;8;21066;7;19320;6;;;3813;1;;;;;;;;;;;;;;;;;;;;;;;;;;;;;7667;2;8673;3;;;;;;;;;;;;;;;;;;;;;;;;;;;;;FW;KWI;;;;;;;;;;;;;;
192;531008;Hungen, Stadt;;6735;3590;0;10325;5491;3311;180;184809;37221;7;28782;6;36083;7;;;;;;;;;;;;;;;;;;;;;;;;;;;;;;;;;50192;10;32531;7;;;;;;;;;;;;;;;;;;;;;;;;;;;;;FW;Pro Hungen;;;;;;;;;;;;;;
193;531009;Langgöns;;6199;3243;0;9442;4873;2967;111;163198;61004;14;32010;7;43322;10;;;;;;;;;;;;;;;;;;;;;;;;;;;;;;;;;26862;6;;;;;;;;;;;;;;;;;;;;;;;;;;;;;;;FWG;;;;;;;;;;;;;;;
194;531010;Laubach, Stadt;;5155;2613;0;7768;3914;2428;145;109526;23813;7;16466;4;22150;6;;;6164;2;;;;;;;;;;;;;;;;;;;;;;;;;;;;;31446;9;6275;2;3212;1;;;;;;;;;;;;;;;;;;;;;;;;;;;FW;FBLL;BfL;;;;;;;;;;;;;
195;531011;Lich, Stadt;;7607;3572;0;11179;6191;3376;168;210416;33629;6;43466;8;27745;5;;;18021;3;;;;;;;;;;;;;;;;;;;;;;;;;;;;;28386;5;8540;1;50629;9;;;;;;;;;;;;;;;;;;;;;;;;;;;FW;DBL;BfL;;;;;;;;;;;;;
196;531012;Linden, Stadt;;6104;3793;0;9897;5143;3481;141;168614;60408;13;34328;8;31907;7;4307;1;8567;2;6621;1;;;22476;5;;;;;;;;;;;;;;;;;;;;;;;;;;;;;;;;;;;;;;;;;;;;;;;;;;;;;;;;;;;;;;;;;;;;;;
197;531013;Lollar, Stadt;;5047;2302;0;7349;3410;2113;130;113260;37098;12;27550;9;36450;12;;;12162;4;;;;;;;;;;;;;;;;;;;;;;;;;;;;;;;;;;;;;;;;;;;;;;;;;;;;;;;;;;;;;;;;;;;;;;;;;;;;
198;531014;Pohlheim, Stadt;;8663;5225;0;13888;7312;4814;181;251587;77125;11;40261;6;86162;13;;;16403;2;;;;;31636;5;;;;;;;;;;;;;;;;;;;;;;;;;;;;;;;;;;;;;;;;;;;;;;;;;;;;;;;;;;;;;;;;;;;;;;
199;531015;Rabenau;;2759;1410;0;4169;2450;1346;64;51843;9479;4;5246;2;8688;4;;;;;;;;;;;;;;;;;;;;;;;;;;;;;;;;;5938;3;22492;10;;;;;;;;;;;;;;;;;;;;;;;;;;;;;FW;BfRab;;;;;;;;;;;;;;
200;531016;Reiskirchen;;6041;2406;0;8447;4012;2204;122;112873;27304;7;16381;5;32802;9;;;;;;;;;;;;;;;;;;;;;;;;;;;;;;;;;36386;10;;;;;;;;;;;;;;;;;;;;;;;;;;;;;;;FW;;;;;;;;;;;;;;;
201;531017;Staufenberg, Stadt;;4079;2691;0;6770;3504;2490;99;87307;21953;7;;;27880;8;;;3939;1;;;;;;;;;;;;;;;;;;;;;;;;;;;;;18495;6;15040;5;;;;;;;;;;;;;;;;;;;;;;;;;;;;;FW;GAL;;;;;;;;;;;;;;
202;531018;Wettenberg;;5910;4276;0;10186;5997;4009;168;206819;50624;9;36882;7;74810;13;;;8269;1;;;;;;;;;;;;;;;;;;;;;;;;;;;;;36234;7;;;;;;;;;;;;;;;;;;;;;;;;;;;;;;;FW;;;;;;;;;;;;;;;
203;532001;Aßlar, Stadt;;7368;2808;0;10176;4373;2609;153;146802;24944;6;25494;6;34159;9;;;;;;;;;;;;;;;;;;;;;;;;;;;;;;;;;62205;16;;;;;;;;;;;;;;;;;;;;;;;;;;;;;;;FWG;;;;;;;;;;;;;;;
204;532002;Bischoffen;;2007;715;0;2722;1442;682;45;29810;8822;7;4058;3;4489;3;;;;;;;;;;;;;;;;;;;;;;;;;;;;;;;;;12441;10;;;;;;;;;;;;;;;;;;;;;;;;;;;;;;;FW;;;;;;;;;;;;;;;
205;532003;Braunfels, Stadt;;5811;3336;0;9147;4524;3097;183;149871;55942;14;25794;6;32667;8;;;;;;;;;;;;;;;;;;;;;;;;;;;;;;;;;35468;9;;;;;;;;;;;;;;;;;;;;;;;;;;;;;;;FDP/FWG;;;;;;;;;;;;;;;
206;532004;Breitscheid;;2795;975;0;3770;1846;908;39;38309;16739;10;;;6230;4;;;;;;;;;;;;;;;;;;;;;;;;;;;;;;;;;15340;9;;;;;;;;;;;;;;;;;;;;;;;;;;;;;;;FWG;;;;;;;;;;;;;;;
207;532005;Dietzhölztal;;3344;1038;0;4382;1828;962;43;38586;13780;8;;;13574;8;;;2582;2;;;;;;;;;;;;;;;;;;;;;;;;;;;;;8650;5;;;;;;;;;;;;;;;;;;;;;;;;;;;;;;;FWG;;;;;;;;;;;;;;;
208;532006;Dillenburg, Oranienstadt;;13694;3704;0;17398;6685;3422;222;206716;86114;15;38113;7;49779;9;10583;2;11961;2;;;;;;;;;;;;;;;;;;;;;;;;;;;;;10166;2;;;;;;;;;;;;;;;;;;;;;;;;;;;;;;;Bürger für Dillenburg;;;;;;;;;;;;;;;
209;532007;Driedorf;;2562;1396;0;3958;2119;1296;70;57289;26961;15;;;15328;8;;;;;;;;;;;;;;;;;;;;;;;;;;;;;;;;;10418;6;4582;2;;;;;;;;;;;;;;;;;;;;;;;;;;;;;FWG;FBL;;;;;;;;;;;;;;
210;532008;Ehringshausen;;4799;2298;59;7156;3484;2227;99;98043;34478;11;11217;4;29321;9;;;;;;;;;;;;;;;;;;;;;;;;;;;;;;;;;23027;7;;;;;;;;;;;;;;;;;;;;;;;;;;;;;;;FWG;;;;;;;;;;;;;;;
211;532009;Eschenburg;;5885;2076;0;7961;3317;1925;106;90052;43670;15;;;30159;10;;;;;;;;;;;;;;;;;;;;;;;;;;;;;;;;;16223;6;;;;;;;;;;;;;;;;;;;;;;;;;;;;;;;FWG;;;;;;;;;;;;;;;
212;532010;Greifenstein;;3419;1949;0;5368;2865;1794;65;81200;20993;8;;;27345;10;6697;3;6356;2;;;;;;;;;;;;;;;;;;;;;;;;;;;;;10530;4;9279;4;;;;;;;;;;;;;;;;;;;;;;;;;;;;;ULfG;FWG;;;;;;;;;;;;;;
213;532011;Haiger, Stadt;;11194;2977;0;14171;6209;2781;103;201136;72174;13;;;37492;7;11618;2;22300;4;;;;;;;;;;;;;;;;;;;;;;;;;;;;;57552;11;;;;;;;;;;;;;;;;;;;;;;;;;;;;;;;FWG-Haiger;;;;;;;;;;;;;;;
214;532012;Herborn, Stadt;;11946;3815;0;15761;7113;3493;231;230149;67029;11;40562;6;52815;8;14290;2;10489;2;;;;;;;;;;;;;;;;;;;;;;;;;;;;;28880;5;11459;2;4625;1;;;;;;;;;;;;;;;;;;;;;;;;;;;FWG;SGH;BfM;;;;;;;;;;;;;
215;532013;Hohenahr;;2820;1191;0;4011;2104;1098;76;35922;13350;7;6045;3;16527;9;;;;;;;;;;;;;;;;;;;;;;;;;;;;;;;;;;;;;;;;;;;;;;;;;;;;;;;;;;;;;;;;;;;;;;;;;;;;;;;;
216;532014;Hüttenberg;;5643;2882;0;8525;4994;2693;177;140495;37146;8;27864;6;23536;5;;;;;;;;;;;;;;;;;;;;;;;;;;;;;;;;;39083;9;12866;3;;;;;;;;;;;;;;;;;;;;;;;;;;;;;FWG;FÖBH;;;;;;;;;;;;;;
217;532015;Lahnau;;4346;2278;0;6624;3650;2118;114;91179;27692;8;;;30397;9;;;;;;;;;;;;;;;;;;;;;;;;;;;;;;;;;22387;7;10703;3;;;;;;;;;;;;;;;;;;;;;;;;;;;;;geo;FW/FDP;;;;;;;;;;;;;;
218;532016;Leun, Stadt;;2990;1556;0;4546;2241;1488;51;51939;16325;8;8832;4;12181;6;;;;;;;;;;;3242;2;;;;;;;;;;;;;;;;;;;;;11359;5;;;;;;;;;;;;;;;;;;;;;;;;;;;;;;;FWG;;;;;;;;;;;;;;;
219;532017;Mittenaar;;2846;1021;0;3867;1905;950;66;39148;11320;7;4747;3;18621;11;;;4460;2;;;;;;;;;;;;;;;;;;;;;;;;;;;;;;;;;;;;;;;;;;;;;;;;;;;;;;;;;;;;;;;;;;;;;;;;;;;;
220;532018;Schöffengrund;;3409;1853;0;5262;2881;1853;97;70317;14725;6;12823;5;14383;5;;;;;;;;;;;;;;;;;;;;;;;;;;;;;;;;;28386;11;;;;;;;;;;;;;;;;;;;;;;;;;;;;;;;FWG;;;;;;;;;;;;;;;
221;532019;Siegbach;;1422;716;0;2138;1487;670;73;19996;7789;6;4696;3;7511;6;;;;;;;;;;;;;;;;;;;;;;;;;;;;;;;;;;;;;;;;;;;;;;;;;;;;;;;;;;;;;;;;;;;;;;;;;;;;;;;;
222;532020;Sinn;;3489;1481;0;4970;2345;1387;60;49249;13854;6;14921;7;10640;5;;;;;;;;;;;;;;;;;;;;;;;;;;;;;;;;;9834;5;;;;;;;;;;;;;;;;;;;;;;;;;;;;;;;FWG;;;;;;;;;;;;;;;
223;532021;Solms, Stadt;;6681;4030;0;10711;5400;3696;201;179114;35038;7;22464;5;69326;14;;;11216;2;;;;;;;;;;;;;;;;;;;;;;;;;;;;;41070;9;;;;;;;;;;;;;;;;;;;;;;;;;;;;;;;FWG;;;;;;;;;;;;;;;
224;532022;Waldsolms;;2310;1685;0;3995;2224;1590;68;47322;12542;6;5892;3;10424;5;;;;;;;;;;;;;;;;;;;;;;;;;;;;;;;;;9065;4;9399;5;;;;;;;;;;;;;;;;;;;;;;;;;;;;;FWG;Blaue;;;;;;;;;;;;;;
225;532023;Wetzlar, Stadt;;28493;11286;0;39779;17138;10250;469;899765;245264;16;117893;8;257846;17;56592;4;62628;4;48935;3;;;71382;4;10697;1;28528;2;;;;;;;;;;;;;;;;;;;;;;;;;;;;;;;;;;;;;;;;;;;;;;;;;;;;;;;;;;;;;;;;;;
226;533001;Beselich;;2578;1724;0;4302;2342;1610;53;54749;19272;9;;;13920;6;;;;;;;;;;;;;;;;;;;;;;;;;;;;;;;;;11289;5;10268;5;;;;;;;;;;;;;;;;;;;;;;;;;;;;;BLB;WIR;;;;;;;;;;;;;;
227;533002;Brechen;;2895;2332;0;5227;2957;2193;58;85182;25512;9;;;13021;5;;;5527;2;;;;;;;;;;;;;;;;;;;;;;;;;;;;;22618;8;18504;7;;;;;;;;;;;;;;;;;;;;;;;;;;;;;FWG;BWG;;;;;;;;;;;;;;
228;533003;Bad Camberg, Stadt;;6828;4393;0;11221;6198;4105;194;206699;92121;17;41589;7;60757;11;;;12232;2;;;;;;;;;;;;;;;;;;;;;;;;;;;;;;;;;;;;;;;;;;;;;;;;;;;;;;;;;;;;;;;;;;;;;;;;;;;;
229;533004;Dornburg;;3372;3243;0;6615;3893;3094;116;105719;60697;18;;;20724;6;;;5205;1;;;;;;;;;;;;;;;;;;;;;;;;;;;;;3322;1;15771;5;;;;;;;;;;;;;;;;;;;;;;;;;;;;;Grüne Hadamar/Dornburg;FWG Dornburg;;;;;;;;;;;;;;
230;533005;Elbtal;;1388;531;0;1919;876;479;18;12432;4879;6;;;3009;4;;;;;;;;;;;;;;;;;;;;;;;;;;;;;;;;;4544;5;;;;;;;;;;;;;;;;;;;;;;;;;;;;;;;BLE;;;;;;;;;;;;;;;
231;533006;Elz;;3500;2474;0;5974;3279;2321;51;94560;43799;14;;;27571;9;;;;;;;;;;;;;;;;;;;;;;;;;;;;;;;;;23190;8;;;;;;;;;;;;;;;;;;;;;;;;;;;;;;;Bürger für Elz BL;;;;;;;;;;;;;;;
232;533007;Hadamar, Stadt;;5947;3536;0;9483;4516;3215;222;141847;44744;12;21966;6;20299;5;;;;;;;;;;;;;;;;;;;;;;;;;;;;;;;;;29069;7;25769;7;;;;;;;;;;;;;;;;;;;;;;;;;;;;;FWG;WfH;;;;;;;;;;;;;;
233;533008;Hünfelden;;5085;2958;0;8043;4354;2749;120;119540;39127;10;;;43630;11;;;7021;2;;;;;;;;;;;;;;;;;;;;;;;;;;;;;29762;8;;;;;;;;;;;;;;;;;;;;;;;;;;;;;;;FBH;;;;;;;;;;;;;;;
234;533009;Limburg an der Lahn, Kreisstadt;;16639;10085;0;26724;13197;9284;346;521611;205322;18;102065;9;136866;12;19184;2;42172;3;16002;1;;;;;;;;;;;;;;;;;;;;;;;;;;;;;;;;;;;;;;;;;;;;;;;;;;;;;;;;;;;;;;;;;;;;;;;;;;
235;533010;Löhnberg;;2109;1409;0;3518;2206;1347;34;47278;7261;4;;;21062;10;;;;;;;;;;;;;;;;;;;;;;;;;;;;;;;;;18955;9;;;;;;;;;;;;;;;;;;;;;;;;;;;;;;;Freie Wähler;;;;;;;;;;;;;;;
236;533011;Mengerskirchen, Marktflecken;;2813;1735;0;4548;2279;1627;41;51718;26859;13;;;18774;9;;;;;;;;;;;;;;;;;;;;;;;;;;;;;;;;;6085;3;;;;;;;;;;;;;;;;;;;;;;;;;;;;;;;FW;;;;;;;;;;;;;;;
237;533012;Merenberg, Marktflecken;;1653;928;0;2581;1326;863;57;27053;7153;6;4329;4;15571;13;;;;;;;;;;;;;;;;;;;;;;;;;;;;;;;;;;;;;;;;;;;;;;;;;;;;;;;;;;;;;;;;;;;;;;;;;;;;;;;;
238;533013;Runkel, Stadt;;4483;3011;0;7494;4067;2789;125;112926;39380;11;13898;4;32294;9;;;;;;;;;;;;;;;;;;;;;;;;;;;;;;;;;27354;7;;;;;;;;;;;;;;;;;;;;;;;;;;;;;;;BL Runkel;;;;;;;;;;;;;;;
239;533014;Selters (Taunus);;3578;3005;0;6583;3369;2786;59;95331;35677;12;12478;4;13521;4;;;;;;;;;;;;;;;;;;;;;;;;;;;;;;;;;14365;5;19290;6;;;;;;;;;;;;;;;;;;;;;;;;;;;;;FWS;UWE;;;;;;;;;;;;;;
240;533015;Villmar, Marktflecken;;3191;2386;0;5577;3036;2245;75;85322;34640;12;;;29488;11;;;;;;;;;;;;;;;;;;;;;;;;;;;;;;;;;13329;5;7865;3;;;;;;;;;;;;;;;;;;;;;;;;;;;;;UFBL;AAV;;;;;;;;;;;;;;
241;533016;Waldbrunn (Westerwald);;2728;1723;0;4451;2282;1636;47;62726;26837;13;;;10951;6;1849;1;;;;;;;;;;;;;;;;;;;;;;;;;;;;;;;23089;11;;;;;;;;;;;;;;;;;;;;;;;;;;;;;;;BLW;;;;;;;;;;;;;;;
242;533017;Weilburg, Stadt;;6527;3328;0;9855;4793;3085;140;152453;52874;13;22538;5;43349;11;3346;1;13542;3;2049;0;;;;;;;;;;;;;;;;;;;;;;;;;;;14755;4;;;;;;;;;;;;;;;;;;;;;;;;;;;;;;;FWG;;;;;;;;;;;;;;;
243;533018;Weilmünster, Marktflecken;;4690;2318;0;7008;3439;2152;97;96520;31530;10;;;38159;12;;;;;;;;;;;;;;;;;;;;;;;;;;;;;;;;;16587;6;10244;3;;;;;;;;;;;;;;;;;;;;;;;;;;;;;BL;BfW;;;;;;;;;;;;;;
244;533019;Weinbach;;2322;1241;0;3563;1981;1164;42;27684;8740;5;2425;1;10292;5;;;;;;;;;;;;;;;;;;;;;;;;;;;;;;;;;5045;3;1182;1;;;;;;;;;;;;;;;;;;;;;;;;;;;;;FWG Weinbach;WASG;;;;;;;;;;;;;;
245;534001;Amöneburg, Stadt;;2826;1319;0;4145;2315;1261;60;48154;17680;9;6133;3;8910;4;;;;;;;;;;;;;;;;;;;;;;;;;;;;;;;;;15431;7;;;;;;;;;;;;;;;;;;;;;;;;;;;;;;;FWG;;;;;;;;;;;;;;;
246;534002;Angelburg;;1947;903;0;2850;1390;874;28;29687;8313;6;;;11133;9;;;;;;;;;;;;;;;;;;;;;;;;;;;;;;;;;10241;8;;;;;;;;;;;;;;;;;;;;;;;;;;;;;;;BGL/FWG Angelburg;;;;;;;;;;;;;;;
247;534003;Bad Endbach;;4767;1657;0;6424;2735;1525;78;56126;19525;8;;;24529;10;;;;;;;;;;;;;;;;;;;;;;;;;;;;;;;;;12072;5;;;;;;;;;;;;;;;;;;;;;;;;;;;;;;;FWG;;;;;;;;;;;;;;;
248;534004;Biedenkopf, Stadt;;6694;3259;0;9953;4997;3040;124;164393;29784;7;9543;2;33465;8;;;5873;1;;;;;;;;;;;;;;;;;;;;;;;;;;;;;32511;7;25320;6;27897;6;;;;;;;;;;;;;;;;;;;;;;;;;;;BB Biedenkopf;UBL;ZfB;;;;;;;;;;;;;
249;534005;Breidenbach;;3676;1132;0;4808;2177;1072;52;52340;15316;8;;;17703;9;;;;;;;;;;;;;;;;;;;;;;;;;;;;;;;;;19321;10;;;;;;;;;;;;;;;;;;;;;;;;;;;;;;;BL;;;;;;;;;;;;;;;
250;534006;Cölbe;;3802;1628;0;5430;2857;1524;59;71340;16381;6;20618;8;22153;8;;;;;;;;;;;;;;;;;;;;;;;;;;;;;;;;;12188;5;;;;;;;;;;;;;;;;;;;;;;;;;;;;;;;BL;;;;;;;;;;;;;;;
251;534007;Dautphetal;;6037;2818;0;8855;4873;2638;69;131535;47465;11;;;36185;9;;;;;;;;;;;;;;;;;;;;;;;;;;;;;;;;;47885;11;;;;;;;;;;;;;;;;;;;;;;;;;;;;;;;FW;;;;;;;;;;;;;;;
252;534008;Ebsdorfergrund;;5042;2299;0;7341;4225;2150;99;119395;22537;6;14520;4;53779;14;;;;;;;;;;;;;;;;;;;;;;;;;;;;;;;;;28559;7;;;;;;;;;;;;;;;;;;;;;;;;;;;;;;;ÜBE/FWG;;;;;;;;;;;;;;;
253;534009;Fronhausen;;2176;1131;0;3307;1952;1066;37;41544;13840;8;;;13337;7;;;;;;;;;;;;;;;;;;;;;;;;;;;;;;;;;14367;8;;;;;;;;;;;;;;;;;;;;;;;;;;;;;;;IF;;;;;;;;;;;;;;;
254;534010;Gladenbach, Stadt;;6897;2667;0;9564;4596;2530;88;154176;50487;12;;;45258;11;;;;;;;;;41682;10;;;;;;;;;;;;;;;;;;;;;;;16749;4;;;;;;;;;;;;;;;;;;;;;;;;;;;;;;;JL/GRÜNE;;;;;;;;;;;;;;;
255;534011;Kirchhain, Stadt;;8800;3918;0;12718;6781;3673;193;226945;70694;11;29829;5;84836;14;;;12300;2;9532;2;;;;;;;;;;;;;;;;;;;;;;;;;;;19754;3;;;;;;;;;;;;;;;;;;;;;;;;;;;;;;;BLK;;;;;;;;;;;;;;;
256;534012;Lahntal;;3429;2080;0;5509;3076;1949;47;88298;18433;6;16057;6;30855;11;;;;;;;;;;;;;;;;;;;;;;;;;;;;;;;;;22953;8;;;;;;;;;;;;;;;;;;;;;;;;;;;;;;;BLL;;;;;;;;;;;;;;;
257;534013;Lohra;;3230;1217;0;4447;2504;1147;79;69017;15361;7;8567;4;14742;6;;;;;;;;;;;;;;;;;;;;;;;;;;;;;;;;;30347;14;;;;;;;;;;;;;;;;;;;;;;;;;;;;;;;BfB;;;;;;;;;;;;;;;
258;534014;Marburg, Universitätsstadt;;39512;18423;0;57935;31911;17058;661;1741662;372905;13;453023;15;410113;14;32166;1;69138;2;;;13371;1;;;;;;;;;;;;;3760;0;;;;;;;;;;;197881;7;57547;2;111737;4;12273;0;7748;0;;;;;;;;;;;;;;;;;;;;;;;Linke;BfM;KLIMALISTE;WDMR;MR-24;;;;;;;;;;;
259;534015;Münchhausen;;1941;781;0;2722;1623;743;39;33699;13792;10;;;14974;10;;;;;;;;;;;;;;;;;;;;;;;;;;;;;;;;;4933;3;;;;;;;;;;;;;;;;;;;;;;;;;;;;;;;UGL;;;;;;;;;;;;;;;
260;534016;Neustadt (Hessen), Stadt;;4166;2240;0;6406;3203;2044;73;67630;35095;12;;;20436;7;;;;;;;;;;;;;;;;;;;;;;;;;;;;;;;;;12099;4;;;;;;;;;;;;;;;;;;;;;;;;;;;;;;;FWG;;;;;;;;;;;;;;;
261;534017;Rauschenberg, Stadt;;2501;1067;0;3568;1899;1061;53;39950;11490;7;7065;4;7988;4;;;;;;;;;;;;;;;;;;;;;;;;;;;;;;;;;13407;8;;;;;;;;;;;;;;;;;;;;;;;;;;;;;;;FBL;;;;;;;;;;;;;;;
262;534018;Stadtallendorf, Stadt;;11643;2887;0;14530;5357;2725;161;179241;66168;14;17573;3;61248;13;;;20421;4;;;;;;;;;;;;;;;;;;;;;;;;;;;;;13831;3;;;;;;;;;;;;;;;;;;;;;;;;;;;;;;;BUS;;;;;;;;;;;;;;;
263;534019;Steffenberg;;2445;724;0;3169;1498;687;52;29617;7090;5;;;11056;9;;;;;;;;;;;;;;;;;;;;;;;;;;;;;;;;;11471;9;;;;;;;;;;;;;;;;;;;;;;;;;;;;;;;BLS;;;;;;;;;;;;;;;
264;534020;Weimar (Lahn);;3864;1933;0;5797;3344;1812;68;70956;18086;6;12995;4;17588;6;;;5117;2;;;;;;;;;;;;;;;;;;;;;;;;;;;;;17170;5;;;;;;;;;;;;;;;;;;;;;;;;;;;;;;;FBW;;;;;;;;;;;;;;;
265;534021;Wetter (Hessen), Stadt;;5377;1753;0;7130;3517;1624;164;92414;26496;9;14908;5;42083;14;;;2299;1;6628;2;;;;;;;;;;;;;;;;;;;;;;;;;;;;;;;;;;;;;;;;;;;;;;;;;;;;;;;;;;;;;;;;;;;;;;;;;;
266;534022;Wohratal;;1199;608;0;1807;1068;582;19;14697;4092;4;;;5418;6;;;;;;;;;;;;;;;;;;;;;;;;;;;;;;;;;5187;5;;;;;;;;;;;;;;;;;;;;;;;;;;;;;;;OLW;;;;;;;;;;;;;;;
267;535001;Alsfeld, Stadt;;8255;4310;0;12565;6402;4026;236;211076;110350;19;;;53904;9;;;;;;;;;;;;;;;;;;;;;;;;;;;;;;;;;26628;5;20194;4;;;;;;;;;;;;;;;;;;;;;;;;;;;;;UWA;ALA;;;;;;;;;;;;;;
268;535002;Antrifttal;;992;572;0;1564;1068;550;21;14416;;;;;;;;;;;;;;;;;;;;;;;;;;;;;;;;;;;;;;;4244;4;3513;4;2264;2;1815;2;2580;3;;;;;;;;;;;;;;;;;;;;;;;FWR;BLO;WGB;FWS;WGV;;;;;;;;;;;
269;535003;Feldatal;;1212;821;0;2033;1336;776;64;18009;;;;;;;;;;;;;;;;;;;;;;;;;;;;;;;;;;;;;;;8208;7;9801;8;;;;;;;;;;;;;;;;;;;;;;;;;;;;;FWG;Bürgerliste Feldatal;;;;;;;;;;;;;;
270;535004;Freiensteinau;;1778;850;0;2628;1707;819;34;29940;;;;;4906;3;;;;;;;;;;;;;;;;;;;;;;;;;;;;;;;;;14734;9;10300;7;;;;;;;;;;;;;;;;;;;;;;;;;;;;;FREIE WÄHLER;GBE;;;;;;;;;;;;;;
271;535005;Gemünden (Felda);;1547;685;0;2232;1258;656;36;17527;;;;;4222;4;;;;;;;;;;;;;;;;;;;;;;;;;;;;;;;;;5904;5;7401;6;;;;;;;;;;;;;;;;;;;;;;;;;;;;;UBL;BGG;;;;;;;;;;;;;;
272;535006;Grebenau, Stadt;;1258;778;0;2036;1383;737;95;18908;3640;3;;;3481;3;;;;;;;;;;;;;;;;;;;;;;;;;;;;;;;;;8857;7;2436;2;494;0;;;;;;;;;;;;;;;;;;;;;;;;;;;FREIE WÄHLER;GL;NMG;;;;;;;;;;;;;
273;535007;Grebenhain;;2323;1587;0;3910;2441;1494;126;48262;23390;11;;;24872;12;;;;;;;;;;;;;;;;;;;;;;;;;;;;;;;;;;;;;;;;;;;;;;;;;;;;;;;;;;;;;;;;;;;;;;;;;;;;;;;;
274;535008;Herbstein, Stadt;;2272;1657;0;3929;2386;1559;79;48455;23487;11;;;14451;7;;;;;;;;;;;;;;;;;;;;;;;;;;;;;;;;;10517;5;;;;;;;;;;;;;;;;;;;;;;;;;;;;;;;FW;;;;;;;;;;;;;;;
275;535009;Homberg (Ohm), Stadt;;3907;2178;0;6085;3554;2071;100;85057;25266;8;15878;5;24514;8;;;;;;;;;6150;2;;;;;;;;;;;;;;;;;;;;;;;13249;4;;;;;;;;;;;;;;;;;;;;;;;;;;;;;;;BÜRGERFORUM;;;;;;;;;;;;;;;
276;535010;Kirtorf, Stadt;;1644;946;0;2590;1601;912;27;33058;;;;;;;;;;;;;;;;;;;;;;;;;;;;;;;;;;;;;;;22517;16;10541;7;;;;;;;;;;;;;;;;;;;;;;;;;;;;;FWG/CDU;SPD/UWL;;;;;;;;;;;;;;
277;535011;Lauterbach (Hessen), Kreisstadt;;6801;3581;0;10382;4847;3054;131;163591;57083;13;23629;5;40004;9;;;19087;4;7023;2;;;;;;;;;;;;;;;;;;;;;;;;;;;16765;4;;;;;;;;;;;;;;;;;;;;;;;;;;;;;;;BLL;;;;;;;;;;;;;;;
278;535012;Lautertal (Vogelsberg);;1384;607;0;1991;1279;579;29;17556;7272;6;;;8298;7;;;;;;;;;;;;;;;;;;;;;;;;;;;;;;;;;1986;2;;;;;;;;;;;;;;;;;;;;;;;;;;;;;;;UBG;;;;;;;;;;;;;;;
279;535013;Mücke;;4848;2835;0;7683;4401;2784;124;123767;21349;5;11791;3;23858;6;;;;;;;;;;;;;;;;;;;;;;;;;;;;;;;;;32563;8;34206;9;;;;;;;;;;;;;;;;;;;;;;;;;;;;;FW;MüBü;;;;;;;;;;;;;;
280;535014;Romrod, Stadt;;1419;817;0;2236;1239;745;25;17228;;;;;7237;6;;;;;;;;;;;;;;;;;;;;;;;;;;;;;;;;;9991;9;;;;;;;;;;;;;;;;;;;;;;;;;;;;;;;CDU/FWG;;;;;;;;;;;;;;;
281;535015;Schlitz, Stadt;;5058;2616;0;7674;4103;2268;107;114903;57483;16;;;27814;7;;;12541;3;;;;;;;;;;;;;;;;;;;;;;;;;;;;;17065;5;;;;;;;;;;;;;;;;;;;;;;;;;;;;;;;BLS;;;;;;;;;;;;;;;
282;535016;Schotten, Stadt;;6080;2539;0;8619;4540;2355;143;142298;44873;12;18943;5;51379;13;4957;1;9403;3;;;;;12743;3;;;;;;;;;;;;;;;;;;;;;;;;;;;;;;;;;;;;;;;;;;;;;;;;;;;;;;;;;;;;;;;;;;;;;;
283;535017;Schwalmtal;;1432;847;0;2279;1406;809;15;20092;;;2064;2;5826;4;815;1;;;;;;;;;;;;;;;;;;;;;;;;;;;;;;;11387;8;;;;;;;;;;;;;;;;;;;;;;;;;;;;;;;BSCH;;;;;;;;;;;;;;;
284;535018;Ulrichstein, Stadt;;1625;815;0;2440;1499;785;42;20632;5311;4;2012;1;6723;5;1086;1;;;;;;;;;;;;;;;;;;;;;;;;;;;;;;;3485;3;2015;1;;;;;;;;;;;;;;;;;;;;;;;;;;;;;FW;AK;;;;;;;;;;;;;;
285;535019;Wartenberg;;1936;1262;0;3198;1879;1204;27;33884;5988;3;3504;2;7986;5;;;;;;;;;;;;;;;;;;;;;;;;;;;;;;;;;9488;5;6918;4;;;;;;;;;;;;;;;;;;;;;;;;;;;;;FWGW;WAL;;;;;;;;;;;;;;
286;611000;Kassel, documenta-Stadt;;99178;48284;0;147462;64452;42565;2765;4185028;802551;14;1201167;20;1028529;17;233609;4;236057;4;469800;8;;;94443;2;;;41169;1;;;;;;;;;;;;;;;;;;;77703;1;;;;;;;;;;;;;;;;;;;;;;;;;;;;;;;Rettet die Bienen;;;;;;;;;;;;;;;
287;631001;Bad Salzschlirf;;1910;726;0;2636;1202;680;26;16959;6744;6;;;2766;2;;;;;;;;;;;;;;;;;;;;;;;;;;;;;;;;;7449;7;;;;;;;;;;;;;;;;;;;;;;;;;;;;;;;FWL BS;;;;;;;;;;;;;;;
288;631002;Burghaun, Marktgemeinde;;3243;2021;0;5264;2993;1929;74;84442;40474;15;;;30730;11;;;13238;5;;;;;;;;;;;;;;;;;;;;;;;;;;;;;;;;;;;;;;;;;;;;;;;;;;;;;;;;;;;;;;;;;;;;;;;;;;;;
289;631003;Dipperz;;1714;1135;0;2849;1911;1084;37;26992;10356;6;;;;;;;4056;2;;;;;;;;;;;;;;;;;;;;;;;;;;;;;12580;7;;;;;;;;;;;;;;;;;;;;;;;;;;;;;;;BLGD;;;;;;;;;;;;;;;
290;631004;Ebersburg;;2142;1552;0;3694;2379;1477;48;50482;27995;13;;;9863;4;;;;;;;;;;;;;;;;;;;;;;;;;;;;;;;;;12624;6;;;;;;;;;;;;;;;;;;;;;;;;;;;;;;;FWG;;;;;;;;;;;;;;;
291;631005;Ehrenberg (Rhön);;1353;711;0;2064;1434;675;30;19871;5780;4;;;3487;3;;;;;;;;;;;;;;;;;;;;;;;;;;;;;;;;;10604;8;;;;;;;;;;;;;;;;;;;;;;;;;;;;;;;BLE;;;;;;;;;;;;;;;
292;631006;Eichenzell;;5435;3701;0;9136;5496;3496;106;187443;79274;16;;;39359;8;;;12509;2;;;;;;;;;;;;;;;;;;;;;;;;;;;;;47204;9;9097;2;;;;;;;;;;;;;;;;;;;;;;;;;;;;;Bürgerliste;CWE;;;;;;;;;;;;;;
293;631007;Eiterfeld, Marktgemeinde;;3447;2275;0;5722;3683;2156;94;104480;42925;13;7905;2;9836;3;;;;;;;;;;;;;;;;;;;;;;;;;;;;;;;;;43814;13;;;;;;;;;;;;;;;;;;;;;;;;;;;;;;;FWG;;;;;;;;;;;;;;;
294;631008;Flieden;;4094;2947;0;7041;4349;2806;103;99561;49757;12;8818;2;18007;5;;;4684;1;;;;;;;;;;;;;;;;;;;;;;;;;;;;;18295;5;;;;;;;;;;;;;;;;;;;;;;;;;;;;;;;FDK;;;;;;;;;;;;;;;
295;631009;Fulda, Stadt;;35162;14752;0;49914;23605;13661;853;1242851;527124;25;200809;10;168121;8;89513;4;79202;4;46114;2;;;;;;;28382;1;;;;;;;;;17950;1;;;;;;;28028;1;35661;2;11949;1;9998;0;;;;;;;;;;;;;;;;;;;;;;;;;;;CWE;BfO;Soziale Gerechtigkeit;;;;;;;;;;;;;
296;631010;Gersfeld (Rhön), Stadt;;3019;1448;0;4467;2708;1368;49;76406;24104;10;;;23698;10;;;;;;;;;;;;;;;;;;;;;;;;;;;;;;;;;28604;11;;;;;;;;;;;;;;;;;;;;;;;;;;;;;;;BfG;;;;;;;;;;;;;;;
297;631011;Großenlüder;;4604;2457;0;7061;4117;2338;81;115624;56806;15;;;17514;5;;;;;;;;;;;;;;;;;;;;;;;;;;;;;;;;;41304;11;;;;;;;;;;;;;;;;;;;;;;;;;;;;;;;U-B-L;;;;;;;;;;;;;;;
298;631012;Hilders, Marktgemeinde;;2294;1477;0;3771;2447;1394;49;50461;21116;9;;;;;;;;;;;;;;;;;;;;;;;;;;;;;;;;;;;;;16778;8;8559;4;4008;2;;;;;;;;;;;;;;;;;;;;;;;;;;;CWE;OBH;HA;;;;;;;;;;;;;
299;631013;Hofbieber;;2732;2121;0;4853;3366;2026;80;85805;55139;20;;;4319;2;2845;1;8841;3;;;;;;;;;;;;;;;;;;;;;;;;;;;;;14661;5;;;;;;;;;;;;;;;;;;;;;;;;;;;;;;;CWE;;;;;;;;;;;;;;;
300;631014;Hosenfeld;;2428;1358;0;3786;2368;1270;58;49326;24694;12;;;;;;;;;;;;;;;;;;;;;;;;;;;;;;;;;;;;;24632;11;;;;;;;;;;;;;;;;;;;;;;;;;;;;;;;FWG;;;;;;;;;;;;;;;
301;631015;Hünfeld, Konrad-Zuse-Stadt;;8270;4627;0;12897;7166;4381;162;215035;126456;19;25885;4;21643;3;;;16152;3;;;;;;;;;;;;;;;;;;;;;;;;;;;;;24899;4;;;;;;;;;;;;;;;;;;;;;;;;;;;;;;;CWE;;;;;;;;;;;;;;;
302;631016;Kalbach;;2861;2360;0;5221;3315;2226;65;95006;35630;12;;;33829;11;;;;;;;;;;;;;;;;;;;;;;;;;;;;;;;;;25547;8;;;;;;;;;;;;;;;;;;;;;;;;;;;;;;;BfK;;;;;;;;;;;;;;;
303;631017;Künzell;;7869;5490;0;13359;7340;5085;158;235381;109199;17;38308;6;24850;4;4294;1;13313;2;;;;;;;;;;;;;;;;;;;;;;;;;;;;;43956;7;1461;0;;;;;;;;;;;;;;;;;;;;;;;;;;;;;CWE;FLK;;;;;;;;;;;;;;
304;631018;Neuhof;;5542;3298;0;8840;4938;3098;74;160617;80963;19;16591;4;20613;5;15802;3;;;;;;;;;;;;;;;;;;;;;;;;;;;;;;;26648;6;;;;;;;;;;;;;;;;;;;;;;;;;;;;;;;BLN;;;;;;;;;;;;;;;
305;631019;Nüsttal;;1605;733;0;2338;1511;691;53;19800;14091;11;;;;;;;;;;;;;;;;;;;;;;;;;;;;;;;;;;;;;5709;4;;;;;;;;;;;;;;;;;;;;;;;;;;;;;;;CWE;;;;;;;;;;;;;;;
306;631020;Petersberg;;7653;5159;0;12812;7379;4928;188;244607;103470;16;32616;5;17993;3;;;16688;2;;;;;;;;;;;;;;;;;;;4852;1;;;;;;;;;19257;3;19267;3;30464;4;;;;;;;;;;;;;;;;;;;;;;;;;;;CWE;Die Linke.Offene Liste;Bürgerliste Petersberg;;;;;;;;;;;;;
307;631021;Poppenhausen (Wasserkuppe);;1232;937;0;2169;1553;890;17;22091;9947;7;;;;;;;;;;;;;8673;6;;;;;;;;;;;;;;;;;;;;;;;3471;2;;;;;;;;;;;;;;;;;;;;;;;;;;;;;;;CWE;;;;;;;;;;;;;;;
308;631022;Rasdorf, Point-Alpha-Gemeinde;;712;582;0;1294;888;561;7;12503;9048;11;;;3455;4;;;;;;;;;;;;;;;;;;;;;;;;;;;;;;;;;;;;;;;;;;;;;;;;;;;;;;;;;;;;;;;;;;;;;;;;;;;;;;;;
309;631023;Tann (Rhön), Stadt;;2356;1288;0;3644;2147;1211;62;33366;13699;7;;;10423;5;;;9244;5;;;;;;;;;;;;;;;;;;;;;;;;;;;;;;;;;;;;;;;;;;;;;;;;;;;;;;;;;;;;;;;;;;;;;;;;;;;;
310;632001;Alheim;;2582;1331;0;3913;2333;1273;61;49726;17466;8;5010;2;21653;10;;;5597;3;;;;;;;;;;;;;;;;;;;;;;;;;;;;;;;;;;;;;;;;;;;;;;;;;;;;;;;;;;;;;;;;;;;;;;;;;;;;
311;632002;Bad Hersfeld, Kreisstadt;;15588;7260;0;22848;10193;6721;331;361056;79127;9;45919;5;116821;13;;;41412;4;11434;1;;;;;;;;;;;;;;;;;;;;;;;;;;;27961;3;38382;4;;;;;;;;;;;;;;;;;;;;;;;;;;;;;UBH;FWG;;;;;;;;;;;;;;
312;632003;Bebra, Stadt;;7085;3678;0;10763;5512;3473;153;183367;69945;14;10474;2;47435;10;;;;;;;;;;;;;;;;;;;;;;;;;;;;;;;;;28963;6;26550;5;;;;;;;;;;;;;;;;;;;;;;;;;;;;;GEMEINSAM;Die Besseren FWG;;;;;;;;;;;;;;
313;632004;Breitenbach am Herzberg;;982;470;0;1452;849;445;19;10408;;;;;4959;6;;;;;;;;;;;;;;;;;;;;;;;;;;;;;;;;;5449;7;;;;;;;;;;;;;;;;;;;;;;;;;;;;;;;BFH;;;;;;;;;;;;;;;
314;632005;Cornberg;;814;318;0;1132;613;302;9;6270;581;1;;;3159;6;;;;;;;;;;;;;;;;;;;;;;;;;;;;;;;;;1901;3;629;1;;;;;;;;;;;;;;;;;;;;;;;;;;;;;CBL;F.d.B.;;;;;;;;;;;;;;
315;632006;Friedewald;;1199;819;0;2018;1187;778;30;16377;;;;;9426;9;;;;;;;;;;;;;;;;;;;;;;;;;;;;;;;;;6951;6;;;;;;;;;;;;;;;;;;;;;;;;;;;;;;;OL;;;;;;;;;;;;;;;
316;632007;Hauneck;;1603;1006;0;2609;1584;960;40;27472;5483;4;;;13566;9;;;;;;;;;;;;;;;;;;;;;;;;;;;;;;;;;8423;6;;;;;;;;;;;;;;;;;;;;;;;;;;;;;;;FWG;;;;;;;;;;;;;;;
317;632008;Haunetal;;1618;768;0;2386;1604;734;31;22754;9295;6;;;6865;5;;;;;;;;;;;;;;;;;;;;;;;;;;;;;;;;;6594;4;;;;;;;;;;;;;;;;;;;;;;;;;;;;;;;GfH;;;;;;;;;;;;;;;
318;632009;Heringen (Werra), Stadt;;3831;2159;0;5990;3094;2038;85;86247;16369;6;;;45474;16;;;;;;;;;;;;;;;;;;;;;;;;;;;;;;;;;24404;9;;;;;;;;;;;;;;;;;;;;;;;;;;;;;;;WGH;;;;;;;;;;;;;;;
319;632010;Hohenroda;;1630;909;0;2539;1478;868;31;31361;3598;3;;;14195;10;;;3688;3;;;;;;;;;;;;;;;;;;;;;;;;;;;;;9880;7;;;;;;;;;;;;;;;;;;;;;;;;;;;;;;;FWH;;;;;;;;;;;;;;;
320;632011;Kirchheim;;2062;983;0;3045;1742;923;67;36254;15909;10;;;20345;13;;;;;;;;;;;;;;;;;;;;;;;;;;;;;;;;;;;;;;;;;;;;;;;;;;;;;;;;;;;;;;;;;;;;;;;;;;;;;;;;
321;632012;Ludwigsau;;2998;1551;0;4549;2681;1478;160;51908;;;;;47930;23;;;3978;2;;;;;;;;;;;;;;;;;;;;;;;;;;;;;;;;;;;;;;;;;;;;;;;;;;;;;;;;;;;;;;;;;;;;;;;;;;;;
322;632013;Nentershausen;;1531;668;0;2199;1403;648;41;19760;6996;5;;;12764;10;;;;;;;;;;;;;;;;;;;;;;;;;;;;;;;;;;;;;;;;;;;;;;;;;;;;;;;;;;;;;;;;;;;;;;;;;;;;;;;;
323;632014;Neuenstein;;1909;803;0;2712;1496;772;42;20412;11779;9;;;8633;6;;;;;;;;;;;;;;;;;;;;;;;;;;;;;;;;;;;;;;;;;;;;;;;;;;;;;;;;;;;;;;;;;;;;;;;;;;;;;;;;
324;632015;Niederaula, Marktgemeinde;;2615;1726;0;4341;2575;1653;46;74750;7055;3;3879;2;28346;12;;;;;;;;;;;;;;;;;;;;;;;;;;;;;;;;;20429;8;15041;6;;;;;;;;;;;;;;;;;;;;;;;;;;;;;BLN;WGN;;;;;;;;;;;;;;
325;632016;Philippsthal (Werra), Marktgemeinde;;2247;1193;0;3440;1902;1120;40;40013;8581;5;;;21153;12;;;753;0;;;;;;;;;;;;;;;;;;;;;;;;;;;;;9526;6;;;;;;;;;;;;;;;;;;;;;;;;;;;;;;;FWG;;;;;;;;;;;;;;;
326;632017;Ronshausen;;1005;952;0;1957;1345;915;16;19329;6274;5;;;9155;7;;;1044;1;;;;;;;;;;;;;;;;;;;;;;;;;;;;;2856;2;;;;;;;;;;;;;;;;;;;;;;;;;;;;;;;WGR;;;;;;;;;;;;;;;
327;632018;Rotenburg an der Fulda, Stadt;;7161;3678;0;10839;5650;3428;217;159122;44402;9;;;62340;12;;;11479;2;;;;;;;;;;;;;;;;;;;;;;;;;;;;;40901;8;;;;;;;;;;;;;;;;;;;;;;;;;;;;;;;UBR;;;;;;;;;;;;;;;
328;632019;Schenklengsfeld;;2119;1541;0;3660;2427;1455;82;50577;;;;;18344;8;;;;;;;;;;;;;5865;3;;;;;;;;;;;;;;;;;;;14555;7;11813;5;;;;;;;;;;;;;;;;;;;;;;;;;;;;;Die Bürgerliste;ZuMIT;;;;;;;;;;;;;;
329;632020;Wildeck;;2463;1661;0;4124;2413;1590;50;52417;8627;4;3140;2;23204;10;;;2957;1;;;;;;;;;;;;;;;;;;;;;;;;;;;;;14489;6;;;;;;;;;;;;;;;;;;;;;;;;;;;;;;;FWG;;;;;;;;;;;;;;;
330;633001;Ahnatal;;4644;2062;0;6706;3722;1913;91;80809;25176;7;16148;4;33873;10;;;;;;;;;;;;;;;;;;;;;;;;;;;;;;;;;5612;2;;;;;;;;;;;;;;;;;;;;;;;;;;;;;;;FWG;;;;;;;;;;;;;;;
331;633002;Bad Karlshafen, Stadt;;2013;774;0;2787;1244;715;19;19638;5535;5;807;1;5391;4;898;1;;;;;;;;;;;;;;;;;;;;;;;;;;;;;;;7007;6;;;;;;;;;;;;;;;;;;;;;;;;;;;;;;;FWG;;;;;;;;;;;;;;;
332;633003;Baunatal, Stadt;;15919;6310;0;22229;9519;5751;388;393087;85174;10;76657;9;199986;23;;;31270;3;;;;;;;;;;;;;;;;;;;;;;;;;;;;;;;;;;;;;;;;;;;;;;;;;;;;;;;;;;;;;;;;;;;;;;;;;;;;
333;633004;Breuna;;1799;1144;0;2943;1807;1087;54;38144;14798;9;;;23346;14;;;;;;;;;;;;;;;;;;;;;;;;;;;;;;;;;;;;;;;;;;;;;;;;;;;;;;;;;;;;;;;;;;;;;;;;;;;;;;;;
334;633005;Calden;;4100;1927;0;6027;2994;1804;88;83315;17512;6;;;42866;16;;;;;;;;;;;;;;;;;;;;;;;;;;;;;;;;;22937;9;;;;;;;;;;;;;;;;;;;;;;;;;;;;;;;FWG;;;;;;;;;;;;;;;
335;633006;Bad Emstal;;3443;1450;0;4893;2289;1360;75;52183;;;;;27095;13;;;;;;;;;;;;;;;;;;;;;;;;;;;;;;;;;25088;12;;;;;;;;;;;;;;;;;;;;;;;;;;;;;;;BBE;;;;;;;;;;;;;;;
336;633007;Espenau;;2812;1379;0;4191;2207;1289;74;47243;8609;4;;;13336;7;;;;;;;;;;;;;;;;;;;;;;;;;;;;;;;;;19125;9;6173;3;;;;;;;;;;;;;;;;;;;;;;;;;;;;;FWG;GLE;;;;;;;;;;;;;;
337;633008;Fuldabrück;;3901;3383;0;7284;4103;3174;127;87120;22360;6;10897;3;44614;12;;;2508;0;;;;;;;;;;;;;;;;;;;;;;;;;;;;;6741;2;;;;;;;;;;;;;;;;;;;;;;;;;;;;;;;UBF;;;;;;;;;;;;;;;
338;633009;Fuldatal;;6617;3400;0;10017;4912;3113;222;157690;49717;12;32697;8;61988;14;;;10639;2;;;;;2649;1;;;;;;;;;;;;;;;;;;;;;;;;;;;;;;;;;;;;;;;;;;;;;;;;;;;;;;;;;;;;;;;;;;;;;;
339;633010;Grebenstein, Stadt;;2882;1824;0;4706;2657;1718;59;74836;19200;8;;;30261;12;;;4659;2;;;;;;;;;;;;;;;;;;;;;;;;;;;;;20716;9;;;;;;;;;;;;;;;;;;;;;;;;;;;;;;;GsD;;;;;;;;;;;;;;;
340;633011;Habichtswald;;2805;1503;0;4308;2378;1396;53;50709;9972;5;4209;2;26852;12;;;;;;;;;;;;;;;;;;;;;;;;;;;;;;;;;9676;4;;;;;;;;;;;;;;;;;;;;;;;;;;;;;;;WGH;;;;;;;;;;;;;;;
341;633012;Helsa;;3150;1474;0;4624;2200;1376;50;46711;17341;9;;;20864;10;;;;;;;;;;;;;;;;;;;;;;;;;;;;;;;;;6761;3;1745;1;;;;;;;;;;;;;;;;;;;;;;;;;;;;;GLH;Die mit Herz;;;;;;;;;;;;;;
342;633013;Hofgeismar, Stadt;;8275;3708;0;11983;5615;3488;121;192183;74176;14;;;84446;16;;;9400;2;;;;;;;;;;;;;;;;;;;;;;;;;;;;;24161;5;;;;;;;;;;;;;;;;;;;;;;;;;;;;;;;WSD;;;;;;;;;;;;;;;
343;633014;Immenhausen, Stadt;;3703;2076;0;5779;3008;1963;93;62356;16407;6;;;26692;10;;;1117;0;;;;;;;;;;;;;;;;;;;;;;;;;;;;;18140;7;;;;;;;;;;;;;;;;;;;;;;;;;;;;;;;FL;;;;;;;;;;;;;;;
344;633015;Kaufungen;;7084;3384;0;10468;5279;3156;215;179835;39809;8;24330;5;61664;13;;;;;;;;;;;;;;;;;;;;;;;;;;;;;;;;;32792;7;21240;4;;;;;;;;;;;;;;;;;;;;;;;;;;;;;KWG;GLLK;;;;;;;;;;;;;;
345;633016;Liebenau, Stadt;;1824;774;0;2598;1502;729;20;21344;1841;1;;;6905;5;;;;;781;1;;;;;;;;;;;;;;;;;;;;;;;;;;;8787;6;3030;2;;;;;;;;;;;;;;;;;;;;;;;;;;;;;FWG;WfE;;;;;;;;;;;;;;
346;633017;Lohfelden;;7542;3347;0;10889;5082;3106;183;167967;37851;8;28582;6;78722;17;7129;2;;;;;;;;;;;;;;;;;;;;;;;;;;;;;;;15683;4;;;;;;;;;;;;;;;;;;;;;;;;;;;;;;;U2L;;;;;;;;;;;;;;;
347;633018;Naumburg, Stadt;;2501;1749;0;4250;2463;1647;45;71197;29795;13;;;26965;12;;;;;2879;1;;;;;;;;;;;;;;;;;;;;;;;;;;;11558;5;;;;;;;;;;;;;;;;;;;;;;;;;;;;;;;FWG;;;;;;;;;;;;;;;
348;633019;Nieste;;1145;476;0;1621;922;443;19;13142;3779;4;;;6873;8;;;;;;;;;;;;;;;;;;;;;;;;;;;;;;;;;2490;3;;;;;;;;;;;;;;;;;;;;;;;;;;;;;;;UWN;;;;;;;;;;;;;;;
349;633020;Niestetal;;6012;3041;0;9053;4521;2832;119;129692;36126;9;20025;5;55182;13;;;;;;;;;;;;;;;;;;;;;;;;;;;;;;;;;18359;4;;;;;;;;;;;;;;;;;;;;;;;;;;;;;;;W.i.N.;;;;;;;;;;;;;;;
350;633022;Reinhardshagen;;2351;1278;0;3629;1851;1216;32;40001;2149;1;;;12502;7;;;;;;;;;;;;;;;;;;;;;;;;;;;;;;;;;25350;15;;;;;;;;;;;;;;;;;;;;;;;;;;;;;;;UWG;;;;;;;;;;;;;;;
351;633023;Schauenburg;;5860;2821;0;8681;4691;2643;136;159450;37093;9;22652;5;61031;14;;;;;6866;2;;;;;;;;;;;;;;;;;;;;;;;;;;;31808;7;;;;;;;;;;;;;;;;;;;;;;;;;;;;;;;OFFENSIVE;;;;;;;;;;;;;;;
352;633024;Söhrewald;;2575;1293;0;3868;2100;1203;59;44848;7987;4;;;23735;12;;;;;;;;;;;;;;;;;;;;;;;;;;;;;;;;;13126;7;;;;;;;;;;;;;;;;;;;;;;;;;;;;;;;UNS;;;;;;;;;;;;;;;
353;633025;Trendelburg, Stadt;;2649;1498;0;4147;2464;1435;41;52958;9883;4;;;18223;8;;;;;;;;;;;;;;;;;;;;;;;;;;;;;;;;;24852;11;;;;;;;;;;;;;;;;;;;;;;;;;;;;;;;FWG Trendelburg;;;;;;;;;;;;;;;
354;633026;Vellmar, Stadt;;10760;3899;0;14659;6481;3582;172;216460;63983;11;42102;7;103061;18;7314;1;;;;;;;;;;;;;;;;;;;;;;;;;;;;;;;;;;;;;;;;;;;;;;;;;;;;;;;;;;;;;;;;;;;;;;;;;;;;;;
355;633028;Wolfhagen, Hans-Staden-Stadt;;7019;3261;0;10280;5394;3058;142;154833;48912;10;23395;5;52624;10;;;;;;;;;;;;;;;;;;;;;;;;;;;;;;;;;25076;5;4826;1;;;;;;;;;;;;;;;;;;;;;;;;;;;;;BWB;AGW;;;;;;;;;;;;;;
356;633029;Zierenberg, Stadt;;3532;1877;0;5409;2941;1758;87;84977;17110;6;9964;4;25628;9;;;4073;2;;;;;;;;;;;;;;;;;;;;;;;;;;;;;11311;4;16891;6;;;;;;;;;;;;;;;;;;;;;;;;;;;;;UFW;ZieLe;;;;;;;;;;;;;;
357;633030;Wesertal;;3321;1003;0;4324;2299;950;31;64148;7123;4;;;29617;14;;;;;;;;;;;;;;;;;;;;;;;;;;;;;;;;;27408;13;;;;;;;;;;;;;;;;;;;;;;;;;;;;;;;FWG Wesertal;;;;;;;;;;;;;;;
358;634001;Borken (Hessen), Stadt;;6278;3645;0;9923;5525;3421;191;177986;27998;6;;;62386;13;;;4178;1;1610;0;;;;;;;;;;;;;;;;;;;;;;;;;;;81814;17;;;;;;;;;;;;;;;;;;;;;;;;;;;;;;;FWG;;;;;;;;;;;;;;;
359;634002;Edermünde;;3349;2659;0;6008;3546;2509;116;102025;20491;6;18262;6;43956;13;;;;;;;;;;;;;;;;;;;;;;;;;;;;;;;;;13518;4;5798;2;;;;;;;;;;;;;;;;;;;;;;;;;;;;;FWG;BLE;;;;;;;;;;;;;;
360;634003;Felsberg, Stadt;;5619;2892;0;8511;4743;2707;167;132060;27407;6;19925;5;47190;11;;;8265;2;;;;;;;;;;;;;;;;;;;;;;;;;;;;;29273;7;;;;;;;;;;;;;;;;;;;;;;;;;;;;;;;ULF;;;;;;;;;;;;;;;
361;634004;Frielendorf, Marktflecken;;4003;2039;0;6042;3242;1846;91;73892;14857;5;;;36754;12;;;;;;;;;;;;;;;;;;;;;;;;;;;;;;;;;22281;8;;;;;;;;;;;;;;;;;;;;;;;;;;;;;;;FWGF;;;;;;;;;;;;;;;
362;634005;Fritzlar, Dom- und Kaiserstadt ;;7532;4199;0;11731;6383;3945;206;214633;91122;16;30402;5;57103;10;;;8514;1;;;;;;;;;;;;;;;;;;;;;;;;;;;;;27492;5;;;;;;;;;;;;;;;;;;;;;;;;;;;;;;;FW Fritzlar;;;;;;;;;;;;;;;
363;634006;Gilserberg;;1612;815;0;2427;1521;782;39;21366;7315;5;;;7373;5;;;;;;;;;;;;;;;;;;;;;;;;;;;;;;;;;6678;5;;;;;;;;;;;;;;;;;;;;;;;;;;;;;;;BLH;;;;;;;;;;;;;;;
364;634007;Gudensberg, Stadt;;5030;2837;0;7867;4102;2630;106;117537;19494;5;14620;4;42968;11;;;;;;;;;;;;;;;;;;;;;;;;;;;;;;;;;9254;3;31201;8;;;;;;;;;;;;;;;;;;;;;;;;;;;;;BG;FWG Gudensberg;;;;;;;;;;;;;;
365;634008;Guxhagen;;2435;1964;0;4399;2718;1873;60;77922;8871;4;10320;4;35311;14;;;;;;;;;;;;;;;;;;;;;;;;;;;;;;;;;23420;9;;;;;;;;;;;;;;;;;;;;;;;;;;;;;;;GL-FWG;;;;;;;;;;;;;;;
366;634009;Homberg (Efze), Reformationsstadt, Kreisstadt;;7702;3173;0;10875;5170;3109;192;170349;49349;11;19829;4;53102;12;;;10521;2;;;;;;;;;;;;;;;;;;;;;;;;;;;;;37548;8;;;;;;;;;;;;;;;;;;;;;;;;;;;;;;;FWG;;;;;;;;;;;;;;;
367;634010;Jesberg;;1050;849;0;1899;1206;809;24;16912;5295;5;1676;1;7931;7;;;;;;;;;;;;;;;;;;;;;;;;;;;;;;;;;2010;2;;;;;;;;;;;;;;;;;;;;;;;;;;;;;;;BL WfJ;;;;;;;;;;;;;;;
368;634011;Knüllwald;;2390;1340;0;3730;2228;1284;68;46459;6689;3;;;17497;9;;;;;;;;;;;;;;;;;;;;;;;;;;;;;;;;;9241;5;13032;6;;;;;;;;;;;;;;;;;;;;;;;;;;;;;UKW;Gut für Knüllwald;;;;;;;;;;;;;;
369;634012;Körle;;1480;1010;0;2490;1576;957;64;21459;8572;6;;;12887;9;;;;;;;;;;;;;;;;;;;;;;;;;;;;;;;;;;;;;;;;;;;;;;;;;;;;;;;;;;;;;;;;;;;;;;;;;;;;;;;;
370;634013;Malsfeld;;1827;1406;0;3233;2109;1380;58;44894;5135;3;;;17145;9;;;4655;2;;;;;;;;;;;;;;;;;;;;;;;;;;;;;11043;6;6916;3;;;;;;;;;;;;;;;;;;;;;;;;;;;;;GL;GiB;;;;;;;;;;;;;;
371;634014;Melsungen, Stadt;;6504;4222;0;10726;6014;3946;222;200794;31059;6;30473;6;74474;14;;;39967;7;;;;;;;;;;;;;;;;;;;;;;;;;;;;;24821;4;;;;;;;;;;;;;;;;;;;;;;;;;;;;;;;FWG;;;;;;;;;;;;;;;
372;634015;Morschen;;1798;920;0;2718;1602;882;36;25474;1386;1;;;9159;6;;;4129;3;;;;;;;;;;;;;;;;;;;;;;;;;;;;;10800;7;;;;;;;;;;;;;;;;;;;;;;;;;;;;;;;FW-Morschen;;;;;;;;;;;;;;;
373;634016;Neuental;;1401;1162;0;2563;1635;1080;52;33935;9861;7;;;13825;9;;;2592;2;;;;;;;;;;;;;;;;;;;;;;;;;;;;;7657;5;;;;;;;;;;;;;;;;;;;;;;;;;;;;;;;BL;;;;;;;;;;;;;;;
374;634017;Neukirchen, Stadt;;3622;1861;0;5483;2828;1830;88;79570;21518;8;4940;2;23525;9;;;9720;4;;;;;;;;;;;;;;;;;;;;;;;;;;;;;10501;4;9366;4;;;;;;;;;;;;;;;;;;;;;;;;;;;;;UBL;FWG;;;;;;;;;;;;;;
375;634018;Niedenstein, Stadt;;2538;1935;0;4473;2677;1823;68;56813;10508;4;9578;4;15651;6;;;;;;;;;;;;;;;;;;;;;;;;;;;;;;;;;21076;9;;;;;;;;;;;;;;;;;;;;;;;;;;;;;;;FWG;;;;;;;;;;;;;;;
376;634019;Oberaula;;1539;1132;0;2671;1529;1082;43;32523;17044;12;;;10804;8;;;;;;;;;;;;;;;;;;;;;;;;;;;;;;;;;4675;3;;;;;;;;;;;;;;;;;;;;;;;;;;;;;;;FLO;;;;;;;;;;;;;;;
377;634020;Ottrau;;948;844;0;1792;1219;818;18;17375;5243;4;;;4318;4;;;;;;;;;;;;;;;;;;;;;;;;;;;;;;;;;3051;3;4763;4;;;;;;;;;;;;;;;;;;;;;;;;;;;;;UWG;FWG;;;;;;;;;;;;;;
378;634021;Schrecksbach;;1623;904;0;2527;1418;857;32;22095;4081;3;;;11816;9;;;;;;;;;;;;;;;;;;;;;;;;;;;;;;;;;6198;5;;;;;;;;;;;;;;;;;;;;;;;;;;;;;;;UWG;;;;;;;;;;;;;;;
379;634022;Schwalmstadt, Konfirmationsstadt;;9490;4854;0;14344;6867;4475;185;232489;51203;8;21114;3;67943;11;;;16504;3;7891;1;;;40784;7;;;;;;;;;;;;;;;;;;;;;;;27050;4;;;;;;;;;;;;;;;;;;;;;;;;;;;;;;;BfS;;;;;;;;;;;;;;;
380;634023;Schwarzenborn, Stadt;;587;338;0;925;515;323;15;7369;2095;4;;;2948;6;;;;;;;;;;;;;;;;;;;;;;;;;;;;;;;;;2326;5;;;;;;;;;;;;;;;;;;;;;;;;;;;;;;;UBL;;;;;;;;;;;;;;;
381;634024;Spangenberg, Liebenbachstadt;;3336;1484;0;4820;2659;1409;118;54012;17527;8;;;29248;12;;;7237;3;;;;;;;;;;;;;;;;;;;;;;;;;;;;;;;;;;;;;;;;;;;;;;;;;;;;;;;;;;;;;;;;;;;;;;;;;;;;
382;634025;Wabern;;3901;2114;0;6015;3272;1976;117;91428;15679;5;;;38263;13;;;4808;2;;;;;;;;;;;;;;;;;;;;;;;;;;;;;32678;11;;;;;;;;;;;;;;;;;;;;;;;;;;;;;;;FWG;;;;;;;;;;;;;;;
383;634026;Willingshausen;;2250;1720;0;3970;2362;1616;56;49678;15702;7;;;17066;8;;;827;0;;;;;;;;;;;;;;;;;;;;;;;;;;;;;9622;5;6461;3;;;;;;;;;;;;;;;;;;;;;;;;;;;;;BGL/FWG;FFW;;;;;;;;;;;;;;
384;634027;Bad Zwesten;;1948;1213;0;3161;1801;1115;44;38665;11362;7;7197;4;14424;9;;;;;;;;;;;;;;;;;;;;;;;;;;;;;;;;;5682;3;;;;;;;;;;;;;;;;;;;;;;;;;;;;;;;BL;;;;;;;;;;;;;;;
385;635001;Allendorf (Eder);;2896;1355;0;4251;2141;1300;40;60876;22020;11;;;12823;7;;;;;;;;;;;;;;;;;;;;;;;;;;;;;;;;;26033;13;;;;;;;;;;;;;;;;;;;;;;;;;;;;;;;BLO;;;;;;;;;;;;;;;
386;635002;Bad Arolsen, Stadt;;8714;3912;0;12626;5988;3663;194;200325;67478;12;31232;6;47775;9;;;15889;3;;;;;;;;;;;;;;;;;;;;;;;;;;;;;20364;4;17587;3;;;;;;;;;;;;;;;;;;;;;;;;;;;;;FW;OL;;;;;;;;;;;;;;
387;635003;Bad Wildungen, Stadt;;10211;3594;0;13805;6086;3244;241;200352;63967;12;31175;6;47501;9;;;13844;2;8868;2;;;34997;6;;;;;;;;;;;;;;;;;;;;;;;;;;;;;;;;;;;;;;;;;;;;;;;;;;;;;;;;;;;;;;;;;;;;;;
388;635004;Battenberg (Eder), Stadt;;2824;1489;0;4313;2436;1418;54;68025;11101;5;;;10817;5;2264;1;4271;2;;;;;;;;;;;;;;;;;;;;;;;;;;;;;15129;7;11868;5;12143;6;432;0;;;;;;;;;;;;;;;;;;;;;;;;;BLB;BLLFB;BLD;LuB;;;;;;;;;;;;
389;635005;Bromskirchen;;1042;489;0;1531;838;463;21;11489;;;;;;;;;;;;;;;;;;;;;;;;;;;;;;;;;;;;;;;8612;11;2877;4;;;;;;;;;;;;;;;;;;;;;;;;;;;;;BLB;BLS;;;;;;;;;;;;;;
390;635006;Burgwald;;2704;1244;0;3948;2230;1195;46;47502;4687;2;;;5919;3;;;1319;1;;;;;;;;;;;;;;;;;;;;;;;;;;;;;9646;5;10925;5;8194;4;4001;2;2811;1;;;;;;;;;;;;;;;;;;;;;;;BLE;WGBo;FWG;BLB;BfU;;;;;;;;;;;
391;635007;Diemelsee;;2516;1364;0;3880;2549;1295;66;54201;15201;7;;;17294;7;;;11800;5;;;;;;;;;;;;;;;;;;;;;;;;;;;;;9906;4;;;;;;;;;;;;;;;;;;;;;;;;;;;;;;;FWG;;;;;;;;;;;;;;;
392;635008;Diemelstadt, Stadt;;2487;1697;0;4184;2379;1614;55;54439;16192;7;5066;2;16425;8;;;;;;;;;;;;;;;;;;;;;;;;;;;;;;;;;16756;8;;;;;;;;;;;;;;;;;;;;;;;;;;;;;;;FWG;;;;;;;;;;;;;;;
393;635009;Edertal, Nationalparkgemeinde;;2845;2381;0;5226;3332;2227;100;94530;17700;6;13443;4;27303;9;;;7132;2;;;;;18036;6;;;;;;;;;;;;;;;;;;;;;;;10916;4;;;;;;;;;;;;;;;;;;;;;;;;;;;;;;;WIR;;;;;;;;;;;;;;;
394;635010;Frankenau, Nationalparkstadt;;1343;934;0;2277;1569;1012;30;22256;2202;2;;;7650;5;;;;;;;495;0;;;;;;;;;;;;;;;;;;;;;;;;;7597;5;4312;3;;;;;;;;;;;;;;;;;;;;;;;;;;;;;FB;GLF;;;;;;;;;;;;;;
395;635011;Frankenberg (Eder), Philipp-Soldan-Stadt;;10414;3799;0;14213;6697;3510;218;188820;66543;11;36770;6;42802;7;;;13498;2;;;;;;;;;;;;;;;;;;;;;;;;;;;;;29207;5;;;;;;;;;;;;;;;;;;;;;;;;;;;;;;;FWF;;;;;;;;;;;;;;;
396;635012;Gemünden (Wohra), Stadt;;2079;946;0;3025;1539;895;42;33274;14981;10;;;4898;4;;;;;;;;;;;;;;;;;;;;;;;;;;;;;;;;;13395;9;;;;;;;;;;;;;;;;;;;;;;;;;;;;;;;BL;;;;;;;;;;;;;;;
397;635013;Haina (Kloster);;1946;922;0;2868;1598;876;25;33975;;;;;10818;7;;;;;;;;;;;;;;;;;;;;;;;;;;;;;;;;;7398;5;6416;5;9343;6;;;;;;;;;;;;;;;;;;;;;;;;;;;FBL;BGH;UBK;;;;;;;;;;;;;
398;635014;Hatzfeld (Eder), Stadt;;1565;877;0;2442;1457;837;22;20728;3264;2;;;2439;2;;;;;;;;;;;;;;;;;;;;;;;;;;;;;;;;;5290;4;5084;4;3051;2;1600;1;;;;;;;;;;;;;;;;;;;;;;;;;BL;BLR;BLH;BLE;;;;;;;;;;;;
399;635015;Korbach, Hansestadt, Kreisstadt;;12862;5206;0;18068;8158;4858;276;229418;56649;8;36293;5;54803;7;;;24495;3;;;;;;;;;;;;;;;;;;;;;;;;;;;;;40682;6;16496;2;;;;;;;;;;;;;;;;;;;;;;;;;;;;;FW;Die aktiven Bürger;;;;;;;;;;;;;;
400;635016;Lichtenfels, Stadt;;1810;1469;0;3279;2153;1391;81;45154;11880;6;3569;2;7063;3;;;9248;5;;;;;;;;;;;;;;;;;;;;;;;;;;;;;12123;6;1271;1;;;;;;;;;;;;;;;;;;;;;;;;;;;;;WGL;BL;;;;;;;;;;;;;;
401;635017;Rosenthal, Stadt;;1196;550;0;1746;1064;522;24;14798;5498;5;;;;;;;5604;6;;;;;;;;;;;;;;;;;;;;;;;;;;;;;3696;4;;;;;;;;;;;;;;;;;;;;;;;;;;;;;;;BLR;;;;;;;;;;;;;;;
402;635018;Twistetal;;2149;1324;0;3473;2162;1268;78;44814;14700;7;5769;3;8376;4;;;8989;5;;;;;;;;;;;;;;;;;;;;;;;;;;;;;6980;4;;;;;;;;;;;;;;;;;;;;;;;;;;;;;;;WGT;;;;;;;;;;;;;;;
403;635019;Vöhl, Nationalparkgemeinde;;3087;1524;0;4611;2769;1450;61;77931;17253;7;;;24775;10;;;6968;3;;;;;;;;;;;;;;;;;;;;;;;;;;;;;18846;7;10089;4;;;;;;;;;;;;;;;;;;;;;;;;;;;;;FW;BI-Grüne Liste Vöhl;;;;;;;;;;;;;;
404;635020;Volkmarsen, Stadt;;3543;1950;0;5493;3068;1857;54;89505;30037;10;11236;4;19154;7;5679;2;;;;;;;;;;;;;;;;;;;;;;;;;;;;;;;23399;8;;;;;;;;;;;;;;;;;;;;;;;;;;;;;;;FWG;;;;;;;;;;;;;;;
405;635021;Waldeck, Stadt;;3514;2233;0;5747;3401;2131;74;96370;32340;10;17671;6;20327;7;;;10579;3;;;;;;;;;;;;;;;;;;;;;;;;;;;;;15453;5;;;;;;;;;;;;;;;;;;;;;;;;;;;;;;;FWG;;;;;;;;;;;;;;;
406;635022;Willingen (Upland);;3244;1768;0;5012;2739;1668;38;78044;24215;10;;;16888;7;;;20683;8;;;;;;;;;;;;;;;;;;;;;;;;;;;;;16258;6;;;;;;;;;;;;;;;;;;;;;;;;;;;;;;;FW;;;;;;;;;;;;;;;
407;636001;Bad Sooden-Allendorf, Stadt;;3817;2788;0;6605;4282;3023;162;104296;46963;12;17660;5;24690;6;;;;;;;;;;;;;;;;;;;;;;;;;;;;;;;;;14983;4;;;;;;;;;;;;;;;;;;;;;;;;;;;;;;;FWG-BSA;;;;;;;;;;;;;;;
408;636002;Berkatal;;708;526;0;1234;840;505;16;11877;3717;5;;;4007;5;;;;;;;;;;;;;;;;;;;;;;;;;;;;;;;;;4153;5;;;;;;;;;;;;;;;;;;;;;;;;;;;;;;;ÜWG;;;;;;;;;;;;;;;
409;636003;Eschwege, Kreisstadt;;9983;5694;0;15677;7974;5229;232;266394;117901;16;28636;4;83983;12;;;11803;2;9946;1;;;;;;;;;;;;;;;;;;;;;;;;;;;14125;2;;;;;;;;;;;;;;;;;;;;;;;;;;;;;;;FWG;;;;;;;;;;;;;;;
410;636004;Großalmerode, Stadt;;3375;1972;0;5347;2729;1828;65;76866;9653;4;;;29379;12;;;;;;;;;;;;;;;;;;;;;;;;;;;;;;;;;37834;15;;;;;;;;;;;;;;;;;;;;;;;;;;;;;;;WG;;;;;;;;;;;;;;;
411;636005;Herleshausen;;1610;693;0;2303;1366;675;29;19177;5811;5;;;6403;5;;;;;;;;;;;;;;;;;;;;;;;;;;;;;;;;;6963;5;;;;;;;;;;;;;;;;;;;;;;;;;;;;;;;WSRG;;;;;;;;;;;;;;;
412;636006;Hessisch Lichtenau, Stadt;;6708;3267;0;9975;4824;3069;207;159157;41508;10;;;56929;13;;;;;;;;;;;;;;;;;;;;;;;;;;;;;;;;;16921;4;25336;6;18463;4;;;;;;;;;;;;;;;;;;;;;;;;;;;Bürgerliste;FWG;GLB;;;;;;;;;;;;;
413;636007;Meinhard;;2370;1508;0;3878;2455;1436;68;51537;7784;3;;;21625;10;;;3825;2;;;;;;;;;;;;;;;;;;;;;;;;;;;;;18303;8;;;;;;;;;;;;;;;;;;;;;;;;;;;;;;;ÜWG-Meinhard;;;;;;;;;;;;;;;
414;636008;Meißner;;1437;1095;0;2532;1723;1024;38;24036;5601;3;;;12826;8;;;;;;;;;;;;;;;;;;;;;;;;;;;;;;;;;5609;4;;;;;;;;;;;;;;;;;;;;;;;;;;;;;;;ÜWG;;;;;;;;;;;;;;;
415;636009;Neu-Eichenberg;;1018;508;0;1526;1056;497;22;15236;1988;2;2504;2;4566;5;;;;;693;1;;;;;;;;;;;;;;;;;;;;;;;;;;;5485;5;;;;;;;;;;;;;;;;;;;;;;;;;;;;;;;MfNEB;;;;;;;;;;;;;;;
416;636010;Ringgau;;1617;826;0;2443;1621;793;43;22576;4049;3;;;6213;4;;;;;;;;;;;;;;;;;;;;;;;;;;;;;;;;;6555;4;5759;4;;;;;;;;;;;;;;;;;;;;;;;;;;;;;ÜWG Ringgau;ILR;;;;;;;;;;;;;;
417;636011;Sontra, Stadt;;4844;1282;0;6126;3015;1206;97;83420;22160;8;;;49755;19;;;;;;;;;;;;;;;;;;;;;;;;;;;;;;;;;11505;4;;;;;;;;;;;;;;;;;;;;;;;;;;;;;;;Bürger für Sontra;;;;;;;;;;;;;;;
418;636012;Waldkappel, Stadt;;2702;933;0;3635;2154;1046;65;45786;12815;6;4999;3;14746;7;;;;;;;;;;;;;;;;;;;;;;;;;;;;;;;;;13226;7;;;;;;;;;;;;;;;;;;;;;;;;;;;;;;;ÜWG;;;;;;;;;;;;;;;
419;636013;Wanfried, Stadt;;2223;1261;0;3484;2114;1179;32;37076;19636;10;;;10723;6;;;;;2042;1;;;;;;;;;;;;;;;;;;;;;;;;;;;4675;2;;;;;;;;;;;;;;;;;;;;;;;;;;;;;;;FWG;;;;;;;;;;;;;;;
420;636014;Wehretal;;2460;1648;0;4108;2410;1528;50;51158;9815;4;;;22450;10;;;1861;1;;;;;;;;;;;;;;;;;;;;;;;;;;;;;17032;8;;;;;;;;;;;;;;;;;;;;;;;;;;;;;;;FWG-W;;;;;;;;;;;;;;;
421;636015;Weißenborn;;528;320;0;848;525;311;11;7249;1392;3;;;2471;5;;;;;;;;;;;;;;;;;;;;;;;;;;;;;;;;;3386;7;;;;;;;;;;;;;;;;;;;;;;;;;;;;;;;FWG;;;;;;;;;;;;;;;
422;636016;Witzenhausen, Stadt;;8070;4097;0;12167;6857;3787;258;229173;54883;9;42568;7;65501;11;;;15457;2;8515;1;;;;;;;6833;1;;;;;;;;;;;;;;;;;;;18941;3;16475;3;;;;;;;;;;;;;;;;;;;;;;;;;;;;;FWG;AfW;;;;;;;;;;;;;;
