KreisNr,GemeindeNr,Gemeindename,Anzahl Stimmbezirke,Zu vergebene Sitze,Mehrheitswahl,Wahlberechtiget,Wähler,Wahlbeteiligung,Ungültige Stimmabgaben,Gültige Stimmabgaben,Gültige Stimmen,CDU,DIE LINKE,SPD,AfD,GRÜNE,FDP,Sonstige
51,51000,"Erfurt, Stadt",176,50,,172389,100724,58.4,3232,97492,289922,10,8,9,7,6,3,7
52,52000,"Gera, Stadt",93,42,,78537,44228,56.3,1420,42808,126400,6,8,3,12,3,1,9
53,53000,"Jena, Stadt",114,46,,84990,53661,63.1,1121,52540,155905,6,9,6,5,9,6,5
54,54000,"Suhl, Stadt",36,36,,31916,17446,54.7,361,17085,50782,11,7,4,4,2,1,7
55,55000,"Weimar, Stadt",70,42,,51736,31841,61.5,1155,30686,91182,7,7,6,5,8,1,8
56,56000,"Eisenach, Stadt",47,36,,34446,19960,57.9,351,19609,57981,7,8,4,4,4,2,7
61,61001,Arenshausen,1,8,,825,532,64.5,21,511,1522,3,-,-,-,-,-,5
61,61002,Asbach-Sickenberg,1,6,x,82,70,85.4,1,69,300,-,-,-,-,-,-,6
61,61003,Berlingerode,1,12,,1015,621,61.2,15,606,1795,8,-,-,-,-,-,4
61,61007,Birkenfelde,1,8,x,477,330,69.2,7,323,2020,-,-,-,-,-,-,8
61,61012,Bodenrode-Westhausen,2,12,,926,660,71.3,10,650,1905,5,-,-,-,-,-,7
61,61014,Bornhagen,1,6,x,205,169,82.4,9,160,670,-,-,-,-,-,-,6
61,61015,Brehme,1,12,,915,632,69.1,14,618,1834,5,-,-,-,-,-,7
61,61017,Breitenworbis,2,16,,2753,1740,63.2,36,1704,5058,7,-,2,-,-,-,7
61,61018,Büttstedt,1,8,x,713,445,62.4,22,423,1962,7,-,-,-,-,-,1
61,61019,Buhla,2,6,,422,265,62.8,14,251,747,-,-,4,-,-,-,2
61,61021,Burgwalde,1,6,,197,144,73.1,12,132,394,-,-,-,-,-,-,6
61,61023,Dieterode,1,6,x,62,52,83.9,-,52,287,-,-,-,-,-,-,6
61,61024,Dietzenrode/Vatterode,1,6,x,103,93,90.3,1,92,464,-,-,-,-,-,-,6
61,61026,Ecklingerode,1,8,,593,380,64.1,17,363,1089,1,-,-,-,-,-,7
61,61027,Effelder,1,12,x,1010,654,64.8,57,597,5047,-,-,-,-,-,-,12
61,61028,Eichstruth,1,6,x,71,64,90.1,3,61,312,-,-,-,-,-,-,6
61,61031,Ferna,1,8,x,491,348,70.9,14,334,2117,8,-,-,-,-,-,-
61,61032,Freienhagen,1,6,x,237,191,80.6,17,174,910,-,-,-,-,-,-,6
61,61033,Fretterode,1,6,,150,113,75.3,6,107,321,-,-,-,-,-,-,6
61,61034,Geisleden,1,8,x,838,535,63.8,5,530,3305,-,-,-,-,-,-,8
61,61035,Geismar,3,12,,927,613,66.1,27,586,1713,5,-,-,-,-,-,7
61,61036,Gerbershausen,1,8,x,507,399,78.7,3,396,2182,8,-,-,-,-,-,-
61,61037,Gernrode,1,12,,1244,900,72.3,15,885,2627,7,-,-,-,-,-,5
61,61039,Glasehausen,1,6,x,141,115,81.6,-,115,641,-,-,-,-,-,-,6
61,61041,Großbartloff,1,8,x,771,520,67.4,14,506,2764,8,-,-,-,-,-,-
61,61044,Haynrode,1,8,,556,348,62.6,18,330,980,3,-,-,-,-,-,5
61,61045,"Heilbad Heiligenstadt, Stadt",18,24,,14090,8564,60.8,156,8408,24951,9,2,1,2,2,1,7
61,61047,Heuthen,1,8,,595,450,75.6,12,438,1297,3,-,-,2,-,-,3
61,61048,Hohengandern,1,8,,473,344,72.7,12,332,995,1,-,-,-,-,-,7
61,61049,Hohes Kreuz,4,12,,1068,719,67.3,39,680,2022,8,-,-,-,-,-,4
61,61056,Kella,1,6,x,411,298,72.5,17,281,1165,-,-,-,-,-,-,6
61,61057,Kirchgandern,1,8,,479,357,74.5,23,334,994,5,-,-,-,-,-,3
61,61058,Kirchworbis,1,12,x,1104,742,67.2,23,719,6206,-,-,-,-,-,-,12
61,61062,Krombach,1,6,x,147,114,77.6,4,110,630,-,-,-,-,-,-,6
61,61063,Küllstedt,1,12,,1124,789,70.2,25,764,2285,7,-,-,-,-,-,5
61,61065,Lenterode,1,6,,263,189,71.9,6,183,539,2,-,-,-,-,-,4
61,61066,Lindewerra,1,6,,207,180,87,3,177,522,-,-,-,-,-,-,6
61,61067,Lutter,1,8,x,599,417,69.6,4,413,2236,7,-,-,-,-,-,1
61,61068,Mackenrode,1,6,,255,199,78,3,196,588,2,-,-,1,-,-,3
61,61069,Marth,1,6,,280,197,70.4,2,195,583,1,-,-,-,1,-,4
61,61074,Niederorschel,8,32,,4553,3377,74.2,82,3295,9857,16,-,2,2,-,-,12
61,61075,Pfaffschwende,1,6,,243,185,76.1,8,177,531,-,-,-,-,-,-,6
61,61076,Reinholterode,1,8,,638,503,78.8,20,483,1449,4,-,-,-,-,-,4
61,61077,Röhrig,1,6,x,202,154,76.2,7,147,766,-,-,-,-,-,-,6
61,61078,Rohrberg,1,6,,196,157,80.1,8,149,440,4,-,-,-,-,-,2
61,61082,Rustenfelde,1,6,,398,294,73.9,8,286,856,4,-,-,-,-,-,2
61,61083,Schachtebich,1,6,,195,155,79.5,7,148,437,-,-,-,-,-,-,6
61,61084,Schönhagen,1,6,,108,88,81.5,3,85,255,-,-,-,-,1,-,5
61,61085,Schwobfeld,1,6,x,93,71,76.3,-,71,344,-,-,-,-,-,-,6
61,61086,Sickerode,1,6,x,118,83,70.3,2,81,418,-,-,-,-,-,-,6
61,61089,Steinbach,1,8,,447,292,65.3,18,274,810,5,-,-,-,-,-,3
61,61091,Steinheuterode,1,6,,229,200,87.3,2,198,588,4,-,-,-,-,-,2
61,61094,Tastungen,1,6,,184,143,77.7,6,137,411,1,-,-,-,-,-,5
61,61096,Thalwenden,1,6,x,302,201,66.6,6,195,904,-,-,-,-,-,-,6
61,61097,Uder,3,14,,2163,1369,63.3,36,1333,3945,10,-,-,-,-,-,4
61,61098,Volkerode,1,6,x,204,129,63.2,23,106,570,-,-,-,-,-,-,6
61,61101,Wachstedt,1,6,,399,278,69.7,17,261,773,4,-,-,-,-,2,-
61,61102,Wahlhausen,1,6,x,239,182,76.2,8,174,957,-,-,-,-,-,-,6
61,61103,Wehnde,1,6,,321,235,73.2,12,223,662,-,-,-,-,-,-,6
61,61105,Wiesenfeld,1,6,x,189,144,76.2,3,141,713,-,-,-,-,-,-,6
61,61107,Wingerode,1,12,,995,693,69.6,13,680,2029,10,-,-,-,-,-,2
61,61111,Wüstheuterode,1,8,x,505,339,67.1,5,334,1767,-,-,-,-,-,-,8
61,61113,Schimberg,4,14,,1845,1197,64.9,63,1134,3374,6,-,-,-,-,-,8
61,61114,Teistungen,3,14,,2103,1369,65.1,37,1332,3953,6,-,-,-,-,5,3
61,61115,"Leinefelde-Worbis, Stadt",19,30,,16790,9422,56.1,176,9246,27390,16,3,2,4,-,1,4
61,61116,Am Ohmberg,7,16,,3142,1896,60.3,49,1847,5473,7,-,-,-,-,-,9
61,61117,Sonnenstein,10,16,,3896,2681,68.8,82,2599,7692,9,-,-,-,-,-,7
61,61118,"Dingelstädt, Stadt",9,20,,5842,3716,63.6,89,3627,10816,11,1,-,2,-,1,5
62,62005,"Ellrich, Stadt",10,20,,4563,2972,65.1,150,2822,8360,6,3,4,-,2,2,3
62,62008,Görsbach,1,12,x,896,574,64.1,10,564,5090,-,-,-,-,-,-,12
62,62009,Großlohra,2,8,,772,501,64.9,18,483,1433,3,-,-,-,-,-,5
62,62024,Kehmstedt,1,6,x,390,277,71,6,271,1368,-,-,-,-,-,-,6
62,62026,Kleinfurra,2,12,x,897,548,61.1,16,532,4532,-,-,-,-,-,-,12
62,62033,Lipprechterode,1,8,,449,302,67.3,20,282,842,-,-,-,-,-,-,8
62,62037,Niedergebra,1,8,,556,392,70.5,17,375,1121,5,-,-,-,-,-,3
62,62041,"Nordhausen, Stadt",42,36,,34843,18620,53.4,467,18153,53819,8,8,6,8,3,3,-
62,62049,Sollstedt,4,14,,2487,1430,57.5,50,1380,4085,4,3,3,-,-,-,4
62,62054,Urbach,1,8,,769,527,68.5,29,498,1447,-,-,-,-,-,-,8
62,62062,Hohenstein,9,14,,1852,1361,73.5,67,1294,3816,-,-,-,-,-,3,11
62,62063,Werther,10,16,,2752,1893,68.8,105,1788,5339,4,2,2,-,-,-,8
62,62064,"Heringen/Helme, Stadt",6,16,,4077,2552,62.6,182,2370,6960,6,2,-,-,-,-,8
62,62065,Harztor,9,20,,6500,3978,61.2,153,3825,11318,8,-,1,-,1,1,9
62,62066,"Bleicherode, Stadt",18,34,,9068,5460,60.2,261,5199,15402,10,5,4,4,-,3,8
63,63003,"Bad Salzungen, Stadt",25,30,,16930,9390,55.5,254,9136,27129,5,4,1,4,1,1,14
63,63004,Barchfeld-Immelborn,4,16,,3941,2368,60.1,60,2308,6883,5,2,-,-,-,-,9
63,63006,Berka v. d. Hainich,1,8,x,623,393,63.1,8,385,2491,-,-,-,-,-,-,8
63,63008,Bischofroda,1,8,,543,381,70.2,14,367,1091,-,-,-,-,-,-,8
63,63011,Buttlar,3,12,,1068,801,75,22,779,2321,9,-,-,-,3,-,-
63,63013,"Creuzburg, Stadt",4,14,,1972,1341,68,58,1283,3775,6,-,3,-,-,-,5
63,63015,Dermbach,12,24,,6390,4151,65,159,3992,11735,-,-,-,-,-,-,24
63,63019,Ebenshausen,1,6,x,252,164,65.1,6,158,760,-,-,-,-,-,-,6
63,63023,Empfertshausen,1,8,,470,266,56.6,31,235,676,2,-,-,-,-,-,6
63,63028,Frankenroda,1,6,,288,164,56.9,20,144,410,2,-,-,-,-,-,4
63,63032,"Geisa, Stadt",10,16,,3844,2702,70.3,66,2636,7794,12,2,-,2,-,-,-
63,63033,Gerstengrund,1,6,x,51,50,98,-,50,267,6,-,-,-,-,-,-
63,63037,Hallungen,1,6,,172,131,76.2,9,122,365,-,-,-,-,-,-,6
63,63046,Krauthausen,3,12,,1391,969,69.7,32,937,2764,-,-,-,-,-,-,12
63,63049,Lauterbach,1,8,,551,383,69.5,18,365,1088,-,-,-,-,-,-,8
63,63051,Leimbach,2,12,,1467,905,61.7,18,887,2636,-,2,-,-,-,-,10
63,63055,Mihla,2,14,,1862,1159,62.2,29,1130,3351,3,-,1,-,-,1,9
63,63058,Nazza,1,8,x,466,293,62.9,16,277,1570,-,-,-,-,-,-,8
63,63062,Oechsen,1,8,x,528,337,63.8,13,324,2100,-,-,-,-,-,-,8
63,63066,"Ruhla, Stadt",9,20,,4828,2928,60.6,49,2879,8518,6,-,2,3,-,-,9
63,63068,Schleid,3,12,x,847,642,75.8,12,630,4822,12,-,-,-,-,-,-
63,63071,Seebach,3,12,,1618,1104,68.2,34,1070,3144,7,-,-,-,-,-,5
63,63076,"Treffurt, Stadt",7,20,,5268,3221,61.1,125,3096,9177,6,-,-,-,-,-,14
63,63078,Unterbreizbach,5,16,,2945,1852,62.9,68,1784,5272,5,2,9,-,-,-,-
63,63082,"Vacha, Stadt",8,20,,4401,2708,61.5,107,2601,7700,-,-,-,-,-,-,20
63,63084,Weilar,1,8,x,711,399,56.1,9,390,2203,-,-,-,-,-,-,8
63,63086,Wiesenthal,1,8,,648,418,64.5,40,378,1134,-,-,-,-,-,-,8
63,63092,Wutha-Farnroda,6,20,,5234,3132,59.8,81,3051,8907,5,2,-,4,1,-,8
63,63094,Moorgrund,8,16,,2881,1933,67.1,60,1873,5540,11,-,-,-,-,-,5
63,63097,Gerstungen,15,20,,7876,4796,60.9,176,4620,13758,4,-,-,-,-,1,15
63,63098,Hörselberg-Hainich,13,20,,5191,3331,64.2,146,3185,9400,-,-,-,-,-,-,20
63,63099,"Bad Liebenstein, Stadt",6,20,,6751,3782,56,92,3690,10961,10,3,2,-,1,-,4
63,63101,Krayenberggemeinde,5,20,,4324,2462,56.9,64,2398,7127,7,3,3,-,-,2,5
63,63103,"Werra-Suhl-Tal, Stadt",12,20,,5444,3476,63.9,128,3348,9963,5,-,-,-,-,-,15
64,64003,"Bad Langensalza, Stadt",21,24,,14893,8384,56.3,231,8153,24124,6,4,3,-,1,-,10
64,64004,"Bad Tennstedt, Stadt",2,14,,2128,1312,61.7,43,1269,3799,2,2,2,-,-,-,8
64,64005,Ballhausen,2,8,,692,465,67.2,15,450,1350,-,-,-,-,-,-,8
64,64007,Blankenburg,1,6,x,136,83,61,2,81,407,-,-,-,-,-,-,6
64,64008,Bothenheilingen,1,6,x,371,220,59.3,2,218,978,-,-,-,-,-,-,6
64,64009,Bruchstedt,1,6,,222,192,86.5,4,188,559,-,-,-,-,-,-,6
64,64014,Dünwald,3,14,,1835,1288,70.2,67,1221,3622,10,-,-,-,-,-,4
64,64019,Großvargula,1,8,,610,391,64.1,32,359,1068,-,-,-,-,-,-,8
64,64021,Haussömmern,1,6,x,189,125,66.1,9,116,524,-,-,-,-,-,-,6
64,64022,Herbsleben,4,14,,2462,1622,65.9,40,1582,4704,5,3,-,-,-,-,6
64,64027,Hornsömmern,1,6,x,135,100,74.1,4,96,396,-,-,-,-,-,-,6
64,64029,Issersheilingen,1,6,,112,94,83.9,-,94,282,-,-,-,-,-,-,6
64,64032,Kammerforst,1,8,x,664,393,59.2,27,366,2248,-,-,-,-,-,-,8
64,64033,Kirchheilingen,1,8,x,682,489,71.7,5,484,2980,-,-,-,-,-,-,8
64,64035,Kleinwelsbach,1,6,x,107,87,81.3,2,85,383,-,-,-,-,-,-,6
64,64037,Körner,1,12,,1413,815,57.7,22,793,2329,3,-,1,-,-,-,8
64,64038,Kutzleben,2,8,,526,325,61.8,8,317,941,3,-,-,-,-,-,5
64,64043,Marolterode,1,6,x,283,214,75.6,1,213,1101,-,-,-,-,-,-,6
64,64045,Mittelsömmern,1,6,,173,129,74.6,1,128,377,-,-,-,-,-,-,6
64,64046,"Mühlhausen/Thüringen, Stadt",28,36,,30268,15579,51.5,373,15206,45219,7,4,6,5,3,1,10
64,64048,Neunheilingen,1,6,,383,267,69.7,13,254,756,-,-,-,-,-,-,6
64,64052,Obermehler,1,12,x,642,388,60.4,28,360,2399,12,-,-,-,-,-,-
64,64053,Oppershausen,1,6,,255,189,74.1,4,185,549,-,-,2,-,-,-,4
64,64055,Rodeberg,2,14,,1699,1265,74.5,47,1218,3561,8,-,-,-,-,-,6
64,64057,"Schlotheim, Stadt",6,16,,3050,1714,56.2,57,1657,4903,7,1,4,-,-,-,4
64,64058,Schönstedt,2,12,,1084,661,61,28,633,1881,7,-,1,-,-,-,4
64,64061,Sundhausen,1,6,x,314,244,77.7,5,239,1141,-,-,-,-,-,-,6
64,64062,Tottleben,1,6,x,118,91,77.1,-,91,453,-,-,-,-,-,-,6
64,64064,Urleben,2,6,x,347,231,66.6,4,227,1001,-,-,-,-,-,-,6
64,64071,Unstruttal,6,16,,2666,1829,68.6,86,1743,5210,3,-,4,-,-,-,9
64,64072,Menteroda,6,12,,1734,1162,67,47,1115,3288,3,-,1,-,-,-,8
64,64073,Anrode,6,16,,2679,1756,65.5,40,1716,5092,10,-,-,-,-,-,6
64,64074,Südeichsfeld,7,20,,5610,3665,65.3,121,3544,10441,11,-,-,-,-,-,9
64,64075,Vogtei,3,16,,3792,2284,60.2,91,2193,6524,-,-,3,-,-,-,13
64,64076,Unstrut-Hainich,6,26,,4274,2949,69,109,2840,8458,11,-,-,-,-,-,15
65,65001,Abtsbessingen,2,6,,405,328,81,2,326,968,2,-,-,-,-,-,4
65,65003,"Bad Frankenhausen/Kyffhäuser, Stadt",12,24,,8582,4825,56.2,178,4647,13789,5,4,9,-,-,-,6
65,65005,Bellstedt,1,6,x,145,101,69.7,2,99,471,-,-,-,-,-,-,6
65,65008,Borxleben,1,6,,246,145,58.9,13,132,391,-,-,-,-,-,-,6
65,65012,"Clingen, Stadt",1,12,,890,585,65.7,2,583,1643,9,2,-,-,-,-,1
65,65014,"Ebeleben, Stadt",6,14,,2234,1361,60.9,112,1249,3704,2,-,-,-,-,-,12
65,65016,Etzleben,1,6,,235,166,70.6,14,152,454,-,-,-,-,-,-,6
65,65018,Freienbessingen,1,6,,196,118,60.2,2,116,347,-,-,-,-,-,-,6
65,65019,Gehofen,1,8,,535,353,66,7,346,1028,-,-,-,-,-,-,8
65,65023,"Greußen, Stadt",4,16,,3010,1577,52.4,73,1504,4460,6,-,9,-,-,-,1
65,65032,Helbedündorf,5,14,,1962,1258,64.1,45,1213,3599,7,-,-,-,-,-,7
65,65038,Holzsußra,1,6,x,227,172,75.8,2,170,803,-,-,-,-,-,-,6
65,65042,Kalbsrieth,1,8,,539,342,63.5,12,330,981,-,-,-,-,-,-,8
65,65046,Mönchpfiffel-Nikolausrieth,1,6,,268,144,53.7,10,134,402,-,-,-,-,-,-,6
65,65048,Niederbösa,1,6,x,109,82,75.2,1,81,342,-,-,-,-,-,-,6
65,65051,Oberbösa,1,6,,297,234,78.8,15,219,597,-,-,-,-,-,-,6
65,65052,Oberheldrungen,1,8,,691,430,62.2,15,415,1227,-,-,-,-,-,-,8
65,65056,Reinsdorf,1,8,,644,360,55.9,26,334,1001,-,-,-,-,-,-,8
65,65058,Rockstedt,1,6,x,184,135,73.4,1,134,765,-,-,-,-,-,-,6
65,65067,"Sondershausen, Stadt",24,30,,18474,10696,57.9,213,10483,31149,6,3,3,3,1,-,14
65,65072,Thüringenhausen,1,6,x,95,60,63.2,2,58,259,-,-,-,-,-,-,6
65,65074,Topfstedt,2,8,x,487,313,64.3,4,309,2054,-,-,-,-,-,-,8
65,65075,Trebra,1,6,,244,163,66.8,17,146,435,-,-,-,-,-,-,6
65,65077,Wasserthaleben,1,6,x,341,190,55.7,6,184,657,-,-,-,-,-,-,6
65,65079,Westgreußen,1,6,,314,225,71.7,2,223,669,-,-,-,-,-,-,6
65,65082,Wolferschwenda,1,6,x,114,70,61.4,1,69,361,-,-,-,-,-,-,6
65,65084,"Großenehrich, Stadt",10,14,,1979,1295,65.4,58,1237,3667,-,-,-,-,-,-,14
65,65085,Kyffhäuserland,9,16,,3382,2221,65.7,95,2126,6315,5,-,1,-,-,-,10
65,65086,"Artern, Stadt",8,20,,5766,3151,54.6,120,3031,8982,5,6,2,-,-,-,7
65,65087,"Roßleben-Wiehe, Stadt",12,20,,6584,5172,78.6,128,5044,11220,5,1,6,3,-,1,4
65,65088,"An der Schmücke, Stadt",9,20,,5175,3009,58.1,135,2874,8416,5,3,3,-,-,-,9
66,66005,Belrieth,1,6,,300,213,71,16,197,588,-,-,-,-,-,-,6
66,66012,Birx,1,6,x,141,105,74.5,2,103,494,-,-,-,-,-,-,6
66,66013,Breitungen/Werra,4,16,,4030,2331,57.8,64,2267,6604,3,1,5,-,-,-,7
66,66015,Christes,1,8,,487,343,70.4,8,335,1002,3,-,-,-,-,-,5
66,66016,Dillstädt,1,8,x,674,416,61.7,26,390,2257,-,-,-,-,-,-,8
66,66017,Einhausen,1,6,,365,276,75.6,17,259,764,1,-,-,-,-,-,5
66,66018,Ellingshausen,1,6,x,214,144,67.3,4,140,652,6,-,-,-,-,-,-
66,66019,Erbenhausen,3,8,,457,349,76.4,4,345,1029,-,-,-,-,-,-,8
66,66022,Fambach,2,14,,1782,1049,58.9,30,1019,3038,8,-,-,-,-,-,6
66,66023,Floh-Seligenthal,7,20,,5127,3386,66,100,3286,9785,8,2,2,-,-,8,-
66,66024,Frankenheim/Rhön,1,12,x,920,444,48.3,5,439,4134,-,-,-,-,-,-,12
66,66025,Friedelshausen,1,6,x,258,156,60.5,7,149,757,-,-,-,-,-,-,6
66,66038,Kühndorf,1,8,x,795,515,64.8,30,485,2999,-,-,-,-,-,-,8
66,66039,Leutersdorf,1,6,,211,138,65.4,4,134,402,4,-,-,-,-,-,2
66,66041,Mehmels,1,6,,288,200,69.4,5,195,570,-,-,-,-,-,-,6
66,66042,"Meiningen, Stadt",22,30,,20213,11834,58.5,321,11513,34120,5,2,10,4,3,1,5
66,66045,Neubrunn,1,8,,456,325,71.3,11,314,941,4,2,-,-,-,-,2
66,66047,"Oberhof, Stadt",1,12,,1337,864,64.6,19,845,2526,-,-,-,-,-,-,12
66,66049,Obermaßfeld-Grimmenthal,1,12,,1039,568,54.7,20,548,1636,1,-,-,-,-,-,11
66,66052,Oberweid,1,8,,432,290,67.1,17,273,807,-,-,-,-,-,-,8
66,66056,Rippershausen,3,8,,722,520,72,13,507,1501,-,-,-,-,-,-,8
66,66057,Ritschenhausen,1,6,,286,222,77.6,8,214,635,-,-,-,-,-,-,6
66,66058,Rohr,1,8,,828,574,69.3,12,562,1672,3,-,-,-,-,-,5
66,66059,Rosa,2,8,x,603,370,61.4,25,345,2008,8,-,-,-,-,-,-
66,66061,Roßdorf,1,8,x,532,347,65.2,23,324,1608,8,-,-,-,-,-,-
66,66063,"Schmalkalden, Kurort, Stadt",26,24,,16481,8724,52.9,181,8543,25344,4,2,9,4,2,1,2
66,66064,Schwallungen,5,14,,1989,1283,64.5,85,1198,3566,9,-,-,-,-,-,5
66,66065,Schwarza,1,12,x,1020,577,56.6,10,567,4678,-,-,-,-,-,-,12
66,66069,"Steinbach-Hallenberg, Kurort, Stadt",11,20,,8497,5098,60,78,5020,14918,5,1,1,-,-,2,11
66,66071,Stepfershausen,1,8,,514,351,68.3,10,341,1021,-,-,-,-,-,-,8
66,66073,Sülzfeld,1,8,,683,463,67.8,10,453,1344,1,-,-,-,-,-,7
66,66074,"Brotterode-Trusetal, Stadt",6,20,,5348,3301,61.7,136,3165,9394,4,2,3,-,-,-,11
66,66076,Untermaßfeld,1,12,,1048,604,57.6,16,588,1749,-,-,-,-,-,-,12
66,66079,Utendorf,1,6,,352,269,76.4,16,253,751,-,-,-,-,-,-,6
66,66081,Vachdorf,1,8,,676,433,64.1,12,421,1254,4,-,-,-,-,-,4
66,66086,"Wasungen, Stadt",10,26,,4739,2760,58.2,103,2657,7901,7,1,2,-,-,1,15
66,66092,"Zella-Mehlis, Stadt",16,24,,11333,6820,60.2,180,6640,19754,5,2,2,3,-,-,12
66,66093,Rhönblick,8,14,,2310,1635,70.8,65,1570,4642,1,-,-,-,-,-,13
66,66094,Grabfeld,14,20,,4825,3153,65.3,100,3053,9060,9,2,1,-,-,-,8
66,66095,"Kaltennordheim, Stadt",12,20,,5018,3312,66,148,3164,9383,-,-,-,-,-,-,20
67,67004,Bienstädt,1,8,x,574,374,65.2,24,350,2030,8,-,-,-,-,-,-
67,67009,Dachwig,1,12,,1323,824,62.3,25,799,2385,3,3,4,-,-,2,-
67,67011,Döllstädt,1,12,,928,585,63,22,563,1674,2,2,-,-,-,-,8
67,67013,Emleben,1,8,,593,480,80.9,8,472,1414,2,-,-,-,-,-,6
67,67016,Eschenbergen,1,8,,615,445,72.4,19,426,1257,5,-,-,-,-,-,3
67,67019,"Friedrichroda, Stadt",7,20,,6268,3507,56,149,3358,9958,6,2,3,-,-,1,8
67,67022,Friemar,1,12,,898,579,64.5,27,552,1646,5,-,-,-,-,-,7
67,67025,Georgenthal/Thür. Wald,3,14,,2257,1245,55.2,46,1199,3562,3,-,2,-,-,-,9
67,67026,Gierstädt,2,8,,722,522,72.3,8,514,1534,2,-,-,-,-,-,6
67,67029,"Gotha, Stadt",49,36,,37313,17954,48.1,448,17506,51954,6,5,11,6,3,1,4
67,67033,Großfahner,1,8,,691,475,68.7,15,460,1358,-,-,-,-,-,-,8
67,67036,Herrenhof,1,8,,672,477,71,15,462,1374,3,-,-,-,-,-,5
67,67039,Hohenkirchen,1,8,,633,433,68.4,6,427,1273,5,-,-,-,-,1,2
67,67044,Luisenthal,2,12,,1056,613,58,19,594,1766,3,2,7,-,-,-,-
67,67047,Molschleben,1,12,,873,573,65.6,27,546,1623,-,2,1,-,-,-,9
67,67052,Nottleben,1,6,,347,239,68.9,5,234,696,-,-,-,-,-,-,6
67,67053,"Ohrdruf, Stadt",8,20,,8305,4611,55.5,141,4470,13305,4,2,6,3,-,-,5
67,67054,Petriroda,1,6,x,260,181,69.6,10,171,929,-,-,-,-,-,-,6
67,67055,Pferdingsleben,1,6,,328,255,77.7,15,240,720,-,-,-,-,-,-,6
67,67059,Schwabhausen,1,8,,676,494,73.1,10,484,1431,4,-,-,-,-,-,4
67,67063,Sonneborn,2,12,,1006,612,60.8,16,596,1773,4,-,-,-,-,-,8
67,67064,Bad Tabarz,3,16,x,3542,2058,58.1,88,1970,18387,-,-,-,-,-,-,16
67,67065,"Tambach-Dietharz/Thür. Wald, Stadt",5,16,,3641,1937,53.2,62,1875,5554,2,2,3,-,-,-,9
67,67067,Tonna,2,14,,2274,1312,57.7,43,1269,3775,4,-,-,-,-,-,10
67,67068,Tröchtelborn,1,6,x,261,200,76.6,5,195,820,-,-,-,-,-,-,6
67,67071,Tüttleben,1,8,,676,394,58.3,6,388,1157,3,-,-,3,-,-,2
67,67072,"Waltershausen, Stadt",15,24,,11065,6374,57.6,178,6196,18278,9,-,3,3,2,1,6
67,67082,Zimmernsupra,1,6,,292,237,81.2,4,233,695,1,-,-,-,-,-,5
67,67083,Leinatal,8,16,,3141,2037,64.9,125,1912,5582,11,-,5,-,-,-,-
67,67087,Nesse-Apfelstädt,8,20,,5071,3354,66.1,121,3233,9606,5,-,2,-,2,-,11
67,67088,Hörsel,11,16,,4056,2805,69.2,144,2661,7880,7,-,-,-,-,-,9
67,67091,Nessetal,14,20,,6771,4605,68,130,4475,13211,4,-,-,-,-,2,14
68,68001,Alperstedt,1,8,,620,403,65,24,379,1123,-,-,-,-,-,-,8
68,68002,Andisleben,2,8,,492,365,74.2,15,350,1050,1,-,-,-,-,-,7
68,68005,Büchel,1,6,x,198,141,71.2,2,139,660,-,-,-,-,-,-,6
68,68007,Eckstedt,1,8,x,500,355,71,7,348,1881,8,-,-,-,-,-,-
68,68009,Elxleben (SÖM),2,14,,1924,1300,67.6,61,1239,3637,8,2,-,-,-,-,4
68,68013,Gangloffsömmern,2,8,,810,482,59.5,67,415,1230,-,-,-,-,-,-,8
68,68014,"Gebesee, Stadt",2,14,,1806,1065,59,39,1026,3026,4,2,-,-,-,8,-
68,68015,Griefstedt,1,6,x,226,137,60.6,4,133,613,-,-,-,-,-,-,6
68,68017,Großmölsen,1,6,,188,140,74.5,8,132,391,-,-,-,-,-,-,6
68,68019,Großneuhausen,1,8,,558,326,58.4,34,292,868,-,-,-,-,-,-,8
68,68021,Großrudestedt,4,12,,1595,1120,70.2,54,1066,3183,5,-,-,-,-,-,7
68,68022,Günstedt,1,8,x,617,370,60,11,359,2042,-,-,-,-,-,-,8
68,68025,Haßleben,1,12,x,817,473,57.9,19,454,3414,-,-,-,-,-,-,12
68,68026,Henschleben,2,6,,283,209,73.9,7,202,599,-,-,-,-,-,-,6
68,68032,Kleinmölsen,1,6,,259,205,79.2,8,197,587,-,-,-,-,-,-,6
68,68033,Kleinneuhausen,1,6,x,340,198,58.2,5,193,805,6,-,-,-,-,-,-
68,68034,"Kölleda, Stadt",14,20,,5538,3318,59.9,109,3209,9538,4,1,3,2,-,-,10
68,68036,Markvippach,2,8,x,462,348,75.3,9,339,1503,-,-,-,-,-,-,8
68,68037,Nöda,1,8,,673,462,68.6,20,442,1319,6,-,-,-,-,-,2
68,68039,Ollendorf,1,6,x,364,275,75.5,3,272,1450,-,-,-,-,-,-,6
68,68041,Ostramondra,1,6,,419,289,69,12,277,828,-,-,-,-,-,-,6
68,68042,"Rastenberg, Stadt",6,14,,2104,1326,63,56,1270,3779,2,-,-,-,-,-,12
68,68043,Riethgen,1,6,x,197,132,67,2,130,539,-,-,-,-,-,-,6
68,68044,Riethnordhausen,1,8,,844,584,69.2,15,569,1701,-,1,-,-,-,-,7
68,68045,Ringleben,2,6,x,423,302,71.4,11,291,1447,-,-,-,-,-,-,6
68,68048,Schloßvippach,2,12,,1164,868,74.6,31,837,2510,-,-,-,-,-,-,12
68,68049,Schwerstedt,1,8,,498,309,62,11,298,891,-,-,-,-,-,5,3
68,68051,"Sömmerda, Stadt",25,24,,16275,8588,52.8,254,8334,24635,6,8,1,3,2,1,3
68,68052,Sprötau,1,8,x,640,397,62,9,388,2469,-,-,-,-,-,-,8
68,68053,Straußfurt,1,12,,1496,814,54.4,24,790,2336,5,-,-,-,-,-,7
68,68055,Udestedt,1,8,x,645,425,65.9,2,423,2708,-,-,-,-,-,-,8
68,68056,Vogelsberg,1,8,,594,444,74.7,15,429,1279,-,-,-,-,-,-,8
68,68057,Walschleben,2,12,,1505,921,61.2,28,893,2647,3,-,4,-,-,-,5
68,68058,"Weißensee, Stadt",8,16,,3134,1904,60.8,39,1865,5550,9,1,1,-,-,-,5
68,68059,Werningshausen,1,8,,556,365,65.6,19,346,1023,-,-,-,-,-,3,5
68,68061,Witterda,2,12,,927,655,70.7,25,630,1874,7,-,-,-,-,-,5
68,68062,Wundersleben,1,8,,578,449,77.7,15,434,1299,2,-,-,-,-,-,6
68,68063,Buttstädt,13,20,,5586,3308,59.2,175,3133,9299,8,-,1,4,1,-,6
68,68064,Kindelbrück,4,16,,3236,1980,61.2,77,1903,5274,-,1,-,-,-,-,15
69,69001,Ahlstädt,1,6,x,105,79,75.2,3,76,283,-,-,-,-,-,-,6
69,69003,Beinerstadt,1,6,,266,181,68,5,176,525,-,1,-,-,-,-,5
69,69004,Bischofrod,1,6,x,143,117,81.8,2,115,571,-,-,-,-,-,-,6
69,69006,Brünn/Thür.,1,6,,353,241,68.3,8,233,692,-,-,-,-,-,-,6
69,69008,Dingsleben,1,6,,212,156,73.6,7,149,447,-,-,-,-,-,-,6
69,69009,Ehrenberg,1,6,,159,129,81.1,4,125,375,-,-,-,-,-,-,6
69,69011,Eichenberg (HBN),1,6,x,139,95,68.3,2,93,543,-,-,-,-,-,-,6
69,69012,"Eisfeld, Stadt",12,20,,6536,3947,60.4,109,3838,11374,3,3,2,-,-,-,12
69,69016,Grimmelshausen,1,6,,144,124,86.1,-,124,372,-,-,-,-,-,-,6
69,69017,Grub,1,6,x,145,107,73.8,14,93,375,-,-,-,-,-,-,6
69,69021,Henfstädt,1,6,,284,182,64.1,8,174,519,-,-,-,-,-,-,6
69,69024,"Hildburghausen, Stadt",16,24,,9736,5339,54.8,226,5113,15147,5,6,3,5,-,-,5
69,69025,Kloster Veßra,2,6,,247,192,77.7,8,184,544,-,-,-,-,-,-,6
69,69026,Lengfeld,1,6,,360,278,77.2,16,262,773,-,-,-,-,-,-,6
69,69028,Marisfeld,1,6,,368,267,72.6,10,257,771,-,-,-,-,-,-,6
69,69035,Oberstadt,1,6,,285,211,74,32,179,528,-,-,-,-,-,-,6
69,69037,Reurieth,2,8,,709,491,69.3,33,458,1355,-,-,-,-,-,-,8
69,69041,Schlechtsart,1,6,x,132,106,80.3,8,98,511,-,-,-,-,-,-,6
69,69042,Schleusegrund,8,14,,2407,1559,64.8,57,1502,4414,4,-,-,-,-,-,10
69,69043,"Schleusingen, Stadt",13,24,,9505,6100,64.2,102,5998,17838,7,2,4,-,-,-,11
69,69044,Schmeheim,1,6,,247,181,73.3,7,174,519,-,-,-,-,-,-,6
69,69046,Schweickershausen,1,6,x,132,89,67.4,4,85,439,-,-,-,-,-,-,6
69,69047,St.Bernhard,1,6,,222,141,63.5,9,132,390,-,-,-,-,-,-,6
69,69049,Straufhain,5,14,,2334,1485,63.6,46,1439,4265,-,2,-,-,-,-,12
69,69051,"Themar, Stadt",5,14,,2424,1523,62.8,40,1483,4399,-,3,1,-,-,-,10
69,69052,"Ummerstadt, Stadt",1,6,x,382,258,67.5,16,242,1190,-,-,-,-,-,-,6
69,69053,Veilsdorf,5,14,,2350,1465,62.3,33,1432,4267,-,-,1,-,-,-,13
69,69056,Westhausen,1,8,,455,375,82.4,8,367,1097,-,1,-,-,-,-,7
69,69058,Auengrund,8,14,,2469,1539,62.3,38,1501,4436,-,-,-,-,-,-,14
69,69061,Masserberg,5,14,,1961,1299,66.2,51,1248,3719,6,1,1,-,-,-,6
69,69062,"Römhild, Stadt",16,20,,5859,4054,69.2,51,4003,11955,-,2,-,-,1,-,17
69,69063,"Heldburg, Stadt",12,18,,2915,2069,71,83,1986,5887,9,-,-,-,-,-,9
70,70001,Alkersleben,1,6,,268,218,81.3,4,214,631,-,-,-,-,-,-,6
70,70003,Angelroda,1,6,,328,229,69.8,16,213,636,-,-,-,-,-,-,6
70,70004,"Arnstadt, Stadt",26,34,,22661,12498,55.2,321,12177,36131,6,4,3,6,2,1,12
70,70006,Bösleben-Wüllersleben,2,8,,542,421,77.7,13,408,1218,-,-,-,-,-,-,8
70,70008,Dornheim,1,8,x,496,365,73.6,26,339,1586,-,-,-,-,-,-,8
70,70011,Elgersburg,1,12,,1029,727,70.7,26,701,2078,5,-,-,-,-,-,7
70,70012,Elleben,3,8,,720,592,82.2,16,576,1713,-,-,-,-,-,-,8
70,70013,Elxleben (IK),1,8,,478,381,79.7,9,372,1028,3,-,-,-,-,-,5
70,70028,Amt Wachsenburg,15,24,,6400,4361,68.1,146,4215,12582,6,2,-,-,-,-,16
70,70029,"Ilmenau, Stadt",42,40,,31431,18907,60.2,464,18443,54932,10,5,3,6,4,1,11
70,70034,Martinroda,1,8,,690,464,67.2,11,453,1346,2,-,-,-,-,-,6
70,70041,Osthausen-Wülfershausen,2,8,,421,325,77.2,18,307,901,1,-,1,-,-,-,6
70,70043,"Plaue, Stadt",2,12,,1708,1188,69.6,38,1150,3398,5,-,-,-,-,-,7
70,70044,Rockhausen,2,6,x,224,167,74.6,4,163,757,-,-,-,-,-,-,6
70,70048,"Stadtilm, Stadt",9,20,,7063,4441,62.9,140,4301,12780,5,2,2,-,-,1,10
70,70054,Witzleben,3,8,,516,377,73.1,16,361,1067,6,2,-,-,-,-,-
70,70057,Geratal,9,20,,7794,5118,65.7,191,4927,14620,8,-,2,-,-,-,10
70,70058,"Großbreitenbach, Stadt",11,30,,5614,3912,69.7,126,3786,11128,-,-,-,-,-,-,30
71,71001,"Apolda, Stadt",24,30,,18444,9811,53.2,214,9597,28522,9,3,2,5,2,2,7
71,71003,"Bad Berka, Stadt",12,20,,6206,3932,63.4,93,3839,11413,5,-,-,-,1,-,14
71,71004,"Bad Sulza, Stadt",11,16,,4084,2874,70.4,93,2781,8227,5,-,-,-,-,-,11
71,71005,Ballstedt,1,6,x,249,238,95.6,4,234,1097,-,-,-,-,-,-,6
71,71006,Bechstedtstraß,1,6,,221,185,83.7,9,176,523,-,-,-,-,-,-,6
71,71008,"Blankenhain, Stadt",18,20,,5518,3463,62.8,132,3331,9907,9,3,2,-,1,-,5
71,71009,Buchfart,1,6,x,151,130,86.1,-,130,651,-,-,-,-,-,-,6
71,71012,Daasdorf a. Berge,1,6,,224,163,72.8,6,157,461,1,-,-,-,-,-,5
71,71013,Döbritschen,1,6,x,188,139,73.9,8,131,543,-,-,-,-,-,-,6
71,71015,Eberstedt,1,6,,178,135,75.8,2,133,390,5,-,-,-,-,-,1
71,71017,Ettersburg,1,8,,581,360,62,13,347,1031,1,-,-,-,-,-,7
71,71019,Frankendorf,1,6,x,134,98,73.1,5,93,496,-,-,-,-,-,-,6
71,71022,Großheringen,1,8,,542,414,76.4,27,387,1156,6,-,-,-,-,-,2
71,71025,Großschwabhausen,2,12,,848,642,75.7,23,619,1841,3,-,-,-,-,-,9
71,71027,Hammerstedt,1,6,x,143,106,74.1,2,104,538,-,-,-,-,-,-,6
71,71031,Hetschburg,1,6,x,190,144,75.8,4,140,728,-,-,-,-,-,-,6
71,71032,Hohenfelden,1,6,x,328,230,70.1,4,226,1153,-,-,-,-,-,-,6
71,71034,Hopfgarten,1,8,,580,411,70.9,10,401,1195,1,-,2,-,-,-,5
71,71036,Isseroda,1,8,,460,313,68,10,303,908,2,-,-,-,-,-,6
71,71037,Kapellendorf,1,6,,344,269,78.2,15,254,760,-,-,-,-,-,-,6
71,71038,Kiliansroda,1,6,x,163,124,76.1,3,121,631,-,-,-,-,-,-,6
71,71042,Kleinschwabhausen,1,6,x,175,149,85.1,2,147,777,-,-,-,-,-,-,6
71,71043,Klettbach,2,12,,1060,875,82.5,50,825,2419,3,-,-,-,-,-,9
71,71046,"Kranichfeld, Stadt",5,16,,2895,1793,61.9,80,1713,5124,4,-,-,-,-,-,12
71,71049,Lehnstedt,1,6,x,276,201,72.8,9,192,865,-,-,-,-,-,-,6
71,71053,"Magdala, Stadt",4,12,,1678,1102,65.7,73,1029,3038,-,-,-,-,-,-,12
71,71055,Mechelroda,1,6,x,224,162,72.3,5,157,828,-,-,-,-,-,-,6
71,71056,Mellingen,1,12,x,1134,812,71.6,18,794,6214,-,-,-,-,-,-,12
71,71057,Mönchenholzhausen,5,12,,1390,957,68.8,36,921,2739,-,-,-,-,-,-,12
71,71059,Nauendorf,1,6,x,251,181,72.1,11,170,735,-,-,-,-,-,-,6
71,71061,"Neumark, Stadt",1,6,,422,333,78.9,20,313,932,-,-,-,-,-,-,6
71,71064,Niedertrebra,1,8,,652,413,63.3,17,396,1180,3,-,-,-,-,-,5
71,71065,Niederzimmern,1,12,x,847,523,61.7,13,510,3919,-,-,-,-,-,-,12
71,71067,Nohra,4,12,,1365,975,71.4,62,913,2718,1,-,-,-,-,-,11
71,71069,Obertrebra,1,6,x,218,148,67.9,2,146,725,-,-,-,-,-,-,6
71,71071,Oettern,1,6,x,110,91,82.7,10,81,424,-,-,-,-,-,-,6
71,71073,Ottstedt a. Berge,1,6,,204,155,76,8,147,437,-,-,-,-,-,4,2
71,71077,Rannstedt,1,6,x,147,95,64.6,2,93,321,-,-,-,-,-,-,6
71,71079,Rittersdorf,1,6,,218,169,77.5,10,159,477,-,-,-,-,-,-,6
71,71083,Schmiedehausen,1,6,,336,227,67.6,10,217,647,-,-,-,-,-,-,6
71,71087,Tonndorf,1,8,,523,405,77.4,12,393,1178,4,-,-,-,-,-,4
71,71088,Troistedt,1,6,,160,133,83.1,4,129,387,-,-,-,-,-,-,6
71,71089,Umpferstedt,1,8,,500,346,69.2,21,325,970,3,-,-,-,-,-,5
71,71093,Vollersroda,1,6,x,168,145,86.3,1,144,757,-,-,-,-,-,-,6
71,71095,Wiegendorf,1,6,,282,217,77,7,210,629,-,-,-,-,-,-,6
71,71099,Saaleplatte,10,14,,2287,1682,73.5,71,1611,4767,3,-,-,-,-,-,11
71,71101,Ilmtal-Weinstraße,13,20,,5425,3882,71.6,192,3690,10995,-,-,-,-,-,-,20
71,71102,"Am Ettersberg, Stadt",20,20,,5904,4172,70.7,317,3855,11288,-,-,-,-,-,-,20
72,72001,Bachfeld,1,6,,374,210,56.1,4,206,608,-,-,-,-,-,-,6
72,72006,Goldisthal,1,6,,324,215,66.4,5,210,628,-,-,-,-,-,-,6
72,72011,"Lauscha, Stadt",4,16,,2983,1659,55.6,59,1600,4724,4,4,4,-,-,-,4
72,72013,"Neuhaus am Rennweg, Stadt",10,20,,7993,4228,52.9,95,4133,12270,7,5,1,3,-,1,3
72,72015,"Schalkau, Stadt",7,14,,2507,1627,64.9,21,1606,4756,5,2,-,-,-,-,7
72,72018,"Sonneberg, Stadt",38,30,,19969,10532,52.7,286,10246,30303,12,5,3,7,-,2,1
72,72019,"Steinach, Stadt",3,16,,3397,1922,56.6,50,1872,5526,5,1,-,4,-,2,4
72,72023,Frankenblick,11,20,,5108,3569,69.9,81,3488,10293,4,3,-,-,-,-,13
73,73001,Allendorf,2,6,,283,232,82,6,226,678,-,-,-,-,-,-,6
73,73002,Altenbeuthen,1,6,x,182,133,73.1,3,130,597,6,-,-,-,-,-,-
73,73005,"Bad Blankenburg, Stadt",16,20,,5476,3249,59.3,111,3138,9352,7,5,-,-,-,-,8
73,73006,Bechstedt,1,6,x,131,112,85.5,6,106,587,-,-,-,-,-,-,6
73,73013,Cursdorf,1,8,x,528,339,64.2,20,319,1857,-,-,-,-,-,-,8
73,73014,Deesbach,1,6,x,296,193,65.2,7,186,713,-,-,-,-,-,-,6
73,73017,Döschnitz,1,6,x,206,156,75.7,1,155,868,-,-,-,-,-,-,6
73,73028,"Gräfenthal, Stadt",4,12,,1758,994,56.5,47,947,2794,2,-,-,-,-,-,10
73,73035,Hohenwarte,1,6,,129,88,68.2,1,87,258,-,-,-,-,-,-,6
73,73037,Katzhütte,2,12,,1200,865,72.1,21,844,2519,-,1,-,-,-,-,11
73,73038,Kaulsdorf,3,14,,2140,1479,69.1,70,1409,4178,5,-,1,-,-,-,8
73,73046,"Lehesten, Stadt",2,12,,1486,816,54.9,15,801,2390,-,-,1,1,-,-,10
73,73055,Meura,1,6,,370,250,67.6,8,242,719,-,-,-,-,-,-,6
73,73067,Probstzella,5,14,,2541,1553,61.1,35,1518,4519,-,2,6,-,-,-,6
73,73074,Rohrbach,1,6,x,165,125,75.8,1,124,573,-,-,-,-,-,-,6
73,73076,"Rudolstadt, Stadt",25,30,,21471,12548,58.4,240,12308,36692,5,3,4,7,1,1,9
73,73077,"Saalfeld/Saale, Stadt",30,32,,25579,14376,56.2,289,14087,40747,10,4,4,5,3,3,3
73,73082,Schwarzburg,1,8,,477,319,66.9,13,306,914,-,-,-,-,-,-,8
73,73084,Sitzendorf,1,8,,693,474,68.4,9,465,1375,2,-,-,-,-,1,5
73,73094,Unterweißbach,1,8,x,658,349,53,6,343,2206,-,-,-,-,-,-,8
73,73106,"Leutenberg, Stadt",6,14,,1796,1191,66.3,34,1157,3449,4,-,-,-,-,3,7
73,73107,Drognitz,1,8,x,495,307,62,17,290,1623,-,-,-,-,-,-,8
73,73109,Uhlstädt-Kirchhasel,17,20,,4962,3302,66.5,134,3168,9436,4,4,3,-,-,-,9
73,73111,Unterwellenborn,11,20,,7354,4626,62.9,254,4372,12620,7,2,-,-,-,-,11
73,73112,"Königsee, Stadt",24,20,,6438,4021,62.5,100,3921,11687,3,-,-,-,-,1,16
73,73113,"Schwarzatal, Stadt",5,16,,3249,2270,69.9,85,2185,6495,2,1,-,-,-,-,13
74,74001,Albersdorf,1,6,,232,189,81.5,10,179,537,-,-,-,-,-,-,6
74,74002,Altenberga,4,8,,603,461,76.5,11,450,1334,-,-,-,-,-,-,8
74,74003,Bad Klosterlausnitz,3,16,,2998,1972,65.8,77,1895,5619,5,-,-,-,-,-,11
74,74004,Bibra,1,6,,219,174,79.5,12,162,475,-,-,-,-,-,-,6
74,74005,Bobeck,1,6,,248,186,75,5,181,538,-,-,-,-,-,-,6
74,74007,Bremsnitz,1,6,x,118,93,78.8,2,91,495,-,-,-,-,-,-,6
74,74008,Bucha,5,12,,963,721,74.9,23,698,2070,2,-,-,-,-,-,10
74,74009,"Bürgel, Stadt",9,16,,2664,1737,65.2,66,1671,4965,9,-,-,-,-,-,7
74,74011,"Dornburg-Camburg, Stadt",7,20,,4556,2973,65.3,74,2899,8513,8,-,-,-,-,-,12
74,74012,Crossen an der Elster,1,12,,1346,910,67.6,34,876,2542,-,3,-,2,-,-,7
74,74016,Eichenberg (SHK),1,6,,321,233,72.6,10,223,663,2,-,1,-,-,-,3
74,74017,Eineborn,1,6,x,271,198,73.1,3,195,911,-,-,-,-,-,6,-
74,74018,"Eisenberg, Stadt",10,24,,8906,4430,49.7,129,4301,12742,11,4,4,-,-,-,5
74,74019,Frauenprießnitz,1,8,x,726,517,71.2,23,494,3454,-,-,-,-,-,-,8
74,74021,Freienorla,1,6,x,272,203,74.6,3,200,1008,-,-,-,-,-,-,6
74,74022,Geisenhain,1,6,x,148,114,77,6,108,537,-,-,-,-,-,-,6
74,74024,Gneus,1,6,,129,115,89.1,3,112,336,4,-,-,-,-,-,2
74,74025,Gösen,1,6,x,182,123,67.6,5,118,564,6,-,-,-,-,-,-
74,74026,Golmsdorf,1,8,x,576,469,81.4,15,454,2903,-,-,-,-,-,-,8
74,74028,Graitschen b. Bürgel,1,6,x,328,247,75.3,9,238,1041,-,-,-,-,-,-,6
74,74029,Großbockedra,1,6,x,149,113,75.8,3,110,529,-,-,-,-,-,-,6
74,74031,Großeutersdorf,1,6,,232,176,75.9,16,160,476,-,-,-,-,-,-,6
74,74032,Großlöbichau,1,8,x,613,456,74.4,22,434,2694,8,-,-,-,-,-,-
74,74033,Großpürschütz,1,6,,331,257,77.6,10,247,736,-,-,-,-,-,-,6
74,74034,Gumperda,1,6,,304,223,73.4,12,211,612,-,-,-,-,-,-,6
74,74036,Hainichen,1,6,x,168,150,89.3,4,146,649,-,-,-,-,-,-,6
74,74037,Hainspitz,1,8,x,556,345,62.1,13,332,2169,-,-,-,-,-,-,8
74,74038,Hartmannsdorf (SHK),1,8,,575,366,63.7,38,328,968,-,-,-,-,-,2,6
74,74039,Heideland,7,12,,1529,1021,66.8,54,967,2870,5,-,-,-,-,-,7
74,74041,"Hermsdorf, Stadt",6,20,,6822,3889,57,127,3762,11090,4,4,3,-,-,-,9
74,74042,Hummelshain,1,8,,522,315,60.3,12,303,904,4,-,-,-,-,-,4
74,74043,Jenalöbnitz,1,6,x,136,110,80.9,1,109,621,-,-,-,-,-,-,6
74,74044,"Kahla, Stadt",7,20,,5831,2993,51.3,94,2899,8629,3,5,2,-,-,-,10
74,74045,Karlsdorf,1,6,x,84,59,70.2,5,54,261,-,-,-,-,-,-,6
74,74046,Kleinbockedra,1,6,x,30,24,80,1,23,121,-,-,-,-,-,-,6
74,74047,Kleinebersdorf,1,6,x,160,134,83.8,3,131,715,-,-,-,-,-,-,6
74,74048,Kleineutersdorf,1,6,,294,222,75.5,8,214,639,-,-,-,-,-,-,6
74,74049,Laasdorf,1,8,x,449,300,66.8,-,300,1822,-,-,-,-,-,-,8
74,74051,Lehesten,4,8,,578,473,81.8,8,465,1389,-,-,-,-,-,-,8
74,74052,Lindig,1,6,,207,161,77.8,6,155,453,-,-,-,-,-,-,6
74,74053,Lippersdorf-Erdmannsdorf,3,6,,380,288,75.8,10,278,832,-,-,-,-,-,-,6
74,74054,Löberschütz,1,6,x,122,88,72.1,4,84,451,-,-,-,-,-,-,6
74,74055,Mertendorf,1,6,x,105,72,68.6,2,70,302,-,-,-,-,-,-,6
74,74056,Meusebach,1,6,x,79,76,96.2,-,76,319,-,-,-,-,-,-,6
74,74057,Milda,5,8,,610,523,85.7,25,498,1480,5,-,-,-,-,-,3
74,74058,Möckern,1,6,x,100,70,70,1,69,329,-,-,-,-,-,-,6
74,74059,Mörsdorf,1,8,,404,314,77.7,4,310,926,-,-,-,-,-,-,8
74,74061,Nausnitz,1,6,x,63,55,87.3,1,54,215,-,-,-,-,-,-,6
74,74063,Neuengönna,2,8,,536,411,76.7,5,406,1214,-,-,-,-,-,-,8
74,74064,Oberbodnitz,1,6,,208,152,73.1,9,143,424,-,-,-,-,-,-,6
74,74065,"Orlamünde, Stadt",2,12,,952,649,68.2,20,629,1848,3,-,-,-,-,-,9
74,74066,Ottendorf,1,6,,335,254,75.8,12,242,721,2,-,-,-,-,-,4
74,74067,Petersberg,1,6,x,227,183,80.6,-,183,856,-,-,-,-,-,-,6
74,74068,Poxdorf,1,6,x,74,48,64.9,-,48,276,-,-,-,-,-,-,6
74,74071,Rattelsdorf,1,6,x,63,45,71.4,6,39,213,-,-,-,-,-,6,-
74,74072,Rauda,1,6,x,261,175,67,6,169,649,6,-,-,-,-,-,-
74,74073,Rauschwitz,1,6,x,172,125,72.7,1,124,621,-,-,-,-,-,-,6
74,74074,Rausdorf,1,6,x,170,118,69.4,5,113,549,-,-,-,-,-,-,6
74,74075,Reichenbach,1,8,,772,592,76.7,10,582,1716,-,-,-,-,-,-,8
74,74076,Reinstädt,2,6,,394,311,78.9,16,295,876,-,-,-,-,-,-,6
74,74077,Renthendorf,3,6,,343,255,74.3,18,237,706,-,-,-,-,-,-,6
74,74079,Rothenstein,2,12,,986,749,76,85,664,1982,-,-,-,-,-,-,12
74,74081,Ruttersdorf-Lotschen,1,6,x,275,225,81.8,1,224,1172,-,-,-,-,-,-,6
74,74082,Scheiditz,1,6,x,51,40,78.4,-,40,190,-,-,-,-,-,-,6
74,74084,Schleifreisen,1,6,x,352,227,64.5,9,218,973,-,-,-,-,-,-,6
74,74085,Schlöben,1,8,x,771,577,74.8,11,566,3043,-,-,-,-,-,-,8
74,74086,Schöngleina,1,8,,416,299,71.9,13,286,838,-,-,-,-,-,-,8
74,74087,Schöps,2,6,,241,197,81.7,6,191,569,-,-,-,-,-,-,6
74,74089,Seitenroda,1,6,,169,148,87.6,8,140,417,-,-,-,-,-,-,6
74,74091,Serba,1,8,x,615,400,65,9,391,2276,-,-,-,-,-,-,8
74,74093,St.Gangloff,1,12,x,1008,663,65.8,8,655,4409,-,-,-,-,-,-,12
74,74094,"Stadtroda, Stadt",10,20,,5618,3667,65.3,96,3571,10627,4,2,3,-,-,1,10
74,74095,Sulza,2,6,,242,193,79.8,2,191,571,-,-,-,-,-,-,6
74,74096,Tautenburg,1,6,x,253,197,77.9,2,195,953,-,-,-,-,-,-,6
74,74097,Tautendorf,1,6,x,119,103,86.6,3,100,491,-,-,-,-,-,-,6
74,74098,Tautenhain,1,8,,836,585,70,13,572,1709,1,-,-,-,-,-,7
74,74099,Thierschneck,1,6,x,94,78,83,3,75,356,-,-,-,-,-,-,6
74,74101,Tissa,1,6,x,105,77,73.3,-,77,376,-,-,-,-,-,-,6
74,74102,Trockenborn-Wolfersdorf,1,8,,491,417,84.9,21,396,1174,5,-,-,-,-,-,3
74,74103,Tröbnitz,1,6,x,381,286,75.1,24,262,1327,6,-,-,-,-,-,-
74,74104,Unterbodnitz,1,6,x,155,127,81.9,2,125,615,-,-,-,-,-,-,6
74,74105,Waldeck,1,6,x,199,160,80.4,1,159,695,-,-,-,-,-,-,6
74,74106,Walpernhain,1,6,x,156,131,84,2,129,696,-,-,-,-,-,-,6
74,74107,Waltersdorf,1,6,x,141,121,85.8,3,118,638,-,-,-,-,-,-,6
74,74108,Weißbach,1,6,x,92,71,77.2,2,69,359,-,-,-,-,-,-,6
74,74109,Weißenborn,1,12,,1013,679,67,27,652,1937,4,-,-,-,-,-,8
74,74112,Wichmar,1,6,x,170,127,74.7,2,125,573,-,-,-,-,-,-,6
74,74113,Zimmern,1,6,x,166,138,83.1,3,135,695,-,-,-,-,-,-,6
74,74114,Zöllnitz,1,8,,695,603,86.8,10,593,1579,5,-,-,-,-,-,3
74,74116,"Schkölen, Stadt",7,14,,2217,1409,63.6,41,1368,4056,3,2,-,-,-,-,9
75,75006,Bodelwitz,1,8,x,494,350,70.9,12,338,1798,8,-,-,-,-,-,-
75,75009,Burgk,1,6,x,63,52,82.5,1,51,182,2,-,-,-,-,-,4
75,75014,Dittersdorf,3,6,x,388,297,76.5,6,291,1326,-,-,-,-,-,-,6
75,75016,Döbritz,1,6,,166,134,80.7,5,129,386,-,-,-,-,-,-,6
75,75018,Dreba,1,6,x,207,150,72.5,5,145,742,-,-,-,-,-,-,6
75,75019,Dreitzsch,1,6,,325,252,77.5,15,237,705,-,-,-,-,-,-,6
75,75023,Eßbach,1,6,,201,147,73.1,5,142,422,5,1,-,-,-,-,-
75,75029,Geroda,1,6,x,203,138,68,9,129,616,-,-,-,-,-,-,6
75,75031,Gertewitz,1,6,x,129,96,74.4,2,94,386,-,-,-,-,-,-,6
75,75033,Görkwitz,1,6,,250,208,83.2,8,200,599,-,-,-,-,-,-,6
75,75034,Göschitz,1,6,,183,145,79.2,1,144,432,-,-,-,-,-,-,6
75,75035,Gössitz,1,6,,264,205,77.7,9,196,584,1,-,-,-,-,-,5
75,75039,Grobengereuth,2,6,x,174,119,68.4,7,112,553,-,-,-,-,-,-,6
75,75046,"Hirschberg, Stadt",6,14,,1773,1058,59.7,113,945,2799,2,2,-,-,-,-,10
75,75047,Keila,1,6,x,61,52,85.2,2,50,266,-,-,-,-,-,-,6
75,75048,Kirschkau,1,6,,193,157,81.3,4,153,458,-,-,-,-,-,-,6
75,75049,Knau,1,8,,614,440,71.7,26,414,1232,-,-,-,-,-,-,8
75,75051,Kospoda,1,6,x,321,233,72.6,1,232,1187,-,-,-,-,-,-,6
75,75054,Langenorla,3,12,,1052,778,74,24,754,2246,-,-,-,-,-,-,12
75,75056,Lausnitz b. Neustadt an der Orla,1,6,,245,190,77.6,15,175,519,-,-,-,-,-,-,6
75,75057,Lemnitz,1,6,,332,249,75,8,241,718,-,-,-,-,-,-,6
75,75061,Linda b. Neustadt an der Orla,1,6,,317,238,75.1,4,234,694,4,-,-,-,-,-,2
75,75062,"Bad Lobenstein, Stadt",9,20,,5045,2741,54.3,54,2687,7965,2,4,-,-,-,2,12
75,75063,Löhma,1,6,,231,180,77.9,2,178,534,-,-,-,-,-,-,6
75,75065,Miesitz,1,6,x,243,193,79.4,17,176,609,-,-,-,-,-,-,6
75,75066,Mittelpöllnitz,1,6,,256,185,72.3,5,180,538,-,-,-,-,-,-,6
75,75068,Moßbach,1,6,x,339,248,73.2,1,247,1184,-,-,-,-,-,-,6
75,75069,Moxa,1,6,x,66,56,84.8,2,54,266,-,-,-,-,-,-,6
75,75072,Neundorf (bei Schleiz),2,6,,229,179,78.2,6,173,519,-,-,-,-,-,-,6
75,75073,"Neustadt an der Orla, Stadt",11,20,,6763,3738,55.3,103,3635,10815,5,3,1,-,-,-,11
75,75074,Nimritz,1,6,,276,210,76.1,5,205,613,1,-,-,-,-,-,5
75,75075,Oberoppurg,1,6,,134,110,82.1,4,106,313,-,-,-,-,-,-,6
75,75076,Oettersdorf,1,8,,697,479,68.7,11,468,1392,2,-,-,-,-,-,6
75,75077,Oppurg,3,12,,998,701,70.2,21,680,2013,-,-,-,-,-,2,10
75,75079,Paska,1,6,x,86,69,80.2,2,67,283,-,-,-,-,-,-,6
75,75081,Peuschen,1,6,,376,270,71.8,8,262,774,-,-,-,-,-,-,6
75,75083,Plothen,1,6,x,224,160,71.4,9,151,781,-,-,-,-,-,-,6
75,75084,Pörmitz,1,6,x,150,107,71.3,1,106,425,-,-,-,-,-,-,6
75,75085,"Pößneck, Stadt",10,24,,10065,5436,54,117,5319,15812,4,2,2,3,1,8,4
75,75087,Quaschwitz,1,6,x,54,49,90.7,1,48,258,-,-,-,-,-,-,6
75,75088,"Ranis, Stadt",1,12,,1474,948,64.3,26,922,2750,2,-,-,-,1,-,9
75,75093,Rosendorf,1,6,x,146,107,73.3,1,106,504,-,-,-,-,-,-,6
75,75098,"Schleiz, Stadt",12,20,,7395,4327,58.5,102,4225,12605,5,2,3,-,-,1,9
75,75099,Schmieritz,1,6,,328,234,71.3,8,226,674,2,-,-,-,-,-,4
75,75101,Schmorda,1,6,x,73,61,83.6,1,60,258,-,-,-,-,-,-,6
75,75102,Schöndorf,1,6,x,232,170,73.3,-,170,600,-,-,-,-,-,-,6
75,75103,Seisla,1,6,x,123,78,63.4,-,78,437,-,-,-,-,-,-,6
75,75105,Solkwitz,1,6,x,48,34,70.8,-,34,182,-,-,-,-,-,-,6
75,75109,Tegau,1,6,,332,229,69,17,212,632,-,-,-,-,-,-,6
75,75114,Tömmelsdorf,1,6,x,109,103,94.5,2,101,433,-,-,-,-,-,-,6
75,75116,"Triptis, Stadt",4,16,,3188,1901,59.6,65,1836,5458,-,2,1,2,-,-,11
75,75119,Volkmannsdorf,1,6,x,229,165,72.1,3,162,809,-,-,-,-,-,-,6
75,75121,Weira,1,6,x,332,238,71.7,4,234,1148,-,-,-,-,-,-,6
75,75124,Wernburg,1,8,,539,373,69.2,41,332,977,-,2,-,-,-,-,6
75,75125,Wilhelmsdorf,1,6,x,187,153,81.8,2,151,776,-,-,-,-,-,-,6
75,75127,"Ziegenrück, Stadt",1,8,,595,373,62.7,65,308,916,-,-,-,-,-,-,8
75,75129,Krölpa,1,14,,2251,1290,57.3,56,1234,3687,-,-,-,-,-,-,14
75,75131,"Gefell, Stadt",8,14,,2103,1319,62.7,36,1283,3796,-,1,-,-,-,-,13
75,75132,"Tanna, Stadt",13,16,,3035,2104,69.3,49,2055,6092,5,1,-,-,-,1,9
75,75133,"Wurzbach, Stadt",8,16,,2626,1499,57.1,65,1434,4242,-,1,-,-,-,-,15
75,75134,Remptendorf,12,16,,2958,1955,66.1,62,1893,5628,9,-,-,-,-,-,7
75,75135,"Saalburg-Ebersdorf, Stadt",11,16,,2934,1873,63.8,48,1825,5452,9,-,-,-,-,3,4
75,75136,Rosenthal am Rennsteig,8,16,,3532,2470,69.9,57,2413,7184,-,2,-,-,-,-,14
76,76003,"Bad Köstritz, Stadt",6,16,,3052,1839,60.3,43,1796,5354,7,3,-,-,-,-,6
76,76004,"Berga/Elster, Stadt",7,16,,2846,1874,65.8,32,1842,5310,5,2,-,3,-,-,6
76,76006,Bethenhausen,1,6,x,185,146,78.9,3,143,658,-,-,-,-,-,-,6
76,76007,Bocka,1,6,,391,285,72.9,22,263,778,-,-,-,-,-,-,6
76,76008,Brahmenau,1,8,,820,619,75.5,16,603,1799,-,-,-,-,-,-,8
76,76009,Braunichswalde,2,8,x,508,405,79.7,22,383,2475,8,-,-,-,-,-,-
76,76012,Caaschwitz,1,8,x,533,329,61.7,43,286,1516,-,-,-,-,-,-,8
76,76014,Crimla,1,6,,214,175,81.8,13,162,472,-,-,-,-,-,-,6
76,76017,Endschütz,1,6,,274,199,72.6,6,193,577,-,-,-,-,-,-,6
76,76019,Gauern,1,6,x,101,82,81.2,2,80,361,-,-,-,-,-,-,6
76,76022,"Greiz, Stadt",28,30,,17622,10142,57.6,205,9937,29393,12,4,4,4,-,1,5
76,76023,Großenstein,1,12,x,1040,642,61.7,14,628,4240,-,-,-,-,-,-,12
76,76026,Hartmannsdorf (GRZ),1,6,x,299,216,72.2,5,211,1056,-,-,-,-,-,-,6
76,76027,Hilbersdorf,1,6,x,176,135,76.7,8,127,683,-,-,-,-,-,-,6
76,76028,Hirschfeld,1,6,x,98,72,73.5,4,68,369,-,-,-,-,-,-,6
76,76029,"Hohenleuben, Stadt",1,12,,1237,693,56,47,646,1917,-,-,-,-,-,-,12
76,76033,Hundhaupten,1,6,x,272,203,74.6,3,200,919,-,-,-,-,-,-,6
76,76034,Kauern,1,6,x,340,252,74.1,16,236,1064,-,-,-,-,-,-,6
76,76036,Korbußen,1,6,,370,305,82.4,2,303,909,-,-,-,-,-,-,6
76,76038,Kühdorf,1,6,x,57,52,91.2,3,49,238,-,-,-,-,-,-,6
76,76039,Langenwetzendorf,10,16,,3629,2437,67.2,59,2378,6992,5,1,-,-,-,-,10
76,76041,Langenwolschendorf,1,8,,727,514,70.7,35,479,1429,5,-,-,-,-,-,3
76,76042,Lederhose,1,6,x,235,164,69.8,5,159,740,-,-,-,-,-,-,6
76,76043,Linda b. Weida,1,6,x,355,281,79.2,-,281,1155,-,-,-,-,-,-,6
76,76044,Lindenkreuz,1,6,,376,254,67.6,34,220,648,-,-,-,-,-,-,6
76,76049,"Münchenbernsdorf, Stadt",3,14,,2513,1652,65.7,91,1561,4634,4,1,-,-,-,-,9
76,76052,Neumühle/Elster,1,6,,371,265,71.4,4,261,745,-,-,-,-,-,-,6
76,76055,Paitzdorf,1,6,,323,248,76.8,12,236,708,-,-,-,-,-,-,6
76,76058,Pölzig,1,12,,996,633,63.6,29,604,1779,-,-,-,-,-,-,12
76,76059,Reichstädt,1,6,,289,221,76.5,26,195,580,-,-,-,-,-,-,6
76,76061,"Ronneburg, Stadt",5,20,,4313,2463,57.1,98,2365,6943,12,3,-,-,-,5,-
76,76062,Rückersdorf,3,8,,626,498,79.6,8,490,1455,-,-,-,-,-,-,8
76,76064,Saara,3,8,,521,422,81,3,419,1250,2,-,-,-,-,-,6
76,76067,Schwaara,1,6,x,115,91,79.1,1,90,475,-,-,-,-,-,-,6
76,76068,Schwarzbach,1,6,x,186,136,73.1,5,131,754,-,-,-,-,-,-,6
76,76069,Seelingstädt,5,12,,1032,695,67.3,26,669,2000,3,-,-,-,-,-,9
76,76074,Teichwitz,1,6,x,82,66,80.5,1,65,353,-,-,-,-,-,-,6
76,76079,"Weida, Stadt",10,20,,7348,4380,59.6,157,4223,12550,5,2,1,-,1,-,11
76,76081,Weißendorf,1,6,x,253,187,73.9,2,185,938,-,-,-,-,-,-,6
76,76084,Wünschendorf/Elster,5,14,,2414,1572,65.1,61,1511,4482,-,-,-,-,-,-,14
76,76086,Zedlitz,1,8,x,584,431,73.8,21,410,2943,-,-,-,-,-,-,8
76,76087,"Zeulenroda-Triebes, Stadt",34,24,,14243,8706,61.1,192,8514,25334,5,3,1,4,-,1,10
76,76088,Harth-Pöllnitz,7,14,,2482,1642,66.2,105,1537,4554,4,-,-,-,-,1,9
76,76089,Kraftsdorf,8,16,,3237,2309,71.3,76,2233,6643,3,-,-,2,-,-,11
76,76092,"Auma-Weidatal, Stadt",9,16,,3081,1940,63,107,1833,5425,7,1,-,-,-,-,8
76,76093,Mohlsdorf-Teichwolframsdorf,11,16,,4128,2811,68.1,74,2737,8135,8,1,1,-,-,-,6
77,77001,"Altenburg, Stadt",24,36,,27296,13284,48.7,566,12718,37822,11,5,4,-,1,1,14
77,77003,Dobitschen,1,6,x,401,266,66.3,15,251,938,-,-,-,-,-,-,6
77,77005,Fockendorf,1,8,,703,508,72.3,13,495,1465,-,-,-,-,-,-,8
77,77007,Gerstenberg,1,8,,432,300,69.4,13,287,849,-,-,-,-,-,-,8
77,77008,Göhren,1,6,x,358,243,67.9,13,230,1052,-,-,-,-,-,-,6
77,77009,Göllnitz,1,6,x,282,191,67.7,11,180,831,-,-,-,-,-,-,6
77,77011,Göpfersdorf,1,6,,191,139,72.8,-,139,417,-,-,-,-,-,-,6
77,77012,"Gößnitz, Stadt",4,16,,2922,1639,56.1,54,1585,4711,2,1,2,-,-,-,11
77,77015,Haselbach,1,8,,674,363,53.9,10,353,1046,3,-,-,-,-,-,5
77,77016,Heukewalde,1,6,,164,145,88.4,2,143,426,2,-,-,-,-,-,4
77,77017,Heyersdorf,1,6,x,108,80,74.1,1,79,406,-,-,-,-,-,-,6
77,77018,Jonaswalde,1,6,,249,194,77.9,5,189,561,-,-,-,-,-,-,6
77,77022,Kriebitzsch,3,8,,865,527,60.9,62,465,1366,-,4,-,-,-,-,4
77,77023,Langenleuba-Niederhain,2,12,,1517,1025,67.6,43,982,2899,-,1,-,-,-,-,11
77,77026,Löbichau,1,8,x,843,570,67.6,18,552,3613,-,-,-,-,-,-,8
77,77027,Lödla,1,8,,610,429,70.3,43,386,1138,-,-,3,-,-,-,5
77,77028,"Lucka, Stadt",6,16,,3284,1882,57.3,90,1792,5279,2,1,1,-,-,-,12
77,77031,Mehna,1,6,,239,190,79.5,12,178,532,-,-,-,-,-,-,6
77,77032,"Meuselwitz, Stadt",14,24,,8892,4594,51.7,125,4469,13238,3,3,2,6,-,-,10
77,77034,Monstab,1,6,x,347,256,73.8,22,234,805,-,-,-,-,-,-,6
77,77036,Nobitz,12,24,,6230,3775,60.6,130,3645,10836,5,2,7,-,-,-,10
77,77039,Ponitz,1,12,,1312,888,67.7,17,871,2597,9,1,-,-,-,-,2
77,77041,Posterstein,1,6,,361,274,75.9,9,265,795,-,-,1,-,-,-,5
77,77042,Rositz,4,14,,2466,1343,54.5,51,1292,3808,4,2,2,-,-,-,6
77,77043,"Schmölln, Stadt",16,30,,11838,7133,60.3,223,6910,20550,6,5,5,-,-,1,13
77,77044,Starkenberg,4,12,,1641,1088,66.3,54,1034,2890,-,-,-,-,-,-,12
77,77047,Thonhausen,1,8,,453,345,76.2,11,334,993,-,-,-,-,-,-,8
77,77048,Treben,1,12,x,1051,585,55.7,27,558,3831,12,-,-,-,-,-,-
77,77049,Vollmershain,1,6,,259,193,74.5,5,188,561,1,-,-,-,-,-,5
77,77052,Windischleuba,1,12,,1681,1026,61,13,1013,2998,7,-,-,1,-,-,4
